投票日,告示日,選挙名,都道府県,detail_url,定数,候補者数,執行理由,有権者数,投票率,前回投票率,得票数,氏名,年齢,性別,党派,新旧,主な肩書き,elected
2022-03-27,2022-03-20,市川市議会議員補欠選挙,千葉県,https://seijiyama.jp/area/card/3624/k5jza8/M?S=lcqdt0lcsan0k,1,6,死去,"400,508",38.72%,33.23%,40067,佐藤 ゆきの,37,女,無所属,新,個人事業主,True
2022-03-27,2022-03-20,市川市議会議員補欠選挙,千葉県,https://seijiyama.jp/area/card/3624/k5jza8/M?S=lcqdt0lcsan0k,1,6,死去,"400,508",38.72%,33.23%,34611,石崎 英幸,52,男,無所属,元,無職,False
2022-03-27,2022-03-20,市川市議会議員補欠選挙,千葉県,https://seijiyama.jp/area/card/3624/k5jza8/M?S=lcqdt0lcsan0k,1,6,死去,"400,508",38.72%,33.23%,22854,加藤 圭一,37,男,無所属,新,会社員,False
2022-03-27,2022-03-20,市川市議会議員補欠選挙,千葉県,https://seijiyama.jp/area/card/3624/k5jza8/M?S=lcqdt0lcsan0k,1,6,死去,"400,508",38.72%,33.23%,19781,泉 聖二,53,男,共産,新,政党職員,False
2022-03-27,2022-03-20,市川市議会議員補欠選挙,千葉県,https://seijiyama.jp/area/card/3624/k5jza8/M?S=lcqdt0lcsan0k,1,6,死去,"400,508",38.72%,33.23%,11063,押切 裕雄,52,男,無所属,新,会社役員,False
2022-03-27,2022-03-20,市川市議会議員補欠選挙,千葉県,https://seijiyama.jp/area/card/3624/k5jza8/M?S=lcqdt0lcsan0k,1,6,死去,"400,508",38.72%,33.23%,4176,吉住 威典,79,男,無所属,新,無職,False
2022-03-27,2022-03-22,和水町議会議員選挙,熊本県,https://seijiyama.jp/area/card/3624/cknCg1/M?S=lcqdt0lcleq0k,12,13,任期満了,"8,223",79.18%,79.86%,757,木原 泰代,64,女,無所属,新,菊池郡市医師会立病院 検診係 保健師,True
2022-03-27,2022-03-22,和水町議会議員選挙,熊本県,https://seijiyama.jp/area/card/3624/cknCg1/M?S=lcqdt0lcleq0k,12,13,任期満了,"8,223",79.18%,79.86%,570,斉木 幸男,56,男,無所属,現,自営業,True
2022-03-27,2022-03-22,和水町議会議員選挙,熊本県,https://seijiyama.jp/area/card/3624/cknCg1/M?S=lcqdt0lcleq0k,12,13,任期満了,"8,223",79.18%,79.86%,559,坂本 敏彦,60,男,無所属,現,農業,True
2022-03-27,2022-03-22,和水町議会議員選挙,熊本県,https://seijiyama.jp/area/card/3624/cknCg1/M?S=lcqdt0lcleq0k,12,13,任期満了,"8,223",79.18%,79.86%,558,亀崎 清貴,39,男,無所属,新,農業,True
2022-03-27,2022-03-22,和水町議会議員選挙,熊本県,https://seijiyama.jp/area/card/3624/cknCg1/M?S=lcqdt0lcleq0k,12,13,任期満了,"8,223",79.18%,79.86%,489,秋丸 要一,72,男,無所属,現,会社役員,True
2022-03-27,2022-03-22,和水町議会議員選挙,熊本県,https://seijiyama.jp/area/card/3624/cknCg1/M?S=lcqdt0lcleq0k,12,13,任期満了,"8,223",79.18%,79.86%,487,千々岩 繁,61,男,無所属,新,熊本県スポーツ振興事業団嘱託職員,True
2022-03-27,2022-03-22,和水町議会議員選挙,熊本県,https://seijiyama.jp/area/card/3624/cknCg1/M?S=lcqdt0lcleq0k,12,13,任期満了,"8,223",79.18%,79.86%,486,荒木 宏太,37,男,無所属,現,自営業,True
2022-03-27,2022-03-22,和水町議会議員選挙,熊本県,https://seijiyama.jp/area/card/3624/cknCg1/M?S=lcqdt0lcleq0k,12,13,任期満了,"8,223",79.18%,79.86%,466,竹下 周三,60,男,無所属,現,会社役員,True
2022-03-27,2022-03-22,和水町議会議員選挙,熊本県,https://seijiyama.jp/area/card/3624/cknCg1/M?S=lcqdt0lcleq0k,12,13,任期満了,"8,223",79.18%,79.86%,465,蒲池 恭一,55,男,無所属,現,農業,True
2022-03-27,2022-03-22,和水町議会議員選挙,熊本県,https://seijiyama.jp/area/card/3624/cknCg1/M?S=lcqdt0lcleq0k,12,13,任期満了,"8,223",79.18%,79.86%,415,高木 洋一郎,64,男,無所属,現,農業,True
2022-03-27,2022-03-22,和水町議会議員選挙,熊本県,https://seijiyama.jp/area/card/3624/cknCg1/M?S=lcqdt0lcleq0k,12,13,任期満了,"8,223",79.18%,79.86%,411,笹渕 賢吾,67,男,共産,元,農業,True
2022-03-27,2022-03-22,和水町議会議員選挙,熊本県,https://seijiyama.jp/area/card/3624/cknCg1/M?S=lcqdt0lcleq0k,12,13,任期満了,"8,223",79.18%,79.86%,391,白木 淳,46,男,無所属,現,白木鈑金塗装社長,True
2022-03-27,2022-03-22,和水町議会議員選挙,熊本県,https://seijiyama.jp/area/card/3624/cknCg1/M?S=lcqdt0lcleq0k,12,13,任期満了,"8,223",79.18%,79.86%,378,池田 龍之介,70,男,無所属,現,無職,False
2022-03-27,2022-03-20,上田市議会議員選挙,長野県,https://seijiyama.jp/area/card/3624/aiWTBA/M?S=lcqdt0lclbr0k,30,31,任期満了,"127,348",52.74%,58.13%,4810,武田 紗知,33,女,無所属,新,自営業,True
2022-03-27,2022-03-20,上田市議会議員選挙,長野県,https://seijiyama.jp/area/card/3624/aiWTBA/M?S=lcqdt0lclbr0k,30,31,任期満了,"127,348",52.74%,58.13%,3288.084,飯島 伴典,44,男,無所属,現,薬剤師,True
2022-03-27,2022-03-20,上田市議会議員選挙,長野県,https://seijiyama.jp/area/card/3624/aiWTBA/M?S=lcqdt0lclbr0k,30,31,任期満了,"127,348",52.74%,58.13%,2757,村越 深典,48,男,無所属,新,長福寺住職,True
2022-03-27,2022-03-20,上田市議会議員選挙,長野県,https://seijiyama.jp/area/card/3624/aiWTBA/M?S=lcqdt0lclbr0k,30,31,任期満了,"127,348",52.74%,58.13%,2703,佐藤 論征,51,男,無所属,現,会社役員,True
2022-03-27,2022-03-20,上田市議会議員選挙,長野県,https://seijiyama.jp/area/card/3624/aiWTBA/M?S=lcqdt0lclbr0k,30,31,任期満了,"127,348",52.74%,58.13%,2690,西沢 逸郎,63,男,無所属,現,市議会議員,True
2022-03-27,2022-03-20,上田市議会議員選挙,長野県,https://seijiyama.jp/area/card/3624/aiWTBA/M?S=lcqdt0lclbr0k,30,31,任期満了,"127,348",52.74%,58.13%,2605,宮下 省二,72,男,無所属,現,農業,True
2022-03-27,2022-03-20,上田市議会議員選挙,長野県,https://seijiyama.jp/area/card/3624/aiWTBA/M?S=lcqdt0lclbr0k,30,31,任期満了,"127,348",52.74%,58.13%,2488,池上 喜美子,64,女,公明,現,無職,True
2022-03-27,2022-03-20,上田市議会議員選挙,長野県,https://seijiyama.jp/area/card/3624/aiWTBA/M?S=lcqdt0lclbr0k,30,31,任期満了,"127,348",52.74%,58.13%,2403,半田 大介,57,男,公明,現,市議会議員,True
2022-03-27,2022-03-20,上田市議会議員選挙,長野県,https://seijiyama.jp/area/card/3624/aiWTBA/M?S=lcqdt0lclbr0k,30,31,任期満了,"127,348",52.74%,58.13%,2393,金沢 広美,66,男,公明,現,市議会議員,True
2022-03-27,2022-03-20,上田市議会議員選挙,長野県,https://seijiyama.jp/area/card/3624/aiWTBA/M?S=lcqdt0lclbr0k,30,31,任期満了,"127,348",52.74%,58.13%,2354,石合 祐太,33,男,無所属,現,市議会議員,True
2022-03-27,2022-03-20,上田市議会議員選挙,長野県,https://seijiyama.jp/area/card/3624/aiWTBA/M?S=lcqdt0lclbr0k,30,31,任期満了,"127,348",52.74%,58.13%,2323,土屋 勝浩,56,男,無所属,現,行政書士,True
2022-03-27,2022-03-20,上田市議会議員選挙,長野県,https://seijiyama.jp/area/card/3624/aiWTBA/M?S=lcqdt0lclbr0k,30,31,任期満了,"127,348",52.74%,58.13%,2298,松尾 卓,58,男,公明,現,市議会議員,True
2022-03-27,2022-03-20,上田市議会議員選挙,長野県,https://seijiyama.jp/area/card/3624/aiWTBA/M?S=lcqdt0lclbr0k,30,31,任期満了,"127,348",52.74%,58.13%,2229.595,斉藤 加代美,56,女,無所属,現,市議会議員,True
2022-03-27,2022-03-20,上田市議会議員選挙,長野県,https://seijiyama.jp/area/card/3624/aiWTBA/M?S=lcqdt0lclbr0k,30,31,任期満了,"127,348",52.74%,58.13%,2173.404,斉藤 達也,46,男,無所属,現,市議会議員,True
2022-03-27,2022-03-20,上田市議会議員選挙,長野県,https://seijiyama.jp/area/card/3624/aiWTBA/M?S=lcqdt0lclbr0k,30,31,任期満了,"127,348",52.74%,58.13%,2157,池田 総一郎,60,男,無所属,現,自営業,True
2022-03-27,2022-03-20,上田市議会議員選挙,長野県,https://seijiyama.jp/area/card/3624/aiWTBA/M?S=lcqdt0lclbr0k,30,31,任期満了,"127,348",52.74%,58.13%,2095,古市 順子,69,女,共産,現,農業,True
2022-03-27,2022-03-20,上田市議会議員選挙,長野県,https://seijiyama.jp/area/card/3624/aiWTBA/M?S=lcqdt0lclbr0k,30,31,任期満了,"127,348",52.74%,58.13%,2014,中村 知義,42,男,無所属,新,会社員,True
2022-03-27,2022-03-20,上田市議会議員選挙,長野県,https://seijiyama.jp/area/card/3624/aiWTBA/M?S=lcqdt0lclbr0k,30,31,任期満了,"127,348",52.74%,58.13%,1968,久保田 由夫,66,男,共産,現,市議会議員,True
2022-03-27,2022-03-20,上田市議会議員選挙,長野県,https://seijiyama.jp/area/card/3624/aiWTBA/M?S=lcqdt0lclbr0k,30,31,任期満了,"127,348",52.74%,58.13%,1917,井沢 毅,60,男,無所属,現,会社役員,True
2022-03-27,2022-03-20,上田市議会議員選挙,長野県,https://seijiyama.jp/area/card/3624/aiWTBA/M?S=lcqdt0lclbr0k,30,31,任期満了,"127,348",52.74%,58.13%,1872,泉 弥生,46,女,共産,新,政党職員,True
2022-03-27,2022-03-20,上田市議会議員選挙,長野県,https://seijiyama.jp/area/card/3624/aiWTBA/M?S=lcqdt0lclbr0k,30,31,任期満了,"127,348",52.74%,58.13%,1812,松山 賢太郎,56,男,無所属,現,会社役員,True
2022-03-27,2022-03-20,上田市議会議員選挙,長野県,https://seijiyama.jp/area/card/3624/aiWTBA/M?S=lcqdt0lclbr0k,30,31,任期満了,"127,348",52.74%,58.13%,1788,矢島 昭徳,57,男,無所属,新,保険代理店業,True
2022-03-27,2022-03-20,上田市議会議員選挙,長野県,https://seijiyama.jp/area/card/3624/aiWTBA/M?S=lcqdt0lclbr0k,30,31,任期満了,"127,348",52.74%,58.13%,1693,林 和明,35,男,無所属,現,市議会議員,True
2022-03-27,2022-03-20,上田市議会議員選挙,長野県,https://seijiyama.jp/area/card/3624/aiWTBA/M?S=lcqdt0lclbr0k,30,31,任期満了,"127,348",52.74%,58.13%,1541.915,飯島 裕貴,33,男,維新,新,会社員,True
2022-03-27,2022-03-20,上田市議会議員選挙,長野県,https://seijiyama.jp/area/card/3624/aiWTBA/M?S=lcqdt0lclbr0k,30,31,任期満了,"127,348",52.74%,58.13%,1537,堀内 仁志,59,男,無所属,新,農業,True
2022-03-27,2022-03-20,上田市議会議員選挙,長野県,https://seijiyama.jp/area/card/3624/aiWTBA/M?S=lcqdt0lclbr0k,30,31,任期満了,"127,348",52.74%,58.13%,1501,高田 忍,69,男,無所属,新,自営業,True
2022-03-27,2022-03-20,上田市議会議員選挙,長野県,https://seijiyama.jp/area/card/3624/aiWTBA/M?S=lcqdt0lclbr0k,30,31,任期満了,"127,348",52.74%,58.13%,1498,原 栄一,75,男,無所属,現,自営業,True
2022-03-27,2022-03-20,上田市議会議員選挙,長野県,https://seijiyama.jp/area/card/3624/aiWTBA/M?S=lcqdt0lclbr0k,30,31,任期満了,"127,348",52.74%,58.13%,1492,尾島 勝,66,男,無所属,現,市議会議員,True
2022-03-27,2022-03-20,上田市議会議員選挙,長野県,https://seijiyama.jp/area/card/3624/aiWTBA/M?S=lcqdt0lclbr0k,30,31,任期満了,"127,348",52.74%,58.13%,1233,石井 史郎,59,男,共産,新,NPO法人理事,True
2022-03-27,2022-03-20,上田市議会議員選挙,長野県,https://seijiyama.jp/area/card/3624/aiWTBA/M?S=lcqdt0lclbr0k,30,31,任期満了,"127,348",52.74%,58.13%,1065,金井 清一,64,男,無所属,現,自営業,True
2022-03-27,2022-03-20,上田市議会議員選挙,長野県,https://seijiyama.jp/area/card/3624/aiWTBA/M?S=lcqdt0lclbr0k,30,31,任期満了,"127,348",52.74%,58.13%,680,加藤 孝一,54,男,無所属,新,会社役員,False
2022-03-27,2022-03-20,北見市議会議員選挙,北海道,https://seijiyama.jp/area/card/3624/ChXCBb/M?S=lcqdt0lclbm0k,26,31,任期満了,"98,166",48.86%,50.62%,5273,森谷 隆文,46,男,無所属,現,北見市議会議員,True
2022-03-27,2022-03-20,北見市議会議員選挙,北海道,https://seijiyama.jp/area/card/3624/ChXCBb/M?S=lcqdt0lclbm0k,26,31,任期満了,"98,166",48.86%,50.62%,2522,林 裕,54,男,無所属,新,有限会社ウィル代表取締役,True
2022-03-27,2022-03-20,北見市議会議員選挙,北海道,https://seijiyama.jp/area/card/3624/ChXCBb/M?S=lcqdt0lclbm0k,26,31,任期満了,"98,166",48.86%,50.62%,2306,長南 幸子,64,女,立憲,現,市議会議員,True
2022-03-27,2022-03-20,北見市議会議員選挙,北海道,https://seijiyama.jp/area/card/3624/ChXCBb/M?S=lcqdt0lclbm0k,26,31,任期満了,"98,166",48.86%,50.62%,2215,合田 悦子,68,女,公明,現,北見市議会議員,True
2022-03-27,2022-03-20,北見市議会議員選挙,北海道,https://seijiyama.jp/area/card/3624/ChXCBb/M?S=lcqdt0lclbm0k,26,31,任期満了,"98,166",48.86%,50.62%,2064,木村 則夫,66,男,自民,現,北見市議会議員,True
2022-03-27,2022-03-20,北見市議会議員選挙,北海道,https://seijiyama.jp/area/card/3624/ChXCBb/M?S=lcqdt0lclbm0k,26,31,任期満了,"98,166",48.86%,50.62%,2051,高田 有修,60,男,無所属,新,僧侶（寺院代表役員）,True
2022-03-27,2022-03-20,北見市議会議員選挙,北海道,https://seijiyama.jp/area/card/3624/ChXCBb/M?S=lcqdt0lclbm0k,26,31,任期満了,"98,166",48.86%,50.62%,1896.229,高橋 克博,65,男,自民,現,団体職員,True
2022-03-27,2022-03-20,北見市議会議員選挙,北海道,https://seijiyama.jp/area/card/3624/ChXCBb/M?S=lcqdt0lclbm0k,26,31,任期満了,"98,166",48.86%,50.62%,1705,斎藤 昭利,62,男,公明,現,北見市議会議員,True
2022-03-27,2022-03-20,北見市議会議員選挙,北海道,https://seijiyama.jp/area/card/3624/ChXCBb/M?S=lcqdt0lclbm0k,26,31,任期満了,"98,166",48.86%,50.62%,1671,中崎 孝俊,67,男,無所属,現,（株）カワムラ常務,True
2022-03-27,2022-03-20,北見市議会議員選挙,北海道,https://seijiyama.jp/area/card/3624/ChXCBb/M?S=lcqdt0lclbm0k,26,31,任期満了,"98,166",48.86%,50.62%,1669,川島 章則,68,男,無所属,現,市議会議員,True
2022-03-27,2022-03-20,北見市議会議員選挙,北海道,https://seijiyama.jp/area/card/3624/ChXCBb/M?S=lcqdt0lclbm0k,26,31,任期満了,"98,166",48.86%,50.62%,1619.037,高橋 善治,65,男,無所属,現,北見市議会議員,True
2022-03-27,2022-03-20,北見市議会議員選挙,北海道,https://seijiyama.jp/area/card/3624/ChXCBb/M?S=lcqdt0lclbm0k,26,31,任期満了,"98,166",48.86%,50.62%,1598,安藤 憲彦,69,男,自民,現,農業,True
2022-03-27,2022-03-20,北見市議会議員選挙,北海道,https://seijiyama.jp/area/card/3624/ChXCBb/M?S=lcqdt0lclbm0k,26,31,任期満了,"98,166",48.86%,50.62%,1573,菊池 豪一,67,男,共産,現,政党役員,True
2022-03-27,2022-03-20,北見市議会議員選挙,北海道,https://seijiyama.jp/area/card/3624/ChXCBb/M?S=lcqdt0lclbm0k,26,31,任期満了,"98,166",48.86%,50.62%,1536,三浦 亨,52,男,無所属,新,団体職員,True
2022-03-27,2022-03-20,北見市議会議員選挙,北海道,https://seijiyama.jp/area/card/3624/ChXCBb/M?S=lcqdt0lclbm0k,26,31,任期満了,"98,166",48.86%,50.62%,1515,加城 博志,56,男,無所属,現,北見市議会議員,True
2022-03-27,2022-03-20,北見市議会議員選挙,北海道,https://seijiyama.jp/area/card/3624/ChXCBb/M?S=lcqdt0lclbm0k,26,31,任期満了,"98,166",48.86%,50.62%,1472,桜井 由美子,65,女,共産,現,政党役員,True
2022-03-27,2022-03-20,北見市議会議員選挙,北海道,https://seijiyama.jp/area/card/3624/ChXCBb/M?S=lcqdt0lclbm0k,26,31,任期満了,"98,166",48.86%,50.62%,1349,田村 淑江,61,女,自民,現,会社役員,True
2022-03-27,2022-03-20,北見市議会議員選挙,北海道,https://seijiyama.jp/area/card/3624/ChXCBb/M?S=lcqdt0lclbm0k,26,31,任期満了,"98,166",48.86%,50.62%,1338,飯田 修司,62,男,無所属,現,会社員,True
2022-03-27,2022-03-20,北見市議会議員選挙,北海道,https://seijiyama.jp/area/card/3624/ChXCBb/M?S=lcqdt0lclbm0k,26,31,任期満了,"98,166",48.86%,50.62%,1199.732,高橋 宜嗣,54,男,無所属,新,（有）サンロード代表取締役,True
2022-03-27,2022-03-20,北見市議会議員選挙,北海道,https://seijiyama.jp/area/card/3624/ChXCBb/M?S=lcqdt0lclbm0k,26,31,任期満了,"98,166",48.86%,50.62%,1194,小野 卓也,50,男,立憲,現,北見市議会議員,True
2022-03-27,2022-03-20,北見市議会議員選挙,北海道,https://seijiyama.jp/area/card/3624/ChXCBb/M?S=lcqdt0lclbm0k,26,31,任期満了,"98,166",48.86%,50.62%,1127,久保田 貴行,62,男,立憲,新,無職,True
2022-03-27,2022-03-20,北見市議会議員選挙,北海道,https://seijiyama.jp/area/card/3624/ChXCBb/M?S=lcqdt0lclbm0k,26,31,任期満了,"98,166",48.86%,50.62%,1115,吉田 哲,50,男,無所属,新,（有）北新冷機工業代表取締役,True
2022-03-27,2022-03-20,北見市議会議員選挙,北海道,https://seijiyama.jp/area/card/3624/ChXCBb/M?S=lcqdt0lclbm0k,26,31,任期満了,"98,166",48.86%,50.62%,1084,浦西 孝浩,66,男,無所属,現,新聞販売業,True
2022-03-27,2022-03-20,北見市議会議員選挙,北海道,https://seijiyama.jp/area/card/3624/ChXCBb/M?S=lcqdt0lclbm0k,26,31,任期満了,"98,166",48.86%,50.62%,1014,西垣内 義章,75,男,無所属,現,有限会社北見引越梱包センター代表取締役,True
2022-03-27,2022-03-20,北見市議会議員選挙,北海道,https://seijiyama.jp/area/card/3624/ChXCBb/M?S=lcqdt0lclbm0k,26,31,任期満了,"98,166",48.86%,50.62%,1004,松谷 隆一,66,男,無所属,現,会社役員,True
2022-03-27,2022-03-20,北見市議会議員選挙,北海道,https://seijiyama.jp/area/card/3624/ChXCBb/M?S=lcqdt0lclbm0k,26,31,任期満了,"98,166",48.86%,50.62%,980,鈴木 建夫,68,男,無所属,現,北見市議会議員,True
2022-03-27,2022-03-20,北見市議会議員選挙,北海道,https://seijiyama.jp/area/card/3624/ChXCBb/M?S=lcqdt0lclbm0k,26,31,任期満了,"98,166",48.86%,50.62%,966,宮末 政則,70,男,自民,現,市議会議員,False
2022-03-27,2022-03-20,北見市議会議員選挙,北海道,https://seijiyama.jp/area/card/3624/ChXCBb/M?S=lcqdt0lclbm0k,26,31,任期満了,"98,166",48.86%,50.62%,917,宮沢 祐一郎,75,男,自民,現,会社役員,False
2022-03-27,2022-03-20,北見市議会議員選挙,北海道,https://seijiyama.jp/area/card/3624/ChXCBb/M?S=lcqdt0lclbm0k,26,31,任期満了,"98,166",48.86%,50.62%,809,平塚 拓哉,37,男,無所属,新,自営業 爽活サービス代表,False
2022-03-27,2022-03-20,北見市議会議員選挙,北海道,https://seijiyama.jp/area/card/3624/ChXCBb/M?S=lcqdt0lclbm0k,26,31,任期満了,"98,166",48.86%,50.62%,407,渕上 仁志,57,男,無所属,新,個人事業主,False
2022-03-27,2022-03-20,北見市議会議員選挙,北海道,https://seijiyama.jp/area/card/3624/ChXCBb/M?S=lcqdt0lclbm0k,26,31,任期満了,"98,166",48.86%,50.62%,221,阿部 信一,74,男,無所属,新,農業,False
2022-03-27,2022-03-22,西米良村長選挙,宮崎県,https://seijiyama.jp/area/card/3624/5iHLBB/M?S=lcqdt0lclaq0k,1,2,任期満了,909,92.52%,,490,黒木 竜二,52,男,無所属,新,無職、元村議,True
2022-03-27,2022-03-22,西米良村長選挙,宮崎県,https://seijiyama.jp/area/card/3624/5iHLBB/M?S=lcqdt0lclaq0k,1,2,任期満了,909,92.52%,,345,浜砂 亨,51,男,無所属,新,無職、元村職員,False
2022-03-27,2022-03-22,芦北町議会議員選挙,熊本県,https://seijiyama.jp/area/card/3624/iia56e/M?S=lcqdt0lbsjq0k,14,15,任期満了,"14,026",71.17%,76.17%,1027,林田 燿宏,70,男,無所属,現,自営業,True
2022-03-27,2022-03-22,芦北町議会議員選挙,熊本県,https://seijiyama.jp/area/card/3624/iia56e/M?S=lcqdt0lbsjq0k,14,15,任期満了,"14,026",71.17%,76.17%,891.052,寺本 順一,75,男,無所属,現,町議会議員,True
2022-03-27,2022-03-22,芦北町議会議員選挙,熊本県,https://seijiyama.jp/area/card/3624/iia56e/M?S=lcqdt0lbsjq0k,14,15,任期満了,"14,026",71.17%,76.17%,853,宮内 道則,74,男,無所属,現,無職,True
2022-03-27,2022-03-22,芦北町議会議員選挙,熊本県,https://seijiyama.jp/area/card/3624/iia56e/M?S=lcqdt0lbsjq0k,14,15,任期満了,"14,026",71.17%,76.17%,812,草野 安道,73,男,無所属,現,農業,True
2022-03-27,2022-03-22,芦北町議会議員選挙,熊本県,https://seijiyama.jp/area/card/3624/iia56e/M?S=lcqdt0lbsjq0k,14,15,任期満了,"14,026",71.17%,76.17%,740,長口 隆,68,男,無所属,現,農業,True
2022-03-27,2022-03-22,芦北町議会議員選挙,熊本県,https://seijiyama.jp/area/card/3624/iia56e/M?S=lcqdt0lbsjq0k,14,15,任期満了,"14,026",71.17%,76.17%,736,楠原 清照,65,男,無所属,現,会社員,True
2022-03-27,2022-03-22,芦北町議会議員選挙,熊本県,https://seijiyama.jp/area/card/3624/iia56e/M?S=lcqdt0lbsjq0k,14,15,任期満了,"14,026",71.17%,76.17%,663,宮尾 秀行,64,男,無所属,現,農業,True
2022-03-27,2022-03-22,芦北町議会議員選挙,熊本県,https://seijiyama.jp/area/card/3624/iia56e/M?S=lcqdt0lbsjq0k,14,15,任期満了,"14,026",71.17%,76.17%,639,岡部 恵美子,89,女,無所属,現,無職,True
2022-03-27,2022-03-22,芦北町議会議員選挙,熊本県,https://seijiyama.jp/area/card/3624/iia56e/M?S=lcqdt0lbsjq0k,14,15,任期満了,"14,026",71.17%,76.17%,623,元山 秀志,55,男,無所属,現,株式会社情報通信網設計 営業企画部長,True
2022-03-27,2022-03-22,芦北町議会議員選挙,熊本県,https://seijiyama.jp/area/card/3624/iia56e/M?S=lcqdt0lbsjq0k,14,15,任期満了,"14,026",71.17%,76.17%,618,百田 翔吾,30,男,無所属,新,会社員,True
2022-03-27,2022-03-22,芦北町議会議員選挙,熊本県,https://seijiyama.jp/area/card/3624/iia56e/M?S=lcqdt0lbsjq0k,14,15,任期満了,"14,026",71.17%,76.17%,602,川尻 成美,67,男,無所属,現,株式会社川尻型枠工業代表取締役,True
2022-03-27,2022-03-22,芦北町議会議員選挙,熊本県,https://seijiyama.jp/area/card/3624/iia56e/M?S=lcqdt0lbsjq0k,14,15,任期満了,"14,026",71.17%,76.17%,486.947,寺本 修一,71,男,無所属,現,農業,True
2022-03-27,2022-03-22,芦北町議会議員選挙,熊本県,https://seijiyama.jp/area/card/3624/iia56e/M?S=lcqdt0lbsjq0k,14,15,任期満了,"14,026",71.17%,76.17%,459,坂本 登,62,男,共産,現,町議会議員,True
2022-03-27,2022-03-22,芦北町議会議員選挙,熊本県,https://seijiyama.jp/area/card/3624/iia56e/M?S=lcqdt0lbsjq0k,14,15,任期満了,"14,026",71.17%,76.17%,455,白坂 康浩,59,男,無所属,現,会社員,True
2022-03-27,2022-03-22,芦北町議会議員選挙,熊本県,https://seijiyama.jp/area/card/3624/iia56e/M?S=lcqdt0lbsjq0k,14,15,任期満了,"14,026",71.17%,76.17%,274,前田 茂,72,男,無所属,新,建築設計監理,False
2022-03-27,2022-03-20,倉吉市議会議員再選挙,鳥取県,https://seijiyama.jp/area/card/3624/C9dg3a/M?S=lcqdt0lcsen0k,1,2,一般選挙での当選人不足,"37,957",43.48%,,7878,福井 典子,67,女,無所属,新,うつぶき保育園園長,True
2022-03-27,2022-03-20,倉吉市議会議員再選挙,鳥取県,https://seijiyama.jp/area/card/3624/C9dg3a/M?S=lcqdt0lcsen0k,1,2,一般選挙での当選人不足,"37,957",43.48%,,7681,増田 孝二,62,男,無所属,新,農業,False
2022-03-27,2022-03-20,西宮市議会議員補欠選挙,兵庫県,https://seijiyama.jp/area/card/3624/96dlf8/M?S=lcqdt0lcsdk0k,2,6,死去、辞職,"392,625",41.26%,35.94%,33365,坂本 龍佑,29,男,自民,新,株式会社芦屋サンクスホーム役員,True
2022-03-27,2022-03-20,西宮市議会議員補欠選挙,兵庫県,https://seijiyama.jp/area/card/3624/96dlf8/M?S=lcqdt0lcsdk0k,2,6,死去、辞職,"392,625",41.26%,35.94%,32713,宮本 恵子,42,女,無所属（立憲推薦）,新,鍼灸師,True
2022-03-27,2022-03-20,西宮市議会議員補欠選挙,兵庫県,https://seijiyama.jp/area/card/3624/96dlf8/M?S=lcqdt0lcsdk0k,2,6,死去、辞職,"392,625",41.26%,35.94%,28627,浜口 仁士,49,男,維新,元,無職,False
2022-03-27,2022-03-20,西宮市議会議員補欠選挙,兵庫県,https://seijiyama.jp/area/card/3624/96dlf8/M?S=lcqdt0lcsdk0k,2,6,死去、辞職,"392,625",41.26%,35.94%,27166,森 健人,30,男,維新,新,株式会社リノメゾン代表取締役,False
2022-03-27,2022-03-20,西宮市議会議員補欠選挙,兵庫県,https://seijiyama.jp/area/card/3624/96dlf8/M?S=lcqdt0lcsdk0k,2,6,死去、辞職,"392,625",41.26%,35.94%,17311,庄本 建次,64,男,共産,元,日本共産党西宮芦屋地区委員会職員,False
2022-03-27,2022-03-20,西宮市議会議員補欠選挙,兵庫県,https://seijiyama.jp/area/card/3624/96dlf8/M?S=lcqdt0lcsdk0k,2,6,死去、辞職,"392,625",41.26%,35.94%,9891,服部 芽久美,27,女,市民生活を守る会,新,飲食店経営,False
2022-03-27,2022-03-18,広島県議会議員補欠選挙（府中市・神石郡選挙区）,広島県,https://seijiyama.jp/area/card/3624/a3wcdb/M?S=lcqdt0lcsco0k,1,2,辞職,"39,196",38.17%,,7616,山口 康治,60,男,無所属,新,会社役員、元府中市議,True
2022-03-27,2022-03-18,広島県議会議員補欠選挙（府中市・神石郡選挙区）,広島県,https://seijiyama.jp/area/card/3624/a3wcdb/M?S=lcqdt0lcsco0k,1,2,辞職,"39,196",38.17%,,6994,井上 達也,41,男,無所属,新,有限会社イノウエ専務取締役,False
2022-03-27,2022-03-20,西宮市長選挙,兵庫県,https://seijiyama.jp/area/card/3624/KaEGBA/M?S=lcqdt0lcnct0k,1,3,任期満了,"392,625",41.28%,37.52%,88572,石井 登志郎,50,男,無所属,現,西宮市長,True
2022-03-27,2022-03-20,西宮市長選挙,兵庫県,https://seijiyama.jp/area/card/3624/KaEGBA/M?S=lcqdt0lcnct0k,1,3,任期満了,"392,625",41.28%,37.52%,49158,増山 誠,43,男,維新,新,無職、元県議,False
2022-03-27,2022-03-20,西宮市長選挙,兵庫県,https://seijiyama.jp/area/card/3624/KaEGBA/M?S=lcqdt0lcnct0k,1,3,任期満了,"392,625",41.28%,37.52%,22096,吉岡 政和,47,男,無所属,新,一般財団法人キッズスマイル理事、元県議,False
2022-03-27,2022-03-20,天草市議会議員選挙,熊本県,https://seijiyama.jp/area/card/3624/7iwX5h/M?S=lcqdt0lcmbk0k,26,32,任期満了,"65,586",69.85%,71.4%,2111,松岡 ひさし,63,男,無所属,新,無職,True
2022-03-27,2022-03-20,天草市議会議員選挙,熊本県,https://seijiyama.jp/area/card/3624/7iwX5h/M?S=lcqdt0lcmbk0k,26,32,任期満了,"65,586",69.85%,71.4%,2054,五通 しゅんさく,63,男,公明,現,天草市議会議員,True
2022-03-27,2022-03-20,天草市議会議員選挙,熊本県,https://seijiyama.jp/area/card/3624/7iwX5h/M?S=lcqdt0lcmbk0k,26,32,任期満了,"65,586",69.85%,71.4%,2046,やなぎだ 光芳,40,男,公明,新,無職,True
2022-03-27,2022-03-20,天草市議会議員選挙,熊本県,https://seijiyama.jp/area/card/3624/7iwX5h/M?S=lcqdt0lcmbk0k,26,32,任期満了,"65,586",69.85%,71.4%,1927,五嶋 よしひこ,63,男,無所属,現,農業,True
2022-03-27,2022-03-20,天草市議会議員選挙,熊本県,https://seijiyama.jp/area/card/3624/7iwX5h/M?S=lcqdt0lcmbk0k,26,32,任期満了,"65,586",69.85%,71.4%,1914.301,竹本 とおる,52,男,無所属,新,社会福祉法人晃明会理事長,True
2022-03-27,2022-03-20,天草市議会議員選挙,熊本県,https://seijiyama.jp/area/card/3624/7iwX5h/M?S=lcqdt0lcmbk0k,26,32,任期満了,"65,586",69.85%,71.4%,1880,みのだ よう子,71,女,共産,新,無職,True
2022-03-27,2022-03-20,天草市議会議員選挙,熊本県,https://seijiyama.jp/area/card/3624/7iwX5h/M?S=lcqdt0lcmbk0k,26,32,任期満了,"65,586",69.85%,71.4%,1805,小川 けいぞう,62,男,無所属,現,農業,True
2022-03-27,2022-03-20,天草市議会議員選挙,熊本県,https://seijiyama.jp/area/card/3624/7iwX5h/M?S=lcqdt0lcmbk0k,26,32,任期満了,"65,586",69.85%,71.4%,1752,中尾 友二,55,男,無所属,現,有限会社大富社員,True
2022-03-27,2022-03-20,天草市議会議員選挙,熊本県,https://seijiyama.jp/area/card/3624/7iwX5h/M?S=lcqdt0lcmbk0k,26,32,任期満了,"65,586",69.85%,71.4%,1722.824,吉田 おさむ,25,男,無所属,新,屋内外広告業専従者,True
2022-03-27,2022-03-20,天草市議会議員選挙,熊本県,https://seijiyama.jp/area/card/3624/7iwX5h/M?S=lcqdt0lcmbk0k,26,32,任期満了,"65,586",69.85%,71.4%,1716,うらもと 力,61,男,無所属,新,農業,True
2022-03-27,2022-03-20,天草市議会議員選挙,熊本県,https://seijiyama.jp/area/card/3624/7iwX5h/M?S=lcqdt0lcmbk0k,26,32,任期満了,"65,586",69.85%,71.4%,1649,平山 たいじ,72,男,無所属,現,無職,True
2022-03-27,2022-03-20,天草市議会議員選挙,熊本県,https://seijiyama.jp/area/card/3624/7iwX5h/M?S=lcqdt0lcmbk0k,26,32,任期満了,"65,586",69.85%,71.4%,1624,赤城 ふみひろ,45,男,無所属,新,アクアエナジ株式会社代表取締役,True
2022-03-27,2022-03-20,天草市議会議員選挙,熊本県,https://seijiyama.jp/area/card/3624/7iwX5h/M?S=lcqdt0lcmbk0k,26,32,任期満了,"65,586",69.85%,71.4%,1585,下田 昇一郎,56,男,無所属,現,天草美装（有）会社役員,True
2022-03-27,2022-03-20,天草市議会議員選挙,熊本県,https://seijiyama.jp/area/card/3624/7iwX5h/M?S=lcqdt0lcmbk0k,26,32,任期満了,"65,586",69.85%,71.4%,1542,前田 まさゆき,65,男,無所属,現,農業,True
2022-03-27,2022-03-20,天草市議会議員選挙,熊本県,https://seijiyama.jp/area/card/3624/7iwX5h/M?S=lcqdt0lcmbk0k,26,32,任期満了,"65,586",69.85%,71.4%,1509,つるど 継啓,54,男,無所属,現,幼稚園・保育園理事長,True
2022-03-27,2022-03-20,天草市議会議員選挙,熊本県,https://seijiyama.jp/area/card/3624/7iwX5h/M?S=lcqdt0lcmbk0k,26,32,任期満了,"65,586",69.85%,71.4%,1450,若山 けいすけ,63,男,無所属,現,農業,True
2022-03-27,2022-03-20,天草市議会議員選挙,熊本県,https://seijiyama.jp/area/card/3624/7iwX5h/M?S=lcqdt0lcmbk0k,26,32,任期満了,"65,586",69.85%,71.4%,1405,はます 大心,55,男,無所属,現,NPO法人代表理事,True
2022-03-27,2022-03-20,天草市議会議員選挙,熊本県,https://seijiyama.jp/area/card/3624/7iwX5h/M?S=lcqdt0lcmbk0k,26,32,任期満了,"65,586",69.85%,71.4%,1386,脇島 よしずみ,71,男,無所属,現,漁業,True
2022-03-27,2022-03-20,天草市議会議員選挙,熊本県,https://seijiyama.jp/area/card/3624/7iwX5h/M?S=lcqdt0lcmbk0k,26,32,任期満了,"65,586",69.85%,71.4%,1366.771,浜崎 あきおみ,75,男,無所属,現,会社役員,True
2022-03-27,2022-03-20,天草市議会議員選挙,熊本県,https://seijiyama.jp/area/card/3624/7iwX5h/M?S=lcqdt0lcmbk0k,26,32,任期満了,"65,586",69.85%,71.4%,1327.175,船辺 おさむ,64,男,無所属,現,自営業,True
2022-03-27,2022-03-20,天草市議会議員選挙,熊本県,https://seijiyama.jp/area/card/3624/7iwX5h/M?S=lcqdt0lcmbk0k,26,32,任期満了,"65,586",69.85%,71.4%,1305,しばた まこと,46,男,無所属,現,自営業,True
2022-03-27,2022-03-20,天草市議会議員選挙,熊本県,https://seijiyama.jp/area/card/3624/7iwX5h/M?S=lcqdt0lcmbk0k,26,32,任期満了,"65,586",69.85%,71.4%,1262,さばえ 達朗,64,男,無所属,新,農事組合法人楊貴妃の里しんわ,True
2022-03-27,2022-03-20,天草市議会議員選挙,熊本県,https://seijiyama.jp/area/card/3624/7iwX5h/M?S=lcqdt0lcmbk0k,26,32,任期満了,"65,586",69.85%,71.4%,1162,勝木 こうせい,61,男,無所属,現,建築業（自営）,True
2022-03-27,2022-03-20,天草市議会議員選挙,熊本県,https://seijiyama.jp/area/card/3624/7iwX5h/M?S=lcqdt0lcmbk0k,26,32,任期満了,"65,586",69.85%,71.4%,1078,さわい 一富,59,男,無所属,現,天草市議会議員,True
2022-03-27,2022-03-20,天草市議会議員選挙,熊本県,https://seijiyama.jp/area/card/3624/7iwX5h/M?S=lcqdt0lcmbk0k,26,32,任期満了,"65,586",69.85%,71.4%,1027.698,門口 とおる,50,男,無所属,現,合同会社門口企画代表社員,True
2022-03-27,2022-03-20,天草市議会議員選挙,熊本県,https://seijiyama.jp/area/card/3624/7iwX5h/M?S=lcqdt0lcmbk0k,26,32,任期満了,"65,586",69.85%,71.4%,955.227,浜崎 よしあき,59,男,共産,現,漁業,True
2022-03-27,2022-03-20,天草市議会議員選挙,熊本県,https://seijiyama.jp/area/card/3624/7iwX5h/M?S=lcqdt0lcmbk0k,26,32,任期満了,"65,586",69.85%,71.4%,941,みやした 幸一郎,59,男,無所属,現,石材業,False
2022-03-27,2022-03-20,天草市議会議員選挙,熊本県,https://seijiyama.jp/area/card/3624/7iwX5h/M?S=lcqdt0lcmbk0k,26,32,任期満了,"65,586",69.85%,71.4%,938,ますだ 政昭,68,男,無所属,現,合資会社いわしや無限責任社員,False
2022-03-27,2022-03-20,天草市議会議員選挙,熊本県,https://seijiyama.jp/area/card/3624/7iwX5h/M?S=lcqdt0lcmbk0k,26,32,任期満了,"65,586",69.85%,71.4%,914,岡部 のぶひろ,46,男,無所属,新,みろく葬祭有限会社代表取締役,False
2022-03-27,2022-03-20,天草市議会議員選挙,熊本県,https://seijiyama.jp/area/card/3624/7iwX5h/M?S=lcqdt0lcmbk0k,26,32,任期満了,"65,586",69.85%,71.4%,867,松下 けんよし,62,男,無所属,新,漁業,False
2022-03-27,2022-03-20,天草市議会議員選挙,熊本県,https://seijiyama.jp/area/card/3624/7iwX5h/M?S=lcqdt0lcmbk0k,26,32,任期満了,"65,586",69.85%,71.4%,780,原田 ただおか,68,男,無所属,新,農業,False
2022-03-27,2022-03-20,天草市議会議員選挙,熊本県,https://seijiyama.jp/area/card/3624/7iwX5h/M?S=lcqdt0lcmbk0k,26,32,任期満了,"65,586",69.85%,71.4%,311,馬場 てるあき,63,男,無所属,新,農業,False
2022-03-27,2022-03-22,徳之島町議会議員選挙,鹿児島県,https://seijiyama.jp/area/card/3624/D4GZGc/M?S=lcqdt0lclgm0k,16,17,任期満了,"8,408",81.01%,81.26%,676,内 博行,43,男,無所属,新,農業,True
2022-03-27,2022-03-22,徳之島町議会議員選挙,鹿児島県,https://seijiyama.jp/area/card/3624/D4GZGc/M?S=lcqdt0lclgm0k,16,17,任期満了,"8,408",81.01%,81.26%,566,是枝 孝太郎,59,男,無所属,現,農業,True
2022-03-27,2022-03-22,徳之島町議会議員選挙,鹿児島県,https://seijiyama.jp/area/card/3624/D4GZGc/M?S=lcqdt0lclgm0k,16,17,任期満了,"8,408",81.01%,81.26%,514,木原 良治,68,男,無所属,現,会社役員,True
2022-03-27,2022-03-22,徳之島町議会議員選挙,鹿児島県,https://seijiyama.jp/area/card/3624/D4GZGc/M?S=lcqdt0lclgm0k,16,17,任期満了,"8,408",81.01%,81.26%,469,池山 富良,72,男,無所属,現,農業,True
2022-03-27,2022-03-22,徳之島町議会議員選挙,鹿児島県,https://seijiyama.jp/area/card/3624/D4GZGc/M?S=lcqdt0lclgm0k,16,17,任期満了,"8,408",81.01%,81.26%,451,竹山 成浩,58,男,無所属,現,会社員,True
2022-03-27,2022-03-22,徳之島町議会議員選挙,鹿児島県,https://seijiyama.jp/area/card/3624/D4GZGc/M?S=lcqdt0lclgm0k,16,17,任期満了,"8,408",81.01%,81.26%,442,徳田 進,56,男,無所属,現,自営業,True
2022-03-27,2022-03-22,徳之島町議会議員選挙,鹿児島県,https://seijiyama.jp/area/card/3624/D4GZGc/M?S=lcqdt0lclgm0k,16,17,任期満了,"8,408",81.01%,81.26%,427,植木 厚吉,47,男,無所属,現,自営業,True
2022-03-27,2022-03-22,徳之島町議会議員選挙,鹿児島県,https://seijiyama.jp/area/card/3624/D4GZGc/M?S=lcqdt0lclgm0k,16,17,任期満了,"8,408",81.01%,81.26%,423,福岡 兵八郎,69,男,無所属,現,農業,True
2022-03-27,2022-03-22,徳之島町議会議員選挙,鹿児島県,https://seijiyama.jp/area/card/3624/D4GZGc/M?S=lcqdt0lclgm0k,16,17,任期満了,"8,408",81.01%,81.26%,401,勇元 勝雄,74,男,無所属,現,農業,True
2022-03-27,2022-03-22,徳之島町議会議員選挙,鹿児島県,https://seijiyama.jp/area/card/3624/D4GZGc/M?S=lcqdt0lclgm0k,16,17,任期満了,"8,408",81.01%,81.26%,389,行沢 弘栄,61,男,無所属,現,会社員,True
2022-03-27,2022-03-22,徳之島町議会議員選挙,鹿児島県,https://seijiyama.jp/area/card/3624/D4GZGc/M?S=lcqdt0lclgm0k,16,17,任期満了,"8,408",81.01%,81.26%,388,政田 正武,60,男,無所属,新,無職,True
2022-03-27,2022-03-22,徳之島町議会議員選挙,鹿児島県,https://seijiyama.jp/area/card/3624/D4GZGc/M?S=lcqdt0lclgm0k,16,17,任期満了,"8,408",81.01%,81.26%,363,大沢 章宏,62,男,無所属,現,会社員,True
2022-03-27,2022-03-22,徳之島町議会議員選挙,鹿児島県,https://seijiyama.jp/area/card/3624/D4GZGc/M?S=lcqdt0lclgm0k,16,17,任期満了,"8,408",81.01%,81.26%,342,富田 良一,58,男,無所属,現,農業,True
2022-03-27,2022-03-22,徳之島町議会議員選挙,鹿児島県,https://seijiyama.jp/area/card/3624/D4GZGc/M?S=lcqdt0lclgm0k,16,17,任期満了,"8,408",81.01%,81.26%,324,宮之原 剛,64,男,公明,新,自治会長,True
2022-03-27,2022-03-22,徳之島町議会議員選挙,鹿児島県,https://seijiyama.jp/area/card/3624/D4GZGc/M?S=lcqdt0lclgm0k,16,17,任期満了,"8,408",81.01%,81.26%,242,松田 太志,40,男,無所属,現,農業,True
2022-03-27,2022-03-22,徳之島町議会議員選挙,鹿児島県,https://seijiyama.jp/area/card/3624/D4GZGc/M?S=lcqdt0lclgm0k,16,17,任期満了,"8,408",81.01%,81.26%,202,広田 勉,71,男,無所属,現,保護司,True
2022-03-27,2022-03-22,徳之島町議会議員選挙,鹿児島県,https://seijiyama.jp/area/card/3624/D4GZGc/M?S=lcqdt0lclgm0k,16,17,任期満了,"8,408",81.01%,81.26%,149,若藤 美奈子,63,女,無所属,新,自営業,False
2022-03-27,2022-03-20,市川市長選挙,千葉県,https://seijiyama.jp/area/card/3624/8kaeFg/M?S=lcqdt0lclft0k,1,6,任期満了,"400,508",38.75%,30.76%,65567,田中 甲,65,男,無所属,新,会社役員、元衆院議員,True
2022-03-27,2022-03-20,市川市長選挙,千葉県,https://seijiyama.jp/area/card/3624/8kaeFg/M?S=lcqdt0lclft0k,1,6,任期満了,"400,508",38.75%,30.76%,46253,守屋 貴子,54,女,無所属,新,無職、元千葉県議,False
2022-03-27,2022-03-20,市川市長選挙,千葉県,https://seijiyama.jp/area/card/3624/8kaeFg/M?S=lcqdt0lclft0k,1,6,任期満了,"400,508",38.75%,30.76%,15159,村越 祐民,48,男,無所属,現,市川市長,False
2022-03-27,2022-03-20,市川市長選挙,千葉県,https://seijiyama.jp/area/card/3624/8kaeFg/M?S=lcqdt0lclft0k,1,6,任期満了,"400,508",38.75%,30.76%,14395,片岡 恭子,43,女,無所属,新,無職、元市議,False
2022-03-27,2022-03-20,市川市長選挙,千葉県,https://seijiyama.jp/area/card/3624/8kaeFg/M?S=lcqdt0lclft0k,1,6,任期満了,"400,508",38.75%,30.76%,6637,吉野 一郎,68,男,無所属,新,無職、元中学教諭,False
2022-03-27,2022-03-20,市川市長選挙,千葉県,https://seijiyama.jp/area/card/3624/8kaeFg/M?S=lcqdt0lclft0k,1,6,任期満了,"400,508",38.75%,30.76%,4867,市川 まみ,49,女,無所属,新,派遣社員,False
2022-03-27,2022-03-22,七飯町長選挙,北海道,https://seijiyama.jp/area/card/3624/Ein821/M?S=lcqdt0lcler0k,1,4,任期満了,"23,720",59.2%,56.25%,6053,杉原 太,59,男,無所属,新,無職,True
2022-03-27,2022-03-22,七飯町長選挙,北海道,https://seijiyama.jp/area/card/3624/Ein821/M?S=lcqdt0lcler0k,1,4,任期満了,"23,720",59.2%,56.25%,3594,中川 友規,39,男,無所属,新,会社員、元町議,False
2022-03-27,2022-03-22,七飯町長選挙,北海道,https://seijiyama.jp/area/card/3624/Ein821/M?S=lcqdt0lcler0k,1,4,任期満了,"23,720",59.2%,56.25%,3090,佐々木 陵二,48,男,無所属,新,無職,False
2022-03-27,2022-03-22,七飯町長選挙,北海道,https://seijiyama.jp/area/card/3624/Ein821/M?S=lcqdt0lcler0k,1,4,任期満了,"23,720",59.2%,56.25%,1176,日下 道子,40,女,無所属,新,会社代表,False
2022-03-27,2022-03-22,和水町長選挙,熊本県,https://seijiyama.jp/area/card/3624/hebYIb/M?S=lcqdt0lclep0k,1,2,任期満了,"8,223",79.17%,79.84%,3464,石原 佳幸,48,男,無所属,新,無職、元町職員,True
2022-03-27,2022-03-22,和水町長選挙,熊本県,https://seijiyama.jp/area/card/3624/hebYIb/M?S=lcqdt0lclep0k,1,2,任期満了,"8,223",79.17%,79.84%,2967,上原 真二,60,男,無所属,新,無職、元町職員,False
2022-03-27,2022-03-22,壬生町議会議員選挙,栃木県,https://seijiyama.jp/area/card/3624/IHOnDE/M?S=lcqdt0lcldl0k,16,17,任期満了,"32,249",45%,48.77%,1178,落合 誠記,57,男,国民,現,政党役員,True
2022-03-27,2022-03-22,壬生町議会議員選挙,栃木県,https://seijiyama.jp/area/card/3624/IHOnDE/M?S=lcqdt0lcldl0k,16,17,任期満了,"32,249",45%,48.77%,1128,田村 正敏,54,男,無所属,現,興生寺住職,True
2022-03-27,2022-03-22,壬生町議会議員選挙,栃木県,https://seijiyama.jp/area/card/3624/IHOnDE/M?S=lcqdt0lcldl0k,16,17,任期満了,"32,249",45%,48.77%,1080,坂田 昇一,68,男,無所属,現,農業,True
2022-03-27,2022-03-22,壬生町議会議員選挙,栃木県,https://seijiyama.jp/area/card/3624/IHOnDE/M?S=lcqdt0lcldl0k,16,17,任期満了,"32,249",45%,48.77%,1038,遠藤 恭子,41,女,無所属,現,歯科衛生士,True
2022-03-27,2022-03-22,壬生町議会議員選挙,栃木県,https://seijiyama.jp/area/card/3624/IHOnDE/M?S=lcqdt0lcldl0k,16,17,任期満了,"32,249",45%,48.77%,1033,鈴木 理夫,71,男,無所属,現,農業,True
2022-03-27,2022-03-22,壬生町議会議員選挙,栃木県,https://seijiyama.jp/area/card/3624/IHOnDE/M?S=lcqdt0lcldl0k,16,17,任期満了,"32,249",45%,48.77%,1005,中川 和典,47,男,無所属,新,農業,True
2022-03-27,2022-03-22,壬生町議会議員選挙,栃木県,https://seijiyama.jp/area/card/3624/IHOnDE/M?S=lcqdt0lcldl0k,16,17,任期満了,"32,249",45%,48.77%,937,後藤 節子,61,女,公明,現,壬生町議会銀,True
2022-03-27,2022-03-22,壬生町議会議員選挙,栃木県,https://seijiyama.jp/area/card/3624/IHOnDE/M?S=lcqdt0lcldl0k,16,17,任期満了,"32,249",45%,48.77%,878,楡井 将太,37,男,無所属,新,会社役員,True
2022-03-27,2022-03-22,壬生町議会議員選挙,栃木県,https://seijiyama.jp/area/card/3624/IHOnDE/M?S=lcqdt0lcldl0k,16,17,任期満了,"32,249",45%,48.77%,868,玉田 秀夫,68,男,無所属,現,無職,True
2022-03-27,2022-03-22,壬生町議会議員選挙,栃木県,https://seijiyama.jp/area/card/3624/IHOnDE/M?S=lcqdt0lcldl0k,16,17,任期満了,"32,249",45%,48.77%,783,小牧 敦子,57,女,無所属,現,無職,True
2022-03-27,2022-03-22,壬生町議会議員選挙,栃木県,https://seijiyama.jp/area/card/3624/IHOnDE/M?S=lcqdt0lcldl0k,16,17,任期満了,"32,249",45%,48.77%,771,戸崎 泰秀,47,男,無所属,現,農業,True
2022-03-27,2022-03-22,壬生町議会議員選挙,栃木県,https://seijiyama.jp/area/card/3624/IHOnDE/M?S=lcqdt0lcldl0k,16,17,任期満了,"32,249",45%,48.77%,742,小川 律男,49,男,無所属,新,自営業,True
2022-03-27,2022-03-22,壬生町議会議員選挙,栃木県,https://seijiyama.jp/area/card/3624/IHOnDE/M?S=lcqdt0lcldl0k,16,17,任期満了,"32,249",45%,48.77%,733,大山 博,68,男,無所属,新,会社嘱託,True
2022-03-27,2022-03-22,壬生町議会議員選挙,栃木県,https://seijiyama.jp/area/card/3624/IHOnDE/M?S=lcqdt0lcldl0k,16,17,任期満了,"32,249",45%,48.77%,706,赤羽根 信行,69,男,無所属,現,建築業,True
2022-03-27,2022-03-22,壬生町議会議員選挙,栃木県,https://seijiyama.jp/area/card/3624/IHOnDE/M?S=lcqdt0lcldl0k,16,17,任期満了,"32,249",45%,48.77%,556,田部 明男,67,男,共産,現,政党役員,True
2022-03-27,2022-03-22,壬生町議会議員選挙,栃木県,https://seijiyama.jp/area/card/3624/IHOnDE/M?S=lcqdt0lcldl0k,16,17,任期満了,"32,249",45%,48.77%,525,大島 菊夫,74,男,無所属,現,農業,True
2022-03-27,2022-03-22,壬生町議会議員選挙,栃木県,https://seijiyama.jp/area/card/3624/IHOnDE/M?S=lcqdt0lcldl0k,16,17,任期満了,"32,249",45%,48.77%,351,野呂 一洋,65,男,無所属,新,会社員,False
2022-03-27,2022-03-20,鳥取市長選挙,鳥取県,https://seijiyama.jp/area/card/3624/iKg7fe/M?S=lcqdt0lclcq0k,1,2,任期満了,"153,091",30.67%,31.51%,37570,深沢 義彦,69,男,無所属,現,鳥取市長,True
2022-03-27,2022-03-20,鳥取市長選挙,鳥取県,https://seijiyama.jp/area/card/3624/iKg7fe/M?S=lcqdt0lclcq0k,1,2,任期満了,"153,091",30.67%,31.51%,8379,塚田 成幸,58,男,無所属,新,政党役員,False
2022-03-27,2022-03-20,倉吉市長選挙,鳥取県,https://seijiyama.jp/area/card/3624/efYZ2e/M?S=lcqdt0lclcl0k,1,2,任期満了,"37,957",43.49%,37.91%,14622,広田 一恭,63,男,無所属（自民、立憲、公明推薦）,新,無職、元鳥取県職員,True
2022-03-27,2022-03-20,倉吉市長選挙,鳥取県,https://seijiyama.jp/area/card/3624/efYZ2e/M?S=lcqdt0lclcl0k,1,2,任期満了,"37,957",43.49%,37.91%,1573,村田 実,84,男,無所属,新,無職、元鳥取県議,False
2022-03-27,2022-03-22,函南町長選挙,静岡県,https://seijiyama.jp/area/card/3624/7K7r3H/M?S=lcqdt0lclck0k,1,3,任期満了,"31,397",36.89%,46.71%,6911,仁科 喜世志,71,男,無所属,現,函南町長,True
2022-03-27,2022-03-22,函南町長選挙,静岡県,https://seijiyama.jp/area/card/3624/7K7r3H/M?S=lcqdt0lclck0k,1,3,任期満了,"31,397",36.89%,46.71%,4059,土屋 学,55,男,無所属,新,自営業、元町議,False
2022-03-27,2022-03-22,函南町長選挙,静岡県,https://seijiyama.jp/area/card/3624/7K7r3H/M?S=lcqdt0lclck0k,1,3,任期満了,"31,397",36.89%,46.71%,420,塩谷 敬治,66,男,無所属,新,無職,False
2022-03-27,2022-03-20,香美市長選挙,高知県,https://seijiyama.jp/area/card/3624/e4u4J6/M?S=lcqdt0lclbs0k,1,3,任期満了,"21,831",53.82%,,5637,依光 晃一郎,44,男,無所属,新,会社役員、元高知県議,True
2022-03-27,2022-03-20,香美市長選挙,高知県,https://seijiyama.jp/area/card/3624/e4u4J6/M?S=lcqdt0lclbs0k,1,3,任期満了,"21,831",53.82%,,3869,法光院 晶一,71,男,無所属,現,無職、香美市長,False
2022-03-27,2022-03-20,香美市長選挙,高知県,https://seijiyama.jp/area/card/3624/e4u4J6/M?S=lcqdt0lclbs0k,1,3,任期満了,"21,831",53.82%,,2148,大岸 真弓,70,女,無所属,新,無職、元市議,False
2022-03-27,2022-03-20,上田市長選挙,長野県,https://seijiyama.jp/area/card/3624/2jQBDB/M?S=lcqdt0lclbq0k,1,2,任期満了,"127,348",52.75%,58.14%,36115,土屋 陽一,65,男,無所属,現,上田市長,True
2022-03-27,2022-03-20,上田市長選挙,長野県,https://seijiyama.jp/area/card/3624/2jQBDB/M?S=lcqdt0lclbq0k,1,2,任期満了,"127,348",52.75%,58.14%,29968,井上 晴樹,68,男,無所属,新,無職、元副市長,False
2022-03-27,2022-03-20,中央市長選挙,山梨県,https://seijiyama.jp/area/card/3624/ekRPIk/M?S=lcqdt0lclbp0k,1,2,任期満了,"24,171",57.03%,57.78%,7245,望月 智,60,男,無所属,新,無職、元副市長,True
2022-03-27,2022-03-20,中央市長選挙,山梨県,https://seijiyama.jp/area/card/3624/ekRPIk/M?S=lcqdt0lclbp0k,1,2,任期満了,"24,171",57.03%,57.78%,6384,新海 一芳,61,男,無所属,新,有限会社キング珈琲取締役、元市議,False
2022-03-27,2022-03-22,日高町議会議員選挙,北海道,https://seijiyama.jp/area/card/3624/JH33Ah/M?S=lcqdt0lclbo0k,14,15,任期満了,"9,568",65.76%,70.17%,699,蔦 守,65,男,無所属,新,無職,True
2022-03-27,2022-03-22,日高町議会議員選挙,北海道,https://seijiyama.jp/area/card/3624/JH33Ah/M?S=lcqdt0lclbo0k,14,15,任期満了,"9,568",65.76%,70.17%,500,神保 一哉,75,男,無所属,現,会社員,True
2022-03-27,2022-03-22,日高町議会議員選挙,北海道,https://seijiyama.jp/area/card/3624/JH33Ah/M?S=lcqdt0lclbo0k,14,15,任期満了,"9,568",65.76%,70.17%,490,渡部 力,65,男,公明,新,無職,True
2022-03-27,2022-03-22,日高町議会議員選挙,北海道,https://seijiyama.jp/area/card/3624/JH33Ah/M?S=lcqdt0lclbo0k,14,15,任期満了,"9,568",65.76%,70.17%,454,梅木 聡,64,男,無所属,現,無職,True
2022-03-27,2022-03-22,日高町議会議員選挙,北海道,https://seijiyama.jp/area/card/3624/JH33Ah/M?S=lcqdt0lclbo0k,14,15,任期満了,"9,568",65.76%,70.17%,441,井上 義生,60,男,無所属,新,無職,True
2022-03-27,2022-03-22,日高町議会議員選挙,北海道,https://seijiyama.jp/area/card/3624/JH33Ah/M?S=lcqdt0lclbo0k,14,15,任期満了,"9,568",65.76%,70.17%,432,工藤 守弘,69,男,無所属,現,無職,True
2022-03-27,2022-03-22,日高町議会議員選挙,北海道,https://seijiyama.jp/area/card/3624/JH33Ah/M?S=lcqdt0lclbo0k,14,15,任期満了,"9,568",65.76%,70.17%,429,高橋 克徳,68,男,無所属,現,無職,True
2022-03-27,2022-03-22,日高町議会議員選挙,北海道,https://seijiyama.jp/area/card/3624/JH33Ah/M?S=lcqdt0lclbo0k,14,15,任期満了,"9,568",65.76%,70.17%,417,白石 典昭,67,男,無所属,現,無職,True
2022-03-27,2022-03-22,日高町議会議員選挙,北海道,https://seijiyama.jp/area/card/3624/JH33Ah/M?S=lcqdt0lclbo0k,14,15,任期満了,"9,568",65.76%,70.17%,417,西尾 英俊,74,男,無所属,現,会社員,True
2022-03-27,2022-03-22,日高町議会議員選挙,北海道,https://seijiyama.jp/area/card/3624/JH33Ah/M?S=lcqdt0lclbo0k,14,15,任期満了,"9,568",65.76%,70.17%,376,菊地 日出夫,72,男,共産,現,塗装業,True
2022-03-27,2022-03-22,日高町議会議員選挙,北海道,https://seijiyama.jp/area/card/3624/JH33Ah/M?S=lcqdt0lclbo0k,14,15,任期満了,"9,568",65.76%,70.17%,367,真壁 悦夫,73,男,共産,現,無職,True
2022-03-27,2022-03-22,日高町議会議員選挙,北海道,https://seijiyama.jp/area/card/3624/JH33Ah/M?S=lcqdt0lclbo0k,14,15,任期満了,"9,568",65.76%,70.17%,364,互野 利夫,70,男,無所属,現,行政書士,True
2022-03-27,2022-03-22,日高町議会議員選挙,北海道,https://seijiyama.jp/area/card/3624/JH33Ah/M?S=lcqdt0lclbo0k,14,15,任期満了,"9,568",65.76%,70.17%,344,小園 暁子,73,女,無所属,現,ピアノ教師,True
2022-03-27,2022-03-22,日高町議会議員選挙,北海道,https://seijiyama.jp/area/card/3624/JH33Ah/M?S=lcqdt0lclbo0k,14,15,任期満了,"9,568",65.76%,70.17%,284,堂前 保志,65,男,無所属,新,無職,True
2022-03-27,2022-03-22,日高町議会議員選挙,北海道,https://seijiyama.jp/area/card/3624/JH33Ah/M?S=lcqdt0lclbo0k,14,15,任期満了,"9,568",65.76%,70.17%,213,佐藤 則男,69,男,無所属,現,無職,False
2022-03-27,2022-03-22,日出町議会議員選挙,大分県,https://seijiyama.jp/area/card/3624/cA7a7E/M?S=lcqdt0lclbk0k,16,18,任期満了,"23,167",56.11%,61.88%,1193,池田 淳子,57,女,公明,現,無職,True
2022-03-27,2022-03-22,日出町議会議員選挙,大分県,https://seijiyama.jp/area/card/3624/cA7a7E/M?S=lcqdt0lclbk0k,16,18,任期満了,"23,167",56.11%,61.88%,969,岩尾 幸六,68,男,無所属,現,農業,True
2022-03-27,2022-03-22,日出町議会議員選挙,大分県,https://seijiyama.jp/area/card/3624/cA7a7E/M?S=lcqdt0lclbk0k,16,18,任期満了,"23,167",56.11%,61.88%,966,豊岡 健太,50,男,無所属,現,会社代表取締役,True
2022-03-27,2022-03-22,日出町議会議員選挙,大分県,https://seijiyama.jp/area/card/3624/cA7a7E/M?S=lcqdt0lclbk0k,16,18,任期満了,"23,167",56.11%,61.88%,878,岡山 栄蔵,44,男,無所属,元,建設業,True
2022-03-27,2022-03-22,日出町議会議員選挙,大分県,https://seijiyama.jp/area/card/3624/cA7a7E/M?S=lcqdt0lclbk0k,16,18,任期満了,"23,167",56.11%,61.88%,814,河野 美華,39,女,無所属,現,日出町議会議員,True
2022-03-27,2022-03-22,日出町議会議員選挙,大分県,https://seijiyama.jp/area/card/3624/cA7a7E/M?S=lcqdt0lclbk0k,16,18,任期満了,"23,167",56.11%,61.88%,790,熊谷 健作,66,男,無所属,現,無職,True
2022-03-27,2022-03-22,日出町議会議員選挙,大分県,https://seijiyama.jp/area/card/3624/cA7a7E/M?S=lcqdt0lclbk0k,16,18,任期満了,"23,167",56.11%,61.88%,763.366,安部 徹也,54,男,無所属,現,経営コンサルタント,True
2022-03-27,2022-03-22,日出町議会議員選挙,大分県,https://seijiyama.jp/area/card/3624/cA7a7E/M?S=lcqdt0lclbk0k,16,18,任期満了,"23,167",56.11%,61.88%,744.041,阿部 真二,53,男,無所属,現,自営業,True
2022-03-27,2022-03-22,日出町議会議員選挙,大分県,https://seijiyama.jp/area/card/3624/cA7a7E/M?S=lcqdt0lclbk0k,16,18,任期満了,"23,167",56.11%,61.88%,715,川西 求一,67,男,無所属,現,無職,True
2022-03-27,2022-03-22,日出町議会議員選挙,大分県,https://seijiyama.jp/area/card/3624/cA7a7E/M?S=lcqdt0lclbk0k,16,18,任期満了,"23,167",56.11%,61.88%,698,衛藤 清隆,72,男,無所属,現,農業,True
2022-03-27,2022-03-22,日出町議会議員選挙,大分県,https://seijiyama.jp/area/card/3624/cA7a7E/M?S=lcqdt0lclbk0k,16,18,任期満了,"23,167",56.11%,61.88%,647,工藤 健次,70,男,無所属,現,会社役員,True
2022-03-27,2022-03-22,日出町議会議員選挙,大分県,https://seijiyama.jp/area/card/3624/cA7a7E/M?S=lcqdt0lclbk0k,16,18,任期満了,"23,167",56.11%,61.88%,623,上野 満,62,男,無所属,現,無職,True
2022-03-27,2022-03-22,日出町議会議員選挙,大分県,https://seijiyama.jp/area/card/3624/cA7a7E/M?S=lcqdt0lclbk0k,16,18,任期満了,"23,167",56.11%,61.88%,580.591,阿部 峰子,72,女,共産,新,無職,True
2022-03-27,2022-03-22,日出町議会議員選挙,大分県,https://seijiyama.jp/area/card/3624/cA7a7E/M?S=lcqdt0lclbk0k,16,18,任期満了,"23,167",56.11%,61.88%,572,金元 正生,63,男,無所属,現,無職,True
2022-03-27,2022-03-22,日出町議会議員選挙,大分県,https://seijiyama.jp/area/card/3624/cA7a7E/M?S=lcqdt0lclbk0k,16,18,任期満了,"23,167",56.11%,61.88%,562,多田 利浩,58,男,無所属,新,自営業,True
2022-03-27,2022-03-22,日出町議会議員選挙,大分県,https://seijiyama.jp/area/card/3624/cA7a7E/M?S=lcqdt0lclbk0k,16,18,任期満了,"23,167",56.11%,61.88%,517,森 昭人,57,男,無所属,現,日出町議会議員,True
2022-03-27,2022-03-22,日出町議会議員選挙,大分県,https://seijiyama.jp/area/card/3624/cA7a7E/M?S=lcqdt0lclbk0k,16,18,任期満了,"23,167",56.11%,61.88%,442,後藤 嘉信,60,男,無所属,新,農業,False
2022-03-27,2022-03-22,日出町議会議員選挙,大分県,https://seijiyama.jp/area/card/3624/cA7a7E/M?S=lcqdt0lclbk0k,16,18,任期満了,"23,167",56.11%,61.88%,395,川辺 由美子,72,女,無所属,現,町議会議員,False
2022-03-27,2022-03-20,逗子市議会議員選挙,神奈川県,https://seijiyama.jp/area/card/3624/5Fmpk6/M?S=lcqdt0lclar0k,17,25,任期満了,"50,049",52.37%,49.83%,1974,桑原 泰恵,60,女,無所属,新,無職,True
2022-03-27,2022-03-20,逗子市議会議員選挙,神奈川県,https://seijiyama.jp/area/card/3624/5Fmpk6/M?S=lcqdt0lclar0k,17,25,任期満了,"50,049",52.37%,49.83%,1943,長島 一由,55,男,無所属,新,映像会社経営、元衆院議員、元逗子市長,True
2022-03-27,2022-03-20,逗子市議会議員選挙,神奈川県,https://seijiyama.jp/area/card/3624/5Fmpk6/M?S=lcqdt0lclar0k,17,25,任期満了,"50,049",52.37%,49.83%,1806,服部 誠,45,男,無所属,新,NPO法人代表理事,True
2022-03-27,2022-03-20,逗子市議会議員選挙,神奈川県,https://seijiyama.jp/area/card/3624/5Fmpk6/M?S=lcqdt0lclar0k,17,25,任期満了,"50,049",52.37%,49.83%,1710,松本 寛,58,男,無所属,現,市議会議員,True
2022-03-27,2022-03-20,逗子市議会議員選挙,神奈川県,https://seijiyama.jp/area/card/3624/5Fmpk6/M?S=lcqdt0lclar0k,17,25,任期満了,"50,049",52.37%,49.83%,1585,高野 毅,49,男,無所属,現,市議会議員,True
2022-03-27,2022-03-20,逗子市議会議員選挙,神奈川県,https://seijiyama.jp/area/card/3624/5Fmpk6/M?S=lcqdt0lclar0k,17,25,任期満了,"50,049",52.37%,49.83%,1307,菊池 俊一,52,男,無所属,現,市議会議員,True
2022-03-27,2022-03-20,逗子市議会議員選挙,神奈川県,https://seijiyama.jp/area/card/3624/5Fmpk6/M?S=lcqdt0lclar0k,17,25,任期満了,"50,049",52.37%,49.83%,1226,丸山 治章,57,男,自民,現,市議会議員,True
2022-03-27,2022-03-20,逗子市議会議員選挙,神奈川県,https://seijiyama.jp/area/card/3624/5Fmpk6/M?S=lcqdt0lclar0k,17,25,任期満了,"50,049",52.37%,49.83%,1055,平野 和之,46,男,維新,新,経済評論会,True
2022-03-27,2022-03-20,逗子市議会議員選挙,神奈川県,https://seijiyama.jp/area/card/3624/5Fmpk6/M?S=lcqdt0lclar0k,17,25,任期満了,"50,049",52.37%,49.83%,1042,橋爪 明子,64,女,共産,現,市議会議員,True
2022-03-27,2022-03-20,逗子市議会議員選挙,神奈川県,https://seijiyama.jp/area/card/3624/5Fmpk6/M?S=lcqdt0lclar0k,17,25,任期満了,"50,049",52.37%,49.83%,1028,江渕 真紀子,60,女,公明,新,団体役員,True
2022-03-27,2022-03-20,逗子市議会議員選挙,神奈川県,https://seijiyama.jp/area/card/3624/5Fmpk6/M?S=lcqdt0lclar0k,17,25,任期満了,"50,049",52.37%,49.83%,1019,田幡 智子,63,女,公明,現,市議会議員,True
2022-03-27,2022-03-20,逗子市議会議員選挙,神奈川県,https://seijiyama.jp/area/card/3624/5Fmpk6/M?S=lcqdt0lclar0k,17,25,任期満了,"50,049",52.37%,49.83%,1001,桐ケ谷 一孝,52,男,自民,元,自営業,True
2022-03-27,2022-03-20,逗子市議会議員選挙,神奈川県,https://seijiyama.jp/area/card/3624/5Fmpk6/M?S=lcqdt0lclar0k,17,25,任期満了,"50,049",52.37%,49.83%,991,加藤 秀子,59,女,立憲,現,市議会議員,True
2022-03-27,2022-03-20,逗子市議会議員選挙,神奈川県,https://seijiyama.jp/area/card/3624/5Fmpk6/M?S=lcqdt0lclar0k,17,25,任期満了,"50,049",52.37%,49.83%,977,匂坂 祐二,52,男,無所属,現,会社社長,True
2022-03-27,2022-03-20,逗子市議会議員選挙,神奈川県,https://seijiyama.jp/area/card/3624/5Fmpk6/M?S=lcqdt0lclar0k,17,25,任期満了,"50,049",52.37%,49.83%,896,八木野 太郎,41,男,自民,現,市議会議員,True
2022-03-27,2022-03-20,逗子市議会議員選挙,神奈川県,https://seijiyama.jp/area/card/3624/5Fmpk6/M?S=lcqdt0lclar0k,17,25,任期満了,"50,049",52.37%,49.83%,864,佐藤 恵子,67,女,無所属,現,市議会議員,True
2022-03-27,2022-03-20,逗子市議会議員選挙,神奈川県,https://seijiyama.jp/area/card/3624/5Fmpk6/M?S=lcqdt0lclar0k,17,25,任期満了,"50,049",52.37%,49.83%,851,真下 政次,72,男,自民,現,市議会議員,True
2022-03-27,2022-03-20,逗子市議会議員選挙,神奈川県,https://seijiyama.jp/area/card/3624/5Fmpk6/M?S=lcqdt0lclar0k,17,25,任期満了,"50,049",52.37%,49.83%,821,岩室 年治,63,男,共産,現,市議会議員,False
2022-03-27,2022-03-20,逗子市議会議員選挙,神奈川県,https://seijiyama.jp/area/card/3624/5Fmpk6/M?S=lcqdt0lclar0k,17,25,任期満了,"50,049",52.37%,49.83%,818,中西 直美,47,女,立憲,現,市議会議員,False
2022-03-27,2022-03-20,逗子市議会議員選挙,神奈川県,https://seijiyama.jp/area/card/3624/5Fmpk6/M?S=lcqdt0lclar0k,17,25,任期満了,"50,049",52.37%,49.83%,630,根本 祥子,52,女,無所属,現,市議会議員,False
2022-03-27,2022-03-20,逗子市議会議員選挙,神奈川県,https://seijiyama.jp/area/card/3624/5Fmpk6/M?S=lcqdt0lclar0k,17,25,任期満了,"50,049",52.37%,49.83%,618,毛呂 武史,54,男,無所属,元,自営業,False
2022-03-27,2022-03-20,逗子市議会議員選挙,神奈川県,https://seijiyama.jp/area/card/3624/5Fmpk6/M?S=lcqdt0lclar0k,17,25,任期満了,"50,049",52.37%,49.83%,564,宮地 藤雄,43,男,無所属,新,スポーツ、イベント会社代表,False
2022-03-27,2022-03-20,逗子市議会議員選挙,神奈川県,https://seijiyama.jp/area/card/3624/5Fmpk6/M?S=lcqdt0lclar0k,17,25,任期満了,"50,049",52.37%,49.83%,542,飯山 圭一,54,男,無所属,現,市議会議員,False
2022-03-27,2022-03-20,逗子市議会議員選挙,神奈川県,https://seijiyama.jp/area/card/3624/5Fmpk6/M?S=lcqdt0lclar0k,17,25,任期満了,"50,049",52.37%,49.83%,348,朝倉 恵美子,60,女,無所属,新,無職,False
2022-03-27,2022-03-20,逗子市議会議員選挙,神奈川県,https://seijiyama.jp/area/card/3624/5Fmpk6/M?S=lcqdt0lclar0k,17,25,任期満了,"50,049",52.37%,49.83%,334,小日向 孝夫,72,男,無所属,新,アウトドア・コーディネイト業,False
2022-03-27,2022-03-22,鮭川村議会議員補欠選挙,山形県,https://seijiyama.jp/area/card/3624/I6ZcJK/M?S=lcqdt0lckdk0k,1,2,死去,"3,465",58.27%,79.08%,1705,安彦 高広,53,男,無所属,新,無職,True
2022-03-27,2022-03-22,鮭川村議会議員補欠選挙,山形県,https://seijiyama.jp/area/card/3624/I6ZcJK/M?S=lcqdt0lckdk0k,1,2,死去,"3,465",58.27%,79.08%,259,八鍬 達也,27,男,無所属,新,無職,False
2022-03-27,2022-03-20,阿波市議会議員選挙,徳島県,https://seijiyama.jp/area/card/3624/iJ0bi9/M?S=lcqdt0lbsjp0k,20,23,任期満了,"30,783",61.22%,65.74%,1260,黒川 理佳,41,女,無所属,新,無職,True
2022-03-27,2022-03-20,阿波市議会議員選挙,徳島県,https://seijiyama.jp/area/card/3624/iJ0bi9/M?S=lcqdt0lbsjp0k,20,23,任期満了,"30,783",61.22%,65.74%,1176.264,樫原 伸,68,男,無所属,現,農業,True
2022-03-27,2022-03-20,阿波市議会議員選挙,徳島県,https://seijiyama.jp/area/card/3624/iJ0bi9/M?S=lcqdt0lbsjp0k,20,23,任期満了,"30,783",61.22%,65.74%,1080.601,笠井 安之,66,男,無所属,現,農業,True
2022-03-27,2022-03-20,阿波市議会議員選挙,徳島県,https://seijiyama.jp/area/card/3624/iJ0bi9/M?S=lcqdt0lbsjp0k,20,23,任期満了,"30,783",61.22%,65.74%,1079,松村 幸治,65,男,無所属,現,会社役員,True
2022-03-27,2022-03-20,阿波市議会議員選挙,徳島県,https://seijiyama.jp/area/card/3624/iJ0bi9/M?S=lcqdt0lbsjp0k,20,23,任期満了,"30,783",61.22%,65.74%,1014,北上 正弘,52,男,公明,現,無職,True
2022-03-27,2022-03-20,阿波市議会議員選挙,徳島県,https://seijiyama.jp/area/card/3624/iJ0bi9/M?S=lcqdt0lbsjp0k,20,23,任期満了,"30,783",61.22%,65.74%,939,野口 加代子,60,女,無所属,新,看護師,True
2022-03-27,2022-03-20,阿波市議会議員選挙,徳島県,https://seijiyama.jp/area/card/3624/iJ0bi9/M?S=lcqdt0lbsjp0k,20,23,任期満了,"30,783",61.22%,65.74%,933.735,樫原 浩二,52,男,無所属,新,会社役員,True
2022-03-27,2022-03-20,阿波市議会議員選挙,徳島県,https://seijiyama.jp/area/card/3624/iJ0bi9/M?S=lcqdt0lbsjp0k,20,23,任期満了,"30,783",61.22%,65.74%,917,木村 松雄,71,男,無所属,現,会社役員,True
2022-03-27,2022-03-20,阿波市議会議員選挙,徳島県,https://seijiyama.jp/area/card/3624/iJ0bi9/M?S=lcqdt0lbsjp0k,20,23,任期満了,"30,783",61.22%,65.74%,875,阿部 雅志,71,男,無所属,現,農業,True
2022-03-27,2022-03-20,阿波市議会議員選挙,徳島県,https://seijiyama.jp/area/card/3624/iJ0bi9/M?S=lcqdt0lbsjp0k,20,23,任期満了,"30,783",61.22%,65.74%,848.398,笠井 一司,68,男,無所属,現,農業,True
2022-03-27,2022-03-20,阿波市議会議員選挙,徳島県,https://seijiyama.jp/area/card/3624/iJ0bi9/M?S=lcqdt0lbsjp0k,20,23,任期満了,"30,783",61.22%,65.74%,820,武沢 豪,44,男,無所属,現,農業,True
2022-03-27,2022-03-20,阿波市議会議員選挙,徳島県,https://seijiyama.jp/area/card/3624/iJ0bi9/M?S=lcqdt0lbsjp0k,20,23,任期満了,"30,783",61.22%,65.74%,809,藤本 功男,66,男,無所属,現,無職,True
2022-03-27,2022-03-20,阿波市議会議員選挙,徳島県,https://seijiyama.jp/area/card/3624/iJ0bi9/M?S=lcqdt0lbsjp0k,20,23,任期満了,"30,783",61.22%,65.74%,805,竹内 政幸,68,男,無所属,新,農業,True
2022-03-27,2022-03-20,阿波市議会議員選挙,徳島県,https://seijiyama.jp/area/card/3624/iJ0bi9/M?S=lcqdt0lbsjp0k,20,23,任期満了,"30,783",61.22%,65.74%,802.931,原田 定信,74,男,無所属,現,会社役員,True
2022-03-27,2022-03-20,阿波市議会議員選挙,徳島県,https://seijiyama.jp/area/card/3624/iJ0bi9/M?S=lcqdt0lbsjp0k,20,23,任期満了,"30,783",61.22%,65.74%,755,坂東 重夫,65,男,無所属,現,無職,True
2022-03-27,2022-03-20,阿波市議会議員選挙,徳島県,https://seijiyama.jp/area/card/3624/iJ0bi9/M?S=lcqdt0lbsjp0k,20,23,任期満了,"30,783",61.22%,65.74%,726,三浦 三一,73,男,無所属,現,農業,True
2022-03-27,2022-03-20,阿波市議会議員選挙,徳島県,https://seijiyama.jp/area/card/3624/iJ0bi9/M?S=lcqdt0lbsjp0k,20,23,任期満了,"30,783",61.22%,65.74%,707,後藤 修,54,男,無所属,現,会社員,True
2022-03-27,2022-03-20,阿波市議会議員選挙,徳島県,https://seijiyama.jp/area/card/3624/iJ0bi9/M?S=lcqdt0lbsjp0k,20,23,任期満了,"30,783",61.22%,65.74%,706,中野 厚志,70,男,共産,現,農業,True
2022-03-27,2022-03-20,阿波市議会議員選挙,徳島県,https://seijiyama.jp/area/card/3624/iJ0bi9/M?S=lcqdt0lbsjp0k,20,23,任期満了,"30,783",61.22%,65.74%,638,吉田 稔,68,男,無所属,現,農業,True
2022-03-27,2022-03-20,阿波市議会議員選挙,徳島県,https://seijiyama.jp/area/card/3624/iJ0bi9/M?S=lcqdt0lbsjp0k,20,23,任期満了,"30,783",61.22%,65.74%,587.068,原田 健資,76,男,無所属,現,農業,True
2022-03-27,2022-03-20,阿波市議会議員選挙,徳島県,https://seijiyama.jp/area/card/3624/iJ0bi9/M?S=lcqdt0lbsjp0k,20,23,任期満了,"30,783",61.22%,65.74%,563,出口 治男,80,男,無所属,現,農業,False
2022-03-27,2022-03-20,阿波市議会議員選挙,徳島県,https://seijiyama.jp/area/card/3624/iJ0bi9/M?S=lcqdt0lbsjp0k,20,23,任期満了,"30,783",61.22%,65.74%,494,中川 節雄,78,男,無所属,元,自営業,False
2022-03-27,2022-03-20,阿波市議会議員選挙,徳島県,https://seijiyama.jp/area/card/3624/iJ0bi9/M?S=lcqdt0lbsjp0k,20,23,任期満了,"30,783",61.22%,65.74%,131,吉本 健二,74,男,無所属,元,行政書士,False
2022-03-27,2022-03-20,東海市議会議員選挙,愛知県,https://seijiyama.jp/area/card/3624/EJza36/M?S=lcqdt0lbsjo0k,22,28,任期満了,"91,272",43.56%,43.49%,2408,工藤 政明,53,男,無所属,現,愛知製鋼株式会社社員,True
2022-03-27,2022-03-20,東海市議会議員選挙,愛知県,https://seijiyama.jp/area/card/3624/EJza36/M?S=lcqdt0lbsjo0k,22,28,任期満了,"91,272",43.56%,43.49%,2130.364,早川 康司,57,男,無所属,現,株式会社糸重社長,True
2022-03-27,2022-03-20,東海市議会議員選挙,愛知県,https://seijiyama.jp/area/card/3624/EJza36/M?S=lcqdt0lbsjo0k,22,28,任期満了,"91,272",43.56%,43.49%,2078,今瀬 和弘,45,男,無所属,現,大同特殊鋼株式会社社員,True
2022-03-27,2022-03-20,東海市議会議員選挙,愛知県,https://seijiyama.jp/area/card/3624/EJza36/M?S=lcqdt0lbsjo0k,22,28,任期満了,"91,272",43.56%,43.49%,2059.613,井上 正人,68,男,自民,現,薬局経営,True
2022-03-27,2022-03-20,東海市議会議員選挙,愛知県,https://seijiyama.jp/area/card/3624/EJza36/M?S=lcqdt0lbsjo0k,22,28,任期満了,"91,272",43.56%,43.49%,1947,成田 佳勉,35,男,無所属,新,子ども運動遊び教室「HOPE」代表,True
2022-03-27,2022-03-20,東海市議会議員選挙,愛知県,https://seijiyama.jp/area/card/3624/EJza36/M?S=lcqdt0lbsjo0k,22,28,任期満了,"91,272",43.56%,43.49%,1942,石丸 喜久雄,62,男,公明,現,市議会議員,True
2022-03-27,2022-03-20,東海市議会議員選挙,愛知県,https://seijiyama.jp/area/card/3624/EJza36/M?S=lcqdt0lbsjo0k,22,28,任期満了,"91,272",43.56%,43.49%,1930.932,井上 純一,61,男,公明,現,市議会議員,True
2022-03-27,2022-03-20,東海市議会議員選挙,愛知県,https://seijiyama.jp/area/card/3624/EJza36/M?S=lcqdt0lbsjo0k,22,28,任期満了,"91,272",43.56%,43.49%,1728,坂本 拓也,51,男,無所属,新,サカモト乳販株式会社社長,True
2022-03-27,2022-03-20,東海市議会議員選挙,愛知県,https://seijiyama.jp/area/card/3624/EJza36/M?S=lcqdt0lbsjo0k,22,28,任期満了,"91,272",43.56%,43.49%,1716,秋葉 みどり,56,女,無所属,新,無職,True
2022-03-27,2022-03-20,東海市議会議員選挙,愛知県,https://seijiyama.jp/area/card/3624/EJza36/M?S=lcqdt0lbsjo0k,22,28,任期満了,"91,272",43.56%,43.49%,1712.906,加藤 菊信,66,男,無所属,現,農業,True
2022-03-27,2022-03-20,東海市議会議員選挙,愛知県,https://seijiyama.jp/area/card/3624/EJza36/M?S=lcqdt0lbsjo0k,22,28,任期満了,"91,272",43.56%,43.49%,1598.453,蓑手 純一,47,男,公明,新,日本図書輸送株式会社社員,True
2022-03-27,2022-03-20,東海市議会議員選挙,愛知県,https://seijiyama.jp/area/card/3624/EJza36/M?S=lcqdt0lbsjo0k,22,28,任期満了,"91,272",43.56%,43.49%,1527,佐藤 友昭,54,男,無所属,現,日本製鉄株式会社社員,True
2022-03-27,2022-03-20,東海市議会議員選挙,愛知県,https://seijiyama.jp/area/card/3624/EJza36/M?S=lcqdt0lbsjo0k,22,28,任期満了,"91,272",43.56%,43.49%,1473.635,早川 直久,66,男,無所属,現,農業,True
2022-03-27,2022-03-20,東海市議会議員選挙,愛知県,https://seijiyama.jp/area/card/3624/EJza36/M?S=lcqdt0lbsjo0k,22,28,任期満了,"91,272",43.56%,43.49%,1448,中村 義幸,60,男,無所属,新,ナカミライズホールディングス株式会社代表取締役,True
2022-03-27,2022-03-20,東海市議会議員選挙,愛知県,https://seijiyama.jp/area/card/3624/EJza36/M?S=lcqdt0lbsjo0k,22,28,任期満了,"91,272",43.56%,43.49%,1413,蔵満 秀規,57,男,無所属,現,日本製鉄株式会社社員,True
2022-03-27,2022-03-20,東海市議会議員選挙,愛知県,https://seijiyama.jp/area/card/3624/EJza36/M?S=lcqdt0lbsjo0k,22,28,任期満了,"91,272",43.56%,43.49%,1389,江川 祐之,49,男,無所属,新,日本製鉄株式会社社員,True
2022-03-27,2022-03-20,東海市議会議員選挙,愛知県,https://seijiyama.jp/area/card/3624/EJza36/M?S=lcqdt0lbsjo0k,22,28,任期満了,"91,272",43.56%,43.49%,1228,磯部 秋広,68,男,無所属,新,無職,True
2022-03-27,2022-03-20,東海市議会議員選挙,愛知県,https://seijiyama.jp/area/card/3624/EJza36/M?S=lcqdt0lbsjo0k,22,28,任期満了,"91,272",43.56%,43.49%,1214,坂 ゆかり,56,女,共産,現,党知多地区役員,True
2022-03-27,2022-03-20,東海市議会議員選挙,愛知県,https://seijiyama.jp/area/card/3624/EJza36/M?S=lcqdt0lbsjo0k,22,28,任期満了,"91,272",43.56%,43.49%,1168,北川 明夫,69,男,無所属,現,市議会議員、行政書士,True
2022-03-27,2022-03-20,東海市議会議員選挙,愛知県,https://seijiyama.jp/area/card/3624/EJza36/M?S=lcqdt0lbsjo0k,22,28,任期満了,"91,272",43.56%,43.49%,1166.993,村瀬 進治,72,男,維新,現,華道教授,True
2022-03-27,2022-03-20,東海市議会議員選挙,愛知県,https://seijiyama.jp/area/card/3624/EJza36/M?S=lcqdt0lbsjo0k,22,28,任期満了,"91,272",43.56%,43.49%,1084,冨田 博巳,63,男,無所属,現,農業機械販売,True
2022-03-27,2022-03-20,東海市議会議員選挙,愛知県,https://seijiyama.jp/area/card/3624/EJza36/M?S=lcqdt0lbsjo0k,22,28,任期満了,"91,272",43.56%,43.49%,982.093,加藤 典子,73,女,共産,新,無職,True
2022-03-27,2022-03-20,東海市議会議員選挙,愛知県,https://seijiyama.jp/area/card/3624/EJza36/M?S=lcqdt0lbsjo0k,22,28,任期満了,"91,272",43.56%,43.49%,958,間瀬 友浩,47,男,無所属,現,無職,False
2022-03-27,2022-03-20,東海市議会議員選挙,愛知県,https://seijiyama.jp/area/card/3624/EJza36/M?S=lcqdt0lbsjo0k,22,28,任期満了,"91,272",43.56%,43.49%,949.006,村瀬 晃代,69,女,維新,現,市議会議員,False
2022-03-27,2022-03-20,東海市議会議員選挙,愛知県,https://seijiyama.jp/area/card/3624/EJza36/M?S=lcqdt0lbsjo0k,22,28,任期満了,"91,272",43.56%,43.49%,900,山崎 大助,25,男,無所属,新,会社役員,False
2022-03-27,2022-03-20,東海市議会議員選挙,愛知県,https://seijiyama.jp/area/card/3624/EJza36/M?S=lcqdt0lbsjo0k,22,28,任期満了,"91,272",43.56%,43.49%,558,川田 義光,66,男,無所属,新,無職,False
2022-03-27,2022-03-20,東海市議会議員選挙,愛知県,https://seijiyama.jp/area/card/3624/EJza36/M?S=lcqdt0lbsjo0k,22,28,任期満了,"91,272",43.56%,43.49%,290,前川 みど里,49,女,無所属,新,オペラ歌手,False
2022-03-27,2022-03-20,東海市議会議員選挙,愛知県,https://seijiyama.jp/area/card/3624/EJza36/M?S=lcqdt0lbsjo0k,22,28,任期満了,"91,272",43.56%,43.49%,258,馬場 晃弘,52,男,みんなの党愛知,新,名勢工業社員,False
2022-03-27,2022-03-20,北秋田市議会議員選挙,秋田県,https://seijiyama.jp/area/card/3624/I4tpj6/M?S=lcqdt0lbsjn0k,18,19,任期満了,"26,711",61.8%,66.6%,1434.026,佐藤 光子,44,女,無所属,現,無職,True
2022-03-27,2022-03-20,北秋田市議会議員選挙,秋田県,https://seijiyama.jp/area/card/3624/I4tpj6/M?S=lcqdt0lbsjn0k,18,19,任期満了,"26,711",61.8%,66.6%,1398,福田 牧子,59,女,公明,新,無職,True
2022-03-27,2022-03-20,北秋田市議会議員選挙,秋田県,https://seijiyama.jp/area/card/3624/I4tpj6/M?S=lcqdt0lbsjn0k,18,19,任期満了,"26,711",61.8%,66.6%,1199,松橋 久敏,67,男,無所属,新,無職,True
2022-03-27,2022-03-20,北秋田市議会議員選挙,秋田県,https://seijiyama.jp/area/card/3624/I4tpj6/M?S=lcqdt0lbsjn0k,18,19,任期満了,"26,711",61.8%,66.6%,1177,佐々木 正史,62,男,無所属,新,無職,True
2022-03-27,2022-03-20,北秋田市議会議員選挙,秋田県,https://seijiyama.jp/area/card/3624/I4tpj6/M?S=lcqdt0lbsjn0k,18,19,任期満了,"26,711",61.8%,66.6%,1037,虻川 敬,49,男,無所属,現,会社役員,True
2022-03-27,2022-03-20,北秋田市議会議員選挙,秋田県,https://seijiyama.jp/area/card/3624/I4tpj6/M?S=lcqdt0lbsjn0k,18,19,任期満了,"26,711",61.8%,66.6%,1024,板垣 淳,62,男,共産,現,政党役員,True
2022-03-27,2022-03-20,北秋田市議会議員選挙,秋田県,https://seijiyama.jp/area/card/3624/I4tpj6/M?S=lcqdt0lbsjn0k,18,19,任期満了,"26,711",61.8%,66.6%,997,永井 昌孝,40,男,無所属,現,会社員,True
2022-03-27,2022-03-20,北秋田市議会議員選挙,秋田県,https://seijiyama.jp/area/card/3624/I4tpj6/M?S=lcqdt0lbsjn0k,18,19,任期満了,"26,711",61.8%,66.6%,937,福岡 由巳,80,男,無所属,現,無職,True
2022-03-27,2022-03-20,北秋田市議会議員選挙,秋田県,https://seijiyama.jp/area/card/3624/I4tpj6/M?S=lcqdt0lbsjn0k,18,19,任期満了,"26,711",61.8%,66.6%,904,長崎 克彦,80,男,無所属,現,農業,True
2022-03-27,2022-03-20,北秋田市議会議員選挙,秋田県,https://seijiyama.jp/area/card/3624/I4tpj6/M?S=lcqdt0lbsjn0k,18,19,任期満了,"26,711",61.8%,66.6%,777,堀部 寿,71,男,無所属,現,農業,True
2022-03-27,2022-03-20,北秋田市議会議員選挙,秋田県,https://seijiyama.jp/area/card/3624/I4tpj6/M?S=lcqdt0lbsjn0k,18,19,任期満了,"26,711",61.8%,66.6%,724.023,佐藤 重光,79,男,無所属,現,農業,True
2022-03-27,2022-03-20,北秋田市議会議員選挙,秋田県,https://seijiyama.jp/area/card/3624/I4tpj6/M?S=lcqdt0lbsjn0k,18,19,任期満了,"26,711",61.8%,66.6%,671.949,佐藤 文信,70,男,無所属,現,農業,True
2022-03-27,2022-03-20,北秋田市議会議員選挙,秋田県,https://seijiyama.jp/area/card/3624/I4tpj6/M?S=lcqdt0lbsjn0k,18,19,任期満了,"26,711",61.8%,66.6%,669,小笠原 寿,59,男,無所属,現,会社員,True
2022-03-27,2022-03-20,北秋田市議会議員選挙,秋田県,https://seijiyama.jp/area/card/3624/I4tpj6/M?S=lcqdt0lbsjn0k,18,19,任期満了,"26,711",61.8%,66.6%,635,久留嶋 範子,70,女,共産,現,無職,True
2022-03-27,2022-03-20,北秋田市議会議員選挙,秋田県,https://seijiyama.jp/area/card/3624/I4tpj6/M?S=lcqdt0lbsjn0k,18,19,任期満了,"26,711",61.8%,66.6%,631,三浦 倫美,61,女,共産,現,無職,True
2022-03-27,2022-03-20,北秋田市議会議員選挙,秋田県,https://seijiyama.jp/area/card/3624/I4tpj6/M?S=lcqdt0lbsjn0k,18,19,任期満了,"26,711",61.8%,66.6%,610,五代儀 義富,67,男,無所属,新,無職,True
2022-03-27,2022-03-20,北秋田市議会議員選挙,秋田県,https://seijiyama.jp/area/card/3624/I4tpj6/M?S=lcqdt0lbsjn0k,18,19,任期満了,"26,711",61.8%,66.6%,563,杉渕 一弘,66,男,無所属,現,無職,True
2022-03-27,2022-03-20,北秋田市議会議員選挙,秋田県,https://seijiyama.jp/area/card/3624/I4tpj6/M?S=lcqdt0lbsjn0k,18,19,任期満了,"26,711",61.8%,66.6%,518,中嶋 洋子,77,女,無所属,現,無職,True
2022-03-27,2022-03-20,北秋田市議会議員選挙,秋田県,https://seijiyama.jp/area/card/3624/I4tpj6/M?S=lcqdt0lbsjn0k,18,19,任期満了,"26,711",61.8%,66.6%,406,木村 謙一,62,男,無所属,新,無職,False
2022-03-27,2022-03-22,西米良村議会議員補欠選挙,宮崎県,https://seijiyama.jp/area/card/3624/179mjA/M?S=lcqdt0lcser0k,2,2,辞職,911,,93.02%,,たづめ 朝幸,47,男,無所属,新,農業,True
2022-03-27,2022-03-22,西米良村議会議員補欠選挙,宮崎県,https://seijiyama.jp/area/card/3624/179mjA/M?S=lcqdt0lcser0k,2,2,辞職,911,,93.02%,,黒木 としひろ,64,男,無所属,新,会社員,True
2022-03-27,2022-03-22,七飯町議会議員補欠選挙,北海道,https://seijiyama.jp/area/card/3624/6E6R9j/M?S=lcqdt0lcscs0k,1,1,辞職,"23,987",,57.76%,,江口 勝幸,49,男,無所属,新,カネシン江口商事代表,True
2022-03-27,2022-03-22,津幡町長選挙,石川県,https://seijiyama.jp/area/card/3624/23YVkF/M?S=lcqdt0lcmcq0k,1,1,任期満了,"31,247",,,,矢田 富郎,72,男,無所属,現,津幡町長,True
2022-03-27,2022-03-22,山形村議会議員選挙,長野県,https://seijiyama.jp/area/card/3624/e5mne2/M?S=lcqdt0lcljk0k,12,12,任期満了,"7,077",,58.76%,,大月 民夫,72,男,無所属,現,農業,True
2022-03-27,2022-03-22,山形村議会議員選挙,長野県,https://seijiyama.jp/area/card/3624/e5mne2/M?S=lcqdt0lcljk0k,12,12,任期満了,"7,077",,58.76%,,春日 仁,56,男,無所属,現,自営業,True
2022-03-27,2022-03-22,山形村議会議員選挙,長野県,https://seijiyama.jp/area/card/3624/e5mne2/M?S=lcqdt0lcljk0k,12,12,任期満了,"7,077",,58.76%,,福沢 倫治,74,男,無所属,現,農業,True
2022-03-27,2022-03-22,山形村議会議員選挙,長野県,https://seijiyama.jp/area/card/3624/e5mne2/M?S=lcqdt0lcljk0k,12,12,任期満了,"7,077",,58.76%,,竹野入 恒夫,73,男,無所属,現,会社役員,True
2022-03-27,2022-03-22,山形村議会議員選挙,長野県,https://seijiyama.jp/area/card/3624/e5mne2/M?S=lcqdt0lcljk0k,12,12,任期満了,"7,077",,58.76%,,上條 倫司,67,男,無所属,現,農業,True
2022-03-27,2022-03-22,山形村議会議員選挙,長野県,https://seijiyama.jp/area/card/3624/e5mne2/M?S=lcqdt0lcljk0k,12,12,任期満了,"7,077",,58.76%,,大池 俊子,70,女,共産,現,農業,True
2022-03-27,2022-03-22,山形村議会議員選挙,長野県,https://seijiyama.jp/area/card/3624/e5mne2/M?S=lcqdt0lcljk0k,12,12,任期満了,"7,077",,58.76%,,小林 幸司,61,男,無所属,現,農業,True
2022-03-27,2022-03-22,山形村議会議員選挙,長野県,https://seijiyama.jp/area/card/3624/e5mne2/M?S=lcqdt0lcljk0k,12,12,任期満了,"7,077",,58.76%,,三沢 一男,73,男,無所属,現,農業,True
2022-03-27,2022-03-22,山形村議会議員選挙,長野県,https://seijiyama.jp/area/card/3624/e5mne2/M?S=lcqdt0lcljk0k,12,12,任期満了,"7,077",,58.76%,,新居 禎三,69,男,無所属,現,無職,True
2022-03-27,2022-03-22,山形村議会議員選挙,長野県,https://seijiyama.jp/area/card/3624/e5mne2/M?S=lcqdt0lcljk0k,12,12,任期満了,"7,077",,58.76%,,百瀬 章,68,男,無所属,現,無職,True
2022-03-27,2022-03-22,山形村議会議員選挙,長野県,https://seijiyama.jp/area/card/3624/e5mne2/M?S=lcqdt0lcljk0k,12,12,任期満了,"7,077",,58.76%,,小出 敏裕,70,男,無所属,現,無職,True
2022-03-27,2022-03-22,山形村議会議員選挙,長野県,https://seijiyama.jp/area/card/3624/e5mne2/M?S=lcqdt0lcljk0k,12,12,任期満了,"7,077",,58.76%,,百瀬 昇一,71,男,無所属,現,農業,True
2022-03-27,2022-03-22,壬生町長選挙,栃木県,https://seijiyama.jp/area/card/3624/1jNc89/M?S=lcqdt0lcldk0k,1,1,任期満了,"32,607",,,,小菅 一弥,60,男,無所属（自民推薦）,現,農業、壬生町長,True
2022-03-27,2022-03-22,小川村長選挙,長野県,https://seijiyama.jp/area/card/3624/JINIaI/M?S=lcqdt0lclbt0k,1,1,任期満了,"2,108",,,,染野 隆嗣,67,男,無所属,現,小川村長,True
2022-03-27,2022-03-22,日高町長選挙,北海道,https://seijiyama.jp/area/card/3624/ajur4D/M?S=lcqdt0lclbn0k,1,1,任期満了,"9,712",,,,大鷹 千秋,65,男,無所属,現,特別職地方公務員（日高町長）,True
2022-03-27,2022-03-22,鮭川村長選挙,山形県,https://seijiyama.jp/area/card/3624/b7E86E/M?S=lcqdt0lclas0k,1,1,任期満了,"3,482",,80.44%,,元木 洋介,73,男,無所属,現,鮭川村長,True
2022-03-27,2022-03-22,おおい町長選挙,福井県,https://seijiyama.jp/area/card/3624/b0ZQKc/M?S=lcqdt0lclan0k,1,1,任期満了,"6,696",,80.01%,,中塚 寛,62,男,無所属,現,おおい町長,True
2022-03-27,2022-03-22,小川村議会議員補欠選挙,長野県,https://seijiyama.jp/area/card/3624/6JcakK/M?S=lcqdt0lclak0k,1,1,死去,"2,108",,,,塚田 綾子,40,女,無所属,新,自営業,True
2022-03-27,2022-03-20,下妻市長選挙,茨城県,https://seijiyama.jp/area/card/3624/95Y46j/M?S=lcqdt0lclco0k,1,1,任期満了,"34,689",,48.7%,,菊池 博,59,男,無所属,現,下妻市長,True
2022-03-27,2022-03-20,木更津市長選挙,千葉県,https://seijiyama.jp/area/card/3624/dGXZg6/M?S=lcqdt0lbsjm0k,1,1,任期満了,"12,839",,,,渡辺 芳邦,57,男,無所属（自民、公明推薦）,現,木更津市長,True
2022-03-20,2022-03-15,白浜町議会議員選挙,和歌山県,https://seijiyama.jp/area/card/3624/7KRaia/M?S=lcqdt0lbsir0k,12,13,任期満了,"17,811",55.98%,61.57%,1629,黒田 武士,45,男,無所属,新,会社役員,True
2022-03-20,2022-03-15,白浜町議会議員選挙,和歌山県,https://seijiyama.jp/area/card/3624/7KRaia/M?S=lcqdt0lbsir0k,12,13,任期満了,"17,811",55.98%,61.57%,1033,松田 剛治,55,男,公明,現,社会福祉法人職員,True
2022-03-20,2022-03-15,白浜町議会議員選挙,和歌山県,https://seijiyama.jp/area/card/3624/7KRaia/M?S=lcqdt0lbsir0k,12,13,任期満了,"17,811",55.98%,61.57%,803,堅田 府利,56,男,無所属,現,自営業,True
2022-03-20,2022-03-15,白浜町議会議員選挙,和歌山県,https://seijiyama.jp/area/card/3624/7KRaia/M?S=lcqdt0lbsir0k,12,13,任期満了,"17,811",55.98%,61.57%,788,溝口 耕太郎,62,男,無所属,現,農業,True
2022-03-20,2022-03-15,白浜町議会議員選挙,和歌山県,https://seijiyama.jp/area/card/3624/7KRaia/M?S=lcqdt0lbsir0k,12,13,任期満了,"17,811",55.98%,61.57%,778,広畑 敏雄,68,男,共産,現,農業,True
2022-03-20,2022-03-15,白浜町議会議員選挙,和歌山県,https://seijiyama.jp/area/card/3624/7KRaia/M?S=lcqdt0lbsir0k,12,13,任期満了,"17,811",55.98%,61.57%,759,西尾 智朗,70,男,無所属,現,無職,True
2022-03-20,2022-03-15,白浜町議会議員選挙,和歌山県,https://seijiyama.jp/area/card/3624/7KRaia/M?S=lcqdt0lbsir0k,12,13,任期満了,"17,811",55.98%,61.57%,674,長野 荘一,68,男,無所属,現,無職,True
2022-03-20,2022-03-15,白浜町議会議員選挙,和歌山県,https://seijiyama.jp/area/card/3624/7KRaia/M?S=lcqdt0lbsir0k,12,13,任期満了,"17,811",55.98%,61.57%,668,水上 久美子,70,女,無所属,現,自営業,True
2022-03-20,2022-03-15,白浜町議会議員選挙,和歌山県,https://seijiyama.jp/area/card/3624/7KRaia/M?S=lcqdt0lbsir0k,12,13,任期満了,"17,811",55.98%,61.57%,651,辻 成紀,64,男,無所属,現,無職,True
2022-03-20,2022-03-15,白浜町議会議員選挙,和歌山県,https://seijiyama.jp/area/card/3624/7KRaia/M?S=lcqdt0lbsir0k,12,13,任期満了,"17,811",55.98%,61.57%,579,小森 一典,47,男,無所属,現,無職,True
2022-03-20,2022-03-15,白浜町議会議員選挙,和歌山県,https://seijiyama.jp/area/card/3624/7KRaia/M?S=lcqdt0lbsir0k,12,13,任期満了,"17,811",55.98%,61.57%,540,正木 秀男,70,男,無所属,現,無職,True
2022-03-20,2022-03-15,白浜町議会議員選挙,和歌山県,https://seijiyama.jp/area/card/3624/7KRaia/M?S=lcqdt0lbsir0k,12,13,任期満了,"17,811",55.98%,61.57%,482,横畑 真治,57,男,共産,新,政党職員,True
2022-03-20,2022-03-15,白浜町議会議員選挙,和歌山県,https://seijiyama.jp/area/card/3624/7KRaia/M?S=lcqdt0lbsir0k,12,13,任期満了,"17,811",55.98%,61.57%,474,菊原 章,57,男,無所属,新,自営業,False
2022-03-20,2022-03-11,広島市議会議員補欠選挙（安芸区選挙区）,広島県,https://seijiyama.jp/area/card/3624/9IpT4d/M?S=lcqdt0lcscn0k,1,4,辞職,"63,672",20.6%,,6582,西佐古 晋平,43,男,無所属,新,無職,True
2022-03-20,2022-03-11,広島市議会議員補欠選挙（安芸区選挙区）,広島県,https://seijiyama.jp/area/card/3624/9IpT4d/M?S=lcqdt0lcscn0k,1,4,辞職,"63,672",20.6%,,2776.426,大田 智弘,57,男,維新,新,有限会社ウィズライズ代表取締役,False
2022-03-20,2022-03-11,広島市議会議員補欠選挙（安芸区選挙区）,広島県,https://seijiyama.jp/area/card/3624/9IpT4d/M?S=lcqdt0lcscn0k,1,4,辞職,"63,672",20.6%,,2377,中石 仁,59,男,共産,元,日本共産党広島県委員,False
2022-03-20,2022-03-11,広島市議会議員補欠選挙（安芸区選挙区）,広島県,https://seijiyama.jp/area/card/3624/9IpT4d/M?S=lcqdt0lcscn0k,1,4,辞職,"63,672",20.6%,,1072.573,大田 清,49,男,無所属,新,大田産業合同会社代表社員,False
2022-03-20,2022-03-13,大田原市長選挙,栃木県,https://seijiyama.jp/area/card/3624/4egrbA/M?S=lcqdt0lclbl0k,1,4,任期満了,"58,678",51.24%,36.12%,10049,相馬 憲一,64,男,無所属,新,無職、元栃木県議,True
2022-03-20,2022-03-13,大田原市長選挙,栃木県,https://seijiyama.jp/area/card/3624/4egrbA/M?S=lcqdt0lclbl0k,1,4,任期満了,"58,678",51.24%,36.12%,9860,津久井 富雄,72,男,無所属（自民、公明推薦）,現,農業、大田原市長,False
2022-03-20,2022-03-13,大田原市長選挙,栃木県,https://seijiyama.jp/area/card/3624/4egrbA/M?S=lcqdt0lclbl0k,1,4,任期満了,"58,678",51.24%,36.12%,7684,星 雅人,37,男,無所属,新,学童保育支援員、元市議,False
2022-03-20,2022-03-13,大田原市長選挙,栃木県,https://seijiyama.jp/area/card/3624/4egrbA/M?S=lcqdt0lclbl0k,1,4,任期満了,"58,678",51.24%,36.12%,2273,鈴木 たかし,63,男,無所属,新,,False
2022-03-20,2022-03-13,橋本市長選挙,和歌山県,https://seijiyama.jp/area/card/3624/B0UO2I/M?S=lcqdt0lclao0k,1,2,任期満了,"51,997",54.41%,,15075,平木 哲朗,64,男,無所属,現,特別地方公務員（橋本市長）,True
2022-03-20,2022-03-13,橋本市長選挙,和歌山県,https://seijiyama.jp/area/card/3624/B0UO2I/M?S=lcqdt0lclao0k,1,2,任期満了,"51,997",54.41%,,12779,小西 政宏,35,男,無所属,新,自営業,False
2022-03-20,2022-03-13,戸田市長選挙,埼玉県,https://seijiyama.jp/area/card/3624/14ewCI/M?S=lcqdt0lbsjl0k,1,2,任期満了,"109,570",36.49%,38.19%,37092,菅原 文仁,46,男,無所属,現,戸田市長,True
2022-03-20,2022-03-13,戸田市長選挙,埼玉県,https://seijiyama.jp/area/card/3624/14ewCI/M?S=lcqdt0lbsjl0k,1,2,任期満了,"109,570",36.49%,38.19%,2529,スーパークレイジー君,35,男,スーパークレイジー君党,新,政治団体代表,False
2022-03-20,2022-03-15,松川村議会議員選挙,長野県,https://seijiyama.jp/area/card/3624/Dj1zIa/M?S=lcqdt0lbsim0k,12,13,任期満了,"8,131",54.89%,,725,矢口 あかね,57,女,無所属,現,会社員,True
2022-03-20,2022-03-15,松川村議会議員選挙,長野県,https://seijiyama.jp/area/card/3624/Dj1zIa/M?S=lcqdt0lbsim0k,12,13,任期満了,"8,131",54.89%,,437,三崎 千照,36,女,無所属,新,無職,True
2022-03-20,2022-03-15,松川村議会議員選挙,長野県,https://seijiyama.jp/area/card/3624/Dj1zIa/M?S=lcqdt0lbsim0k,12,13,任期満了,"8,131",54.89%,,405,石腰 隆史,56,男,無所属,新,会社員,True
2022-03-20,2022-03-15,松川村議会議員選挙,長野県,https://seijiyama.jp/area/card/3624/Dj1zIa/M?S=lcqdt0lbsim0k,12,13,任期満了,"8,131",54.89%,,371,小山 育一,73,男,無所属,新,パート社員,True
2022-03-20,2022-03-15,松川村議会議員選挙,長野県,https://seijiyama.jp/area/card/3624/Dj1zIa/M?S=lcqdt0lbsim0k,12,13,任期満了,"8,131",54.89%,,370,山中 伯行,71,男,無所属,現,農業,True
2022-03-20,2022-03-15,松川村議会議員選挙,長野県,https://seijiyama.jp/area/card/3624/Dj1zIa/M?S=lcqdt0lbsim0k,12,13,任期満了,"8,131",54.89%,,359,梨子田 長生,65,男,無所属,現,農業,True
2022-03-20,2022-03-15,松川村議会議員選挙,長野県,https://seijiyama.jp/area/card/3624/Dj1zIa/M?S=lcqdt0lbsim0k,12,13,任期満了,"8,131",54.89%,,328,上田 治美,79,男,共産,現,無職,True
2022-03-20,2022-03-15,松川村議会議員選挙,長野県,https://seijiyama.jp/area/card/3624/Dj1zIa/M?S=lcqdt0lbsim0k,12,13,任期満了,"8,131",54.89%,,289.524,平林 幹張,69,男,無所属,現,農業,True
2022-03-20,2022-03-15,松川村議会議員選挙,長野県,https://seijiyama.jp/area/card/3624/Dj1zIa/M?S=lcqdt0lbsim0k,12,13,任期満了,"8,131",54.89%,,281,茅野 靖昌,75,男,無所属,現,無職,True
2022-03-20,2022-03-15,松川村議会議員選挙,長野県,https://seijiyama.jp/area/card/3624/Dj1zIa/M?S=lcqdt0lbsim0k,12,13,任期満了,"8,131",54.89%,,262.475,平林 泉,73,男,無所属,現,無職,True
2022-03-20,2022-03-15,松川村議会議員選挙,長野県,https://seijiyama.jp/area/card/3624/Dj1zIa/M?S=lcqdt0lbsim0k,12,13,任期満了,"8,131",54.89%,,261,大和田 耕一,70,男,無所属,現,会社員,True
2022-03-20,2022-03-15,松川村議会議員選挙,長野県,https://seijiyama.jp/area/card/3624/Dj1zIa/M?S=lcqdt0lbsim0k,12,13,任期満了,"8,131",54.89%,,228,宮崎 昭利,63,男,無所属,新,農業,True
2022-03-20,2022-03-15,松川村議会議員選挙,長野県,https://seijiyama.jp/area/card/3624/Dj1zIa/M?S=lcqdt0lbsim0k,12,13,任期満了,"8,131",54.89%,,104,芦田 一夫,71,男,無所属,新,無職,False
2022-03-20,2022-03-15,むかわ町議会議員選挙,北海道,https://seijiyama.jp/area/card/3624/DEsCJb/M?S=lcqdt0lckiq0k,13,13,任期満了,"6,635",,,,東 千吉,66,男,公明,現,会社員,True
2022-03-20,2022-03-15,むかわ町議会議員選挙,北海道,https://seijiyama.jp/area/card/3624/DEsCJb/M?S=lcqdt0lckiq0k,13,13,任期満了,"6,635",,,,大松 紀美子,74,女,共産,現,政党団体職員,True
2022-03-20,2022-03-15,むかわ町議会議員選挙,北海道,https://seijiyama.jp/area/card/3624/DEsCJb/M?S=lcqdt0lckiq0k,13,13,任期満了,"6,635",,,,小坂 利政,74,男,無所属,現,団体役員,True
2022-03-20,2022-03-15,むかわ町議会議員選挙,北海道,https://seijiyama.jp/area/card/3624/DEsCJb/M?S=lcqdt0lckiq0k,13,13,任期満了,"6,635",,,,佐藤 守,74,男,無所属,現,農業,True
2022-03-20,2022-03-15,むかわ町議会議員選挙,北海道,https://seijiyama.jp/area/card/3624/DEsCJb/M?S=lcqdt0lckiq0k,13,13,任期満了,"6,635",,,,伊藤 恵美,49,女,無所属,新,無職,True
2022-03-20,2022-03-15,むかわ町議会議員選挙,北海道,https://seijiyama.jp/area/card/3624/DEsCJb/M?S=lcqdt0lckiq0k,13,13,任期満了,"6,635",,,,野田 省一,64,男,無所属,現,会社役員,True
2022-03-20,2022-03-15,むかわ町議会議員選挙,北海道,https://seijiyama.jp/area/card/3624/DEsCJb/M?S=lcqdt0lckiq0k,13,13,任期満了,"6,635",,,,栗原 健一,40,男,無所属,新,理容業,True
2022-03-20,2022-03-15,むかわ町議会議員選挙,北海道,https://seijiyama.jp/area/card/3624/DEsCJb/M?S=lcqdt0lckiq0k,13,13,任期満了,"6,635",,,,古内 みゆき,56,女,無所属,新,会社員,True
2022-03-20,2022-03-15,むかわ町議会議員選挙,北海道,https://seijiyama.jp/area/card/3624/DEsCJb/M?S=lcqdt0lckiq0k,13,13,任期満了,"6,635",,,,三上 純一,74,男,無所属,現,むかわ町議会議員,True
2022-03-20,2022-03-15,むかわ町議会議員選挙,北海道,https://seijiyama.jp/area/card/3624/DEsCJb/M?S=lcqdt0lckiq0k,13,13,任期満了,"6,635",,,,北村 修,73,男,共産,現,農業,True
2022-03-20,2022-03-15,むかわ町議会議員選挙,北海道,https://seijiyama.jp/area/card/3624/DEsCJb/M?S=lcqdt0lckiq0k,13,13,任期満了,"6,635",,,,津川 篤,75,男,無所属,現,農業,True
2022-03-20,2022-03-15,むかわ町議会議員選挙,北海道,https://seijiyama.jp/area/card/3624/DEsCJb/M?S=lcqdt0lckiq0k,13,13,任期満了,"6,635",,,,中島 勲,79,男,無所属,元,無職,True
2022-03-20,2022-03-15,むかわ町議会議員選挙,北海道,https://seijiyama.jp/area/card/3624/DEsCJb/M?S=lcqdt0lckiq0k,13,13,任期満了,"6,635",,,,奥野 恵美子,63,女,無所属,新,団体職員,True
2022-03-20,2022-03-15,むかわ町長選挙,北海道,https://seijiyama.jp/area/card/3624/50j6bI/M?S=lcqdt0lbsil0k,1,1,任期満了,"6,635",,,,竹中 喜之,68,男,無所属,現,むかわ町長,True
2022-03-20,2022-03-15,士幌町長選挙,北海道,https://seijiyama.jp/area/card/3624/Fa1AEa/M?S=lcqdt0lcqcm0k,1,1,死去,"4,972",,,,高木 康弘,59,男,無所属,新,無職、元副町長,True
2022-03-20,2022-03-15,那須町長選挙,栃木県,https://seijiyama.jp/area/card/3624/9hS4jk/M?S=lcqdt0lclat0k,1,1,任期満了,"21,648",,56.09%,,平山 幸宏,59,男,無所属,現,那須町長,True
2022-03-20,2022-03-15,高山村長選挙,群馬県,https://seijiyama.jp/area/card/3624/6GnXGE/M?S=lcqdt0lbsjk0k,1,1,任期満了,"2,943",,80.43%,,後藤 幸三,74,男,無所属,現,高山村長,True
2022-03-20,2022-03-13,合志市長選挙,熊本県,https://seijiyama.jp/area/card/3624/Afwsfe/M?S=lcqdt0lclap0k,1,1,任期満了,"49,612",,,,荒木 義行,63,男,無所属,現,合志市長,True
2022-03-13,2022-03-06,輪島市長選挙,石川県,https://seijiyama.jp/area/card/3624/iARUff/M?S=lcqdt0lbshn0k,1,2,任期満了,"21,972",76.02%,69.92%,8840,坂口 茂,65,男,無所属,新,無職、元副市長,True
2022-03-13,2022-03-06,輪島市長選挙,石川県,https://seijiyama.jp/area/card/3624/iARUff/M?S=lcqdt0lbshn0k,1,2,任期満了,"21,972",76.02%,69.92%,7724,林平 成人,62,男,無所属,新,無職、元市職員,False
2022-03-13,2022-03-06,宮若市議会議員選挙,福岡県,https://seijiyama.jp/area/card/3624/19tFi7/M?S=lcqdt0lbshr0k,16,20,任期満了,"22,427",62.58%,61.69%,1354,松岡 史倫,35,男,無所属,新,会社員,True
2022-03-13,2022-03-06,宮若市議会議員選挙,福岡県,https://seijiyama.jp/area/card/3624/19tFi7/M?S=lcqdt0lbshr0k,16,20,任期満了,"22,427",62.58%,61.69%,1055,柴田 裕美子,57,女,無所属,現,市議会議員,True
2022-03-13,2022-03-06,宮若市議会議員選挙,福岡県,https://seijiyama.jp/area/card/3624/19tFi7/M?S=lcqdt0lbshr0k,16,20,任期満了,"22,427",62.58%,61.69%,905,山元 秀一,52,男,無所属,現,市議会議員,True
2022-03-13,2022-03-06,宮若市議会議員選挙,福岡県,https://seijiyama.jp/area/card/3624/19tFi7/M?S=lcqdt0lbshr0k,16,20,任期満了,"22,427",62.58%,61.69%,834,谷口 重隆,67,男,無所属,現,農業,True
2022-03-13,2022-03-06,宮若市議会議員選挙,福岡県,https://seijiyama.jp/area/card/3624/19tFi7/M?S=lcqdt0lbshr0k,16,20,任期満了,"22,427",62.58%,61.69%,806,染矢 正次,60,男,公明,現,葬祭業,True
2022-03-13,2022-03-06,宮若市議会議員選挙,福岡県,https://seijiyama.jp/area/card/3624/19tFi7/M?S=lcqdt0lbshr0k,16,20,任期満了,"22,427",62.58%,61.69%,783,遠藤 嘉昭,70,男,無所属,現,市議会議員,True
2022-03-13,2022-03-06,宮若市議会議員選挙,福岡県,https://seijiyama.jp/area/card/3624/19tFi7/M?S=lcqdt0lbshr0k,16,20,任期満了,"22,427",62.58%,61.69%,775,藤春 優二,44,男,無所属,新,会社役員,True
2022-03-13,2022-03-06,宮若市議会議員選挙,福岡県,https://seijiyama.jp/area/card/3624/19tFi7/M?S=lcqdt0lbshr0k,16,20,任期満了,"22,427",62.58%,61.69%,774,安河 英幸,69,男,公明,現,農業,True
2022-03-13,2022-03-06,宮若市議会議員選挙,福岡県,https://seijiyama.jp/area/card/3624/19tFi7/M?S=lcqdt0lbshr0k,16,20,任期満了,"22,427",62.58%,61.69%,718,神谷 喜久雄,66,男,無所属,現,会社経営 農業,True
2022-03-13,2022-03-06,宮若市議会議員選挙,福岡県,https://seijiyama.jp/area/card/3624/19tFi7/M?S=lcqdt0lbshr0k,16,20,任期満了,"22,427",62.58%,61.69%,712,清水 健太郎,32,男,無所属,現,団体職員,True
2022-03-13,2022-03-06,宮若市議会議員選挙,福岡県,https://seijiyama.jp/area/card/3624/19tFi7/M?S=lcqdt0lbshr0k,16,20,任期満了,"22,427",62.58%,61.69%,683,弓削田 敬,55,男,無所属,現,市議会議員,True
2022-03-13,2022-03-06,宮若市議会議員選挙,福岡県,https://seijiyama.jp/area/card/3624/19tFi7/M?S=lcqdt0lbshr0k,16,20,任期満了,"22,427",62.58%,61.69%,648,川口 誠,56,男,無所属,元,不動産業,True
2022-03-13,2022-03-06,宮若市議会議員選挙,福岡県,https://seijiyama.jp/area/card/3624/19tFi7/M?S=lcqdt0lbshr0k,16,20,任期満了,"22,427",62.58%,61.69%,598,安永 友則,73,男,無所属,現,農業,True
2022-03-13,2022-03-06,宮若市議会議員選挙,福岡県,https://seijiyama.jp/area/card/3624/19tFi7/M?S=lcqdt0lbshr0k,16,20,任期満了,"22,427",62.58%,61.69%,555,和田 善久,73,男,共産,現,建築業,True
2022-03-13,2022-03-06,宮若市議会議員選挙,福岡県,https://seijiyama.jp/area/card/3624/19tFi7/M?S=lcqdt0lbshr0k,16,20,任期満了,"22,427",62.58%,61.69%,536,茅野 勝,77,男,無所属,現,市議会議員,True
2022-03-13,2022-03-06,宮若市議会議員選挙,福岡県,https://seijiyama.jp/area/card/3624/19tFi7/M?S=lcqdt0lbshr0k,16,20,任期満了,"22,427",62.58%,61.69%,503,宝部 勝,70,男,無所属,現,農業,True
2022-03-13,2022-03-06,宮若市議会議員選挙,福岡県,https://seijiyama.jp/area/card/3624/19tFi7/M?S=lcqdt0lbshr0k,16,20,任期満了,"22,427",62.58%,61.69%,465,藤島 嘉子,68,女,共産,現,市議会議員,False
2022-03-13,2022-03-06,宮若市議会議員選挙,福岡県,https://seijiyama.jp/area/card/3624/19tFi7/M?S=lcqdt0lbshr0k,16,20,任期満了,"22,427",62.58%,61.69%,452,島本 昌典,76,男,無所属,現,市議会議員,False
2022-03-13,2022-03-06,宮若市議会議員選挙,福岡県,https://seijiyama.jp/area/card/3624/19tFi7/M?S=lcqdt0lbshr0k,16,20,任期満了,"22,427",62.58%,61.69%,397,浅尾 加奈子,51,女,無所属,新,設計士,False
2022-03-13,2022-03-06,宮若市議会議員選挙,福岡県,https://seijiyama.jp/area/card/3624/19tFi7/M?S=lcqdt0lbshr0k,16,20,任期満了,"22,427",62.58%,61.69%,269,中尾 ハギ子,73,女,無所属,元,無職,False
2022-03-13,2022-03-06,宮若市長選挙,福岡県,https://seijiyama.jp/area/card/3624/EETDg1/M?S=lcqdt0lbshq0k,1,2,任期満了,"22,427",62.58%,,7495,塩川 秀敏,73,男,無所属,新,NPO法人理事長、元県議,True
2022-03-13,2022-03-06,宮若市長選挙,福岡県,https://seijiyama.jp/area/card/3624/EETDg1/M?S=lcqdt0lbshq0k,1,2,任期満了,"22,427",62.58%,,6230,有吉 哲信,76,男,無所属（自民、立憲、国民推薦）,現,宮若市長,False
2022-03-13,2022-03-06,金沢市議会議員補欠選挙,石川県,https://seijiyama.jp/area/card/3624/Hi99i0/M?S=lcqdt0lcscm0k,2,4,辞職,"372,581",55.87%,36.33%,116990,橋本 光生,37,男,自民,新,無職,True
2022-03-13,2022-03-06,金沢市議会議員補欠選挙,石川県,https://seijiyama.jp/area/card/3624/Hi99i0/M?S=lcqdt0lcscm0k,2,4,辞職,"372,581",55.87%,36.33%,28328,北 幸栽,46,男,無所属,新,会社員,True
2022-03-13,2022-03-06,金沢市議会議員補欠選挙,石川県,https://seijiyama.jp/area/card/3624/Hi99i0/M?S=lcqdt0lcscm0k,2,4,辞職,"372,581",55.87%,36.33%,21520,村田 茂,59,男,共産,新,政党役員,False
2022-03-13,2022-03-06,金沢市議会議員補欠選挙,石川県,https://seijiyama.jp/area/card/3624/Hi99i0/M?S=lcqdt0lcscm0k,2,4,辞職,"372,581",55.87%,36.33%,11112,窪田 直司,55,男,無所属,新,インフルエンサー,False
2022-03-13,2022-03-06,金沢市長選挙,石川県,https://seijiyama.jp/area/card/3624/3K_5db/M?S=lcqdt0lcqdn0k,1,5,辞職,"372,581",55.95%,24.92%,79496,村山 卓,49,男,無所属,新,無職、元副市長,True
2022-03-13,2022-03-06,金沢市長選挙,石川県,https://seijiyama.jp/area/card/3624/3K_5db/M?S=lcqdt0lcqdn0k,1,5,辞職,"372,581",55.95%,24.92%,48029,小間井 大祐,39,男,無所属,新,無職、元市議,False
2022-03-13,2022-03-06,金沢市長選挙,石川県,https://seijiyama.jp/area/card/3624/3K_5db/M?S=lcqdt0lcqdn0k,1,5,辞職,"372,581",55.95%,24.92%,35562,永井 三岐子,53,女,無所属,新,無職,False
2022-03-13,2022-03-06,金沢市長選挙,石川県,https://seijiyama.jp/area/card/3624/3K_5db/M?S=lcqdt0lcqdn0k,1,5,辞職,"372,581",55.95%,24.92%,26285,森 一敏,63,男,無所属,新,無職、元市議,False
2022-03-13,2022-03-06,金沢市長選挙,石川県,https://seijiyama.jp/area/card/3624/3K_5db/M?S=lcqdt0lcqdn0k,1,5,辞職,"372,581",55.95%,24.92%,10953,中内 晃子,49,女,無所属,新,会社員,False
2022-03-13,2022-03-06,久慈市議会議員補欠選挙,岩手県,https://seijiyama.jp/area/card/3624/9G7diG/M?S=lcqdt0lckjk0k,1,3,死去,"28,376",34.23%,66.74%,5227,山内 七恵,42,女,無所属,新,無職,True
2022-03-13,2022-03-06,久慈市議会議員補欠選挙,岩手県,https://seijiyama.jp/area/card/3624/9G7diG/M?S=lcqdt0lckjk0k,1,3,死去,"28,376",34.23%,66.74%,3054,山田 光,73,男,無所属,元,行政書士兼農業,False
2022-03-13,2022-03-06,久慈市議会議員補欠選挙,岩手県,https://seijiyama.jp/area/card/3624/9G7diG/M?S=lcqdt0lckjk0k,1,3,死去,"28,376",34.23%,66.74%,945,和野 春男,65,男,無所属,新,石材業,False
2022-03-13,2022-03-06,美作市長選挙,岡山県,https://seijiyama.jp/area/card/3624/3J-cCK/M?S=lcqdt0lckek0k,1,2,任期満了,"22,681",61.64%,64.88%,8639,萩原 誠司,65,男,無所属,現,美作市長,True
2022-03-13,2022-03-06,美作市長選挙,岡山県,https://seijiyama.jp/area/card/3624/3J-cCK/M?S=lcqdt0lckek0k,1,2,任期満了,"22,681",61.64%,64.88%,5214,後藤 基,69,男,無所属,新,無職,False
2022-03-13,2022-02-24,石川県知事選挙,石川県,https://seijiyama.jp/area/card/3624/j7ID21/M?S=lcqdt0lbsis0k,1,5,任期満了,"936,859",61.81%,39.07%,196432,馳 浩,60,男,無所属（維新推薦）,新,政党役員、元衆院議員,True
2022-03-13,2022-02-24,石川県知事選挙,石川県,https://seijiyama.jp/area/card/3624/j7ID21/M?S=lcqdt0lbsis0k,1,5,任期満了,"936,859",61.81%,39.07%,188450,山野 之義,59,男,無所属,新,無職、元金沢市長,False
2022-03-13,2022-02-24,石川県知事選挙,石川県,https://seijiyama.jp/area/card/3624/j7ID21/M?S=lcqdt0lbsis0k,1,5,任期満了,"936,859",61.81%,39.07%,172381,山田 修路,67,男,無所属,新,無職、元参院議員,False
2022-03-13,2022-02-24,石川県知事選挙,石川県,https://seijiyama.jp/area/card/3624/j7ID21/M?S=lcqdt0lbsis0k,1,5,任期満了,"936,859",61.81%,39.07%,15331,飯森 博子,62,女,無所属（共産推薦）,新,学習教室経営,False
2022-03-13,2022-02-24,石川県知事選挙,石川県,https://seijiyama.jp/area/card/3624/j7ID21/M?S=lcqdt0lbsis0k,1,5,任期満了,"936,859",61.81%,39.07%,3011,岡野 晴夫,71,男,無所属,新,無職,False
2022-03-20,2022-03-11,鹿児島県議会議員補欠選挙（伊佐市区）,鹿児島県,https://seijiyama.jp/area/card/3624/E2NBbj/M?S=lcqdt0lcsem0k,1,1,辞職,"21,054",,,,池畑 知行,40,男,自民,新,社会福祉法人隼仁会介護老人保健施設事務長,True
2022-03-13,2022-03-08,東伊豆町長選挙,静岡県,https://seijiyama.jp/area/card/3624/ggVxJ9/M?S=lcqdt0lbsiq0k,1,1,任期満了,"10,506",,61.25%,,岩井 茂樹,53,男,無所属,新,無職、元参院議員,True
2022-03-13,2022-03-06,久慈市長選挙,岩手県,https://seijiyama.jp/area/card/3624/J9q6AF/M?S=lcqdt0lbsio0k,1,1,任期満了,"28,600",,67.66%,,遠藤 譲一,68,男,無所属,現,久慈市長,True
2022-03-06,2022-02-27,洲本市長選挙,兵庫県,https://seijiyama.jp/area/card/3624/3cY03A/M?S=lcqdt0lbsho0k,1,3,任期満了,"36,230",50.64%,59.63%,9892,上崎 勝規,66,男,無所属,新,無職、元副市長,True
2022-03-06,2022-02-27,洲本市長選挙,兵庫県,https://seijiyama.jp/area/card/3624/3cY03A/M?S=lcqdt0lbsho0k,1,3,任期満了,"36,230",50.64%,59.63%,7274,氏田 年行,53,男,無所属,新,無職、元市議,False
2022-03-06,2022-02-27,洲本市長選挙,兵庫県,https://seijiyama.jp/area/card/3624/3cY03A/M?S=lcqdt0lbsho0k,1,3,任期満了,"36,230",50.64%,59.63%,918,太田 浩之,63,男,無所属,新,太田医院院長,False
2022-03-06,2022-03-01,金ケ崎町長選挙,岩手県,https://seijiyama.jp/area/card/3624/1bNNJK/M?S=lcqdt0lbshm0k,1,2,任期満了,"12,837",68.53%,69.28%,4499.763,高橋 寛寿,66,男,無所属,新,農業、元町職員,True
2022-03-06,2022-03-01,金ケ崎町長選挙,岩手県,https://seijiyama.jp/area/card/3624/1bNNJK/M?S=lcqdt0lbshm0k,1,2,任期満了,"12,837",68.53%,69.28%,4229.236,高橋 文浩,58,男,無所属,新,農業、元町職員,False
2022-03-06,2022-02-27,奥州市長選挙,岩手県,https://seijiyama.jp/area/card/3624/b82eH7/M?S=lcqdt0lbshk0k,1,2,任期満了,"96,725",56.65%,64.25%,40625,倉成 淳,65,男,無所属,新,無職、元会社役員,True
2022-03-06,2022-02-27,奥州市長選挙,岩手県,https://seijiyama.jp/area/card/3624/b82eH7/M?S=lcqdt0lbshk0k,1,2,任期満了,"96,725",56.65%,64.25%,13760,小沢 昌記,63,男,無所属,現,会社役員、奥州市長,False
2022-03-06,2022-03-01,美浜町議会議員選挙,福井県,https://seijiyama.jp/area/card/3624/0ce4hG/M?S=lcqdt0lbsgq0k,14,16,任期満了,"7,817",65.75%,,616,中牟田 春子,69,女,無所属,新,無職,True
2022-03-06,2022-03-01,美浜町議会議員選挙,福井県,https://seijiyama.jp/area/card/3624/0ce4hG/M?S=lcqdt0lbsgq0k,14,16,任期満了,"7,817",65.75%,,524,辻井 雅之,65,男,無所属,現,無職,True
2022-03-06,2022-03-01,美浜町議会議員選挙,福井県,https://seijiyama.jp/area/card/3624/0ce4hG/M?S=lcqdt0lbsgq0k,14,16,任期満了,"7,817",65.75%,,491,梅津 隆久,69,男,無所属,現,農業,True
2022-03-06,2022-03-01,美浜町議会議員選挙,福井県,https://seijiyama.jp/area/card/3624/0ce4hG/M?S=lcqdt0lbsgq0k,14,16,任期満了,"7,817",65.75%,,485,幸丈 佑馬,41,男,無所属,新,会社員,True
2022-03-06,2022-03-01,美浜町議会議員選挙,福井県,https://seijiyama.jp/area/card/3624/0ce4hG/M?S=lcqdt0lbsgq0k,14,16,任期満了,"7,817",65.75%,,450,兼田 和雄,66,男,無所属,新,無職,True
2022-03-06,2022-03-01,美浜町議会議員選挙,福井県,https://seijiyama.jp/area/card/3624/0ce4hG/M?S=lcqdt0lbsgq0k,14,16,任期満了,"7,817",65.75%,,394,竹仲 良広,66,男,無所属,現,農業,True
2022-03-06,2022-03-01,美浜町議会議員選挙,福井県,https://seijiyama.jp/area/card/3624/0ce4hG/M?S=lcqdt0lbsgq0k,14,16,任期満了,"7,817",65.75%,,363,崎元 良栄,65,男,無所属,現,土木建設業,True
2022-03-06,2022-03-01,美浜町議会議員選挙,福井県,https://seijiyama.jp/area/card/3624/0ce4hG/M?S=lcqdt0lbsgq0k,14,16,任期満了,"7,817",65.75%,,357,高橋 修,72,男,無所属,現,無職,True
2022-03-06,2022-03-01,美浜町議会議員選挙,福井県,https://seijiyama.jp/area/card/3624/0ce4hG/M?S=lcqdt0lbsgq0k,14,16,任期満了,"7,817",65.75%,,317,藤本 悟,70,男,無所属,現,農業,True
2022-03-06,2022-03-01,美浜町議会議員選挙,福井県,https://seijiyama.jp/area/card/3624/0ce4hG/M?S=lcqdt0lbsgq0k,14,16,任期満了,"7,817",65.75%,,288,山口 和治,66,男,無所属,現,宗教法人天理教木山分教会会長,True
2022-03-06,2022-03-01,美浜町議会議員選挙,福井県,https://seijiyama.jp/area/card/3624/0ce4hG/M?S=lcqdt0lbsgq0k,14,16,任期満了,"7,817",65.75%,,206,河本 猛,44,男,無所属,現,無職,True
2022-03-06,2022-03-01,美浜町議会議員選挙,福井県,https://seijiyama.jp/area/card/3624/0ce4hG/M?S=lcqdt0lbsgq0k,14,16,任期満了,"7,817",65.75%,,188,松下 照幸,73,男,無所属,現,（株）森と暮らすどんぐり倶楽部社長,True
2022-03-06,2022-03-01,美浜町議会議員選挙,福井県,https://seijiyama.jp/area/card/3624/0ce4hG/M?S=lcqdt0lbsgq0k,14,16,任期満了,"7,817",65.75%,,162,川畑 忠之,65,男,無所属,現,無職,True
2022-03-06,2022-03-01,美浜町議会議員選挙,福井県,https://seijiyama.jp/area/card/3624/0ce4hG/M?S=lcqdt0lbsgq0k,14,16,任期満了,"7,817",65.75%,,125,上道 正二,70,男,無所属,新,無職,True
2022-03-06,2022-03-01,美浜町議会議員選挙,福井県,https://seijiyama.jp/area/card/3624/0ce4hG/M?S=lcqdt0lbsgq0k,14,16,任期満了,"7,817",65.75%,,67,中村 健次,52,男,無所属,新,タレント,False
2022-03-06,2022-03-01,美浜町議会議員選挙,福井県,https://seijiyama.jp/area/card/3624/0ce4hG/M?S=lcqdt0lbsgq0k,14,16,任期満了,"7,817",65.75%,,49,寺田 順一,75,男,無所属,現,無職,False
2022-03-06,2022-02-27,洲本市議会議員選挙,兵庫県,https://seijiyama.jp/area/card/3624/J736jJ/M?S=lcqdt0lbshp0k,18,18,任期満了,"36,546",,59.61%,,小野 章二,76,男,無所属,現,洲本市議会議員,True
2022-03-06,2022-02-27,洲本市議会議員選挙,兵庫県,https://seijiyama.jp/area/card/3624/J736jJ/M?S=lcqdt0lbshp0k,18,18,任期満了,"36,546",,59.61%,,木戸 隆一郎,35,男,無所属,現,無職,True
2022-03-06,2022-02-27,洲本市議会議員選挙,兵庫県,https://seijiyama.jp/area/card/3624/J736jJ/M?S=lcqdt0lbshp0k,18,18,任期満了,"36,546",,59.61%,,笹田 守,74,男,無所属,現,農業,True
2022-03-06,2022-02-27,洲本市議会議員選挙,兵庫県,https://seijiyama.jp/area/card/3624/J736jJ/M?S=lcqdt0lbshp0k,18,18,任期満了,"36,546",,59.61%,,小松 茂,70,男,無所属,現,無職,True
2022-03-06,2022-02-27,洲本市議会議員選挙,兵庫県,https://seijiyama.jp/area/card/3624/J736jJ/M?S=lcqdt0lbshp0k,18,18,任期満了,"36,546",,59.61%,,浜野 隆,58,男,無所属,新,（有）淡路島未来経営支援塾会社員,True
2022-03-06,2022-02-27,洲本市議会議員選挙,兵庫県,https://seijiyama.jp/area/card/3624/J736jJ/M?S=lcqdt0lbshp0k,18,18,任期満了,"36,546",,59.61%,,久保 哲二,65,男,無所属,新,無職,True
2022-03-06,2022-02-27,洲本市議会議員選挙,兵庫県,https://seijiyama.jp/area/card/3624/J736jJ/M?S=lcqdt0lbshp0k,18,18,任期満了,"36,546",,59.61%,,木元 寿夫,72,男,無所属,新,無職,True
2022-03-06,2022-02-27,洲本市議会議員選挙,兵庫県,https://seijiyama.jp/area/card/3624/J736jJ/M?S=lcqdt0lbshp0k,18,18,任期満了,"36,546",,59.61%,,中野 睦子,56,女,無所属,現,大同生命株式会社会社員,True
2022-03-06,2022-02-27,洲本市議会議員選挙,兵庫県,https://seijiyama.jp/area/card/3624/J736jJ/M?S=lcqdt0lbshp0k,18,18,任期満了,"36,546",,59.61%,,先田 正一,62,男,公明,現,無職,True
2022-03-06,2022-02-27,洲本市議会議員選挙,兵庫県,https://seijiyama.jp/area/card/3624/J736jJ/M?S=lcqdt0lbshp0k,18,18,任期満了,"36,546",,59.61%,,間森 和生,71,男,共産,現,洲本市議会議員,True
2022-03-06,2022-02-27,洲本市議会議員選挙,兵庫県,https://seijiyama.jp/area/card/3624/J736jJ/M?S=lcqdt0lbshp0k,18,18,任期満了,"36,546",,59.61%,,近藤 昭文,69,男,共産,現,農業,True
2022-03-06,2022-02-27,洲本市議会議員選挙,兵庫県,https://seijiyama.jp/area/card/3624/J736jJ/M?S=lcqdt0lbshp0k,18,18,任期満了,"36,546",,59.61%,,清水 茂,67,男,無所属,現,NPO法人ネイティブ淡路島監事,True
2022-03-06,2022-02-27,洲本市議会議員選挙,兵庫県,https://seijiyama.jp/area/card/3624/J736jJ/M?S=lcqdt0lbshp0k,18,18,任期満了,"36,546",,59.61%,,原田 ひとみ,50,女,公明,新,無職,True
2022-03-06,2022-02-27,洲本市議会議員選挙,兵庫県,https://seijiyama.jp/area/card/3624/J736jJ/M?S=lcqdt0lbshp0k,18,18,任期満了,"36,546",,59.61%,,生田 進三,59,男,無所属,新,イクタコーポレーション有限会社代表取締役,True
2022-03-06,2022-02-27,洲本市議会議員選挙,兵庫県,https://seijiyama.jp/area/card/3624/J736jJ/M?S=lcqdt0lbshp0k,18,18,任期満了,"36,546",,59.61%,,柳川 真一,55,男,無所属,現,農業,True
2022-03-06,2022-02-27,洲本市議会議員選挙,兵庫県,https://seijiyama.jp/area/card/3624/J736jJ/M?S=lcqdt0lbshp0k,18,18,任期満了,"36,546",,59.61%,,福本 巧,50,男,自民,現,福本電材代表,True
2022-03-06,2022-02-27,洲本市議会議員選挙,兵庫県,https://seijiyama.jp/area/card/3624/J736jJ/M?S=lcqdt0lbshp0k,18,18,任期満了,"36,546",,59.61%,,高島 久美子,61,女,無所属,現,洲本市議会議員,True
2022-03-06,2022-02-27,洲本市議会議員選挙,兵庫県,https://seijiyama.jp/area/card/3624/J736jJ/M?S=lcqdt0lbshp0k,18,18,任期満了,"36,546",,59.61%,,福島 昌幸,57,男,無所属,新,福島造船所代表,True
2022-03-06,2022-02-27,奥州市議会議員選挙,岩手県,https://seijiyama.jp/area/card/3624/98HNcE/M?S=lcqdt0lbshl0k,28,28,任期満了,"97,272",,64.24%,,千葉 和彦,56,男,無所属,現,農業,True
2022-03-06,2022-02-27,奥州市議会議員選挙,岩手県,https://seijiyama.jp/area/card/3624/98HNcE/M?S=lcqdt0lbshl0k,28,28,任期満了,"97,272",,64.24%,,門脇 芳裕,54,男,無所属,新,農業,True
2022-03-06,2022-02-27,奥州市議会議員選挙,岩手県,https://seijiyama.jp/area/card/3624/98HNcE/M?S=lcqdt0lbshl0k,28,28,任期満了,"97,272",,64.24%,,千葉 敦,64,男,共産,現,獣医師,True
2022-03-06,2022-02-27,奥州市議会議員選挙,岩手県,https://seijiyama.jp/area/card/3624/98HNcE/M?S=lcqdt0lbshl0k,28,28,任期満了,"97,272",,64.24%,,小野 優,44,男,無所属,現,NPO法人役員,True
2022-03-06,2022-02-27,奥州市議会議員選挙,岩手県,https://seijiyama.jp/area/card/3624/98HNcE/M?S=lcqdt0lbshl0k,28,28,任期満了,"97,272",,64.24%,,佐藤 美雪,41,女,共産,新,主婦,True
2022-03-06,2022-02-27,奥州市議会議員選挙,岩手県,https://seijiyama.jp/area/card/3624/98HNcE/M?S=lcqdt0lbshl0k,28,28,任期満了,"97,272",,64.24%,,阿部 加代子,60,女,公明,現,政党役員,True
2022-03-06,2022-02-27,奥州市議会議員選挙,岩手県,https://seijiyama.jp/area/card/3624/98HNcE/M?S=lcqdt0lbshl0k,28,28,任期満了,"97,272",,64.24%,,東 隆司,59,男,無所属,新,無職,True
2022-03-06,2022-02-27,奥州市議会議員選挙,岩手県,https://seijiyama.jp/area/card/3624/98HNcE/M?S=lcqdt0lbshl0k,28,28,任期満了,"97,272",,64.24%,,千葉 康弘,67,男,無所属,現,農業,True
2022-03-06,2022-02-27,奥州市議会議員選挙,岩手県,https://seijiyama.jp/area/card/3624/98HNcE/M?S=lcqdt0lbshl0k,28,28,任期満了,"97,272",,64.24%,,小野寺 重,78,男,無所属,現,農業,True
2022-03-06,2022-02-27,奥州市議会議員選挙,岩手県,https://seijiyama.jp/area/card/3624/98HNcE/M?S=lcqdt0lbshl0k,28,28,任期満了,"97,272",,64.24%,,及川 佐,74,男,無所属,現,アーク印刷株式会社相談役,True
2022-03-06,2022-02-27,奥州市議会議員選挙,岩手県,https://seijiyama.jp/area/card/3624/98HNcE/M?S=lcqdt0lbshl0k,28,28,任期満了,"97,272",,64.24%,,加藤 清,74,男,無所属,現,会社役員,True
2022-03-06,2022-02-27,奥州市議会議員選挙,岩手県,https://seijiyama.jp/area/card/3624/98HNcE/M?S=lcqdt0lbshl0k,28,28,任期満了,"97,272",,64.24%,,高橋 晋,59,男,無所属,現,会社役員,True
2022-03-06,2022-02-27,奥州市議会議員選挙,岩手県,https://seijiyama.jp/area/card/3624/98HNcE/M?S=lcqdt0lbshl0k,28,28,任期満了,"97,272",,64.24%,,瀬川 貞清,72,男,共産,現,政党役員,True
2022-03-06,2022-02-27,奥州市議会議員選挙,岩手県,https://seijiyama.jp/area/card/3624/98HNcE/M?S=lcqdt0lbshl0k,28,28,任期満了,"97,272",,64.24%,,宍戸 直美,41,女,無所属,新,バランスボールインストラクター,True
2022-03-06,2022-02-27,奥州市議会議員選挙,岩手県,https://seijiyama.jp/area/card/3624/98HNcE/M?S=lcqdt0lbshl0k,28,28,任期満了,"97,272",,64.24%,,佐々木 友美子,58,女,無所属,新,行政書士,True
2022-03-06,2022-02-27,奥州市議会議員選挙,岩手県,https://seijiyama.jp/area/card/3624/98HNcE/M?S=lcqdt0lbshl0k,28,28,任期満了,"97,272",,64.24%,,菅野 至,46,男,無所属,新,農業,True
2022-03-06,2022-02-27,奥州市議会議員選挙,岩手県,https://seijiyama.jp/area/card/3624/98HNcE/M?S=lcqdt0lbshl0k,28,28,任期満了,"97,272",,64.24%,,中西 秀俊,61,男,無所属,現,（商業）商店店主,True
2022-03-06,2022-02-27,奥州市議会議員選挙,岩手県,https://seijiyama.jp/area/card/3624/98HNcE/M?S=lcqdt0lbshl0k,28,28,任期満了,"97,272",,64.24%,,今野 裕文,64,男,共産,現,農業,True
2022-03-06,2022-02-27,奥州市議会議員選挙,岩手県,https://seijiyama.jp/area/card/3624/98HNcE/M?S=lcqdt0lbshl0k,28,28,任期満了,"97,272",,64.24%,,小野寺 満,64,男,無所属,現,農業,True
2022-03-06,2022-02-27,奥州市議会議員選挙,岩手県,https://seijiyama.jp/area/card/3624/98HNcE/M?S=lcqdt0lbshl0k,28,28,任期満了,"97,272",,64.24%,,藤田 慶則,66,男,無所属,現,農業,True
2022-03-06,2022-02-27,奥州市議会議員選挙,岩手県,https://seijiyama.jp/area/card/3624/98HNcE/M?S=lcqdt0lbshl0k,28,28,任期満了,"97,272",,64.24%,,飯坂 一也,61,男,公明,現,農業,True
2022-03-06,2022-02-27,奥州市議会議員選挙,岩手県,https://seijiyama.jp/area/card/3624/98HNcE/M?S=lcqdt0lbshl0k,28,28,任期満了,"97,272",,64.24%,,菅原 明,70,男,共産,現,農業,True
2022-03-06,2022-02-27,奥州市議会議員選挙,岩手県,https://seijiyama.jp/area/card/3624/98HNcE/M?S=lcqdt0lbshl0k,28,28,任期満了,"97,272",,64.24%,,菅原 由和,54,男,無所属,現,会社員,True
2022-03-06,2022-02-27,奥州市議会議員選挙,岩手県,https://seijiyama.jp/area/card/3624/98HNcE/M?S=lcqdt0lbshl0k,28,28,任期満了,"97,272",,64.24%,,広野 富男,65,男,無所属,現,行政書士,True
2022-03-06,2022-02-27,奥州市議会議員選挙,岩手県,https://seijiyama.jp/area/card/3624/98HNcE/M?S=lcqdt0lbshl0k,28,28,任期満了,"97,272",,64.24%,,高橋 善行,57,男,無所属,新,農業,True
2022-03-06,2022-02-27,奥州市議会議員選挙,岩手県,https://seijiyama.jp/area/card/3624/98HNcE/M?S=lcqdt0lbshl0k,28,28,任期満了,"97,272",,64.24%,,高橋 浩,65,男,無所属,現,農業,True
2022-03-06,2022-02-27,奥州市議会議員選挙,岩手県,https://seijiyama.jp/area/card/3624/98HNcE/M?S=lcqdt0lbshl0k,28,28,任期満了,"97,272",,64.24%,,及川 春樹,52,男,無所属,現,鋳造業,True
2022-03-06,2022-02-27,奥州市議会議員選挙,岩手県,https://seijiyama.jp/area/card/3624/98HNcE/M?S=lcqdt0lbshl0k,28,28,任期満了,"97,272",,64.24%,,佐藤 正典,55,男,無所属,新,自営業,True
2022-02-27,2022-02-20,行橋市長選挙,福岡県,https://seijiyama.jp/area/card/3624/4eylDi/M?S=lcqdt0lbsgt0k,1,3,任期満了,"60,003",49.12%,45.74%,11052,工藤 政宏,44,男,無所属,新,元市会議員,True
2022-02-27,2022-02-20,行橋市長選挙,福岡県,https://seijiyama.jp/area/card/3624/4eylDi/M?S=lcqdt0lbsgt0k,1,3,任期満了,"60,003",49.12%,45.74%,10908,松本 英樹,63,男,無所属,新,行政書士、元副市長,False
2022-02-27,2022-02-20,行橋市長選挙,福岡県,https://seijiyama.jp/area/card/3624/4eylDi/M?S=lcqdt0lbsgt0k,1,3,任期満了,"60,003",49.12%,45.74%,7301,田中 純,75,男,無所属（立民、国民推薦）,現,行橋市長,False
2022-02-27,2022-02-22,小海町長選挙,長野県,https://seijiyama.jp/area/card/3624/5I-c77/M?S=lcqdt0lbsip0k,1,2,任期満了,"3,822",78.23%,,1666,黒沢 弘,66,男,無所属,現,小海町長,True
2022-02-27,2022-02-22,小海町長選挙,長野県,https://seijiyama.jp/area/card/3624/5I-c77/M?S=lcqdt0lbsip0k,1,2,任期満了,"3,822",78.23%,,1281,鷹野 弥洲年,74,男,無所属,新,農業、元町議,False
2022-02-27,2022-02-20,紀の川市長選挙,和歌山県,https://seijiyama.jp/area/card/3624/5650gG/M?S=lcqdt0lcsbp0k,1,2,死去,"51,610",55.16%,58.85%,18862,岸本 健,51,男,無所属（自民、公明、国民推薦）,新,無職、元和歌山県議,True
2022-02-27,2022-02-20,紀の川市長選挙,和歌山県,https://seijiyama.jp/area/card/3624/5650gG/M?S=lcqdt0lcsbp0k,1,2,死去,"51,610",55.16%,58.85%,9317,森田 幾久,54,男,無所属,新,会社顧問、元市議,False
2022-02-27,2022-02-22,おいらせ町議会議員補欠選挙,青森県,https://seijiyama.jp/area/card/3624/CBujfj/M?S=lcqdt0lcrjq0k,1,2,死去,"20,698",64.82%,61.12%,6637,川口 弘治,62,男,無所属,元,会社員,True
2022-02-27,2022-02-22,おいらせ町議会議員補欠選挙,青森県,https://seijiyama.jp/area/card/3624/CBujfj/M?S=lcqdt0lcrjq0k,1,2,死去,"20,698",64.82%,61.12%,5758,小笠原 伸也,60,男,無所属,新,無職,False
2022-02-27,2022-02-22,おいらせ町長選挙,青森県,https://seijiyama.jp/area/card/3624/jKdDDD/M?S=lcqdt0lbsin0k,1,2,任期満了,"20,698",64.85%,49.79%,6730,成田 隆,71,男,無所属,現,農業、おいらせ町長,True
2022-02-27,2022-02-22,おいらせ町長選挙,青森県,https://seijiyama.jp/area/card/3624/jKdDDD/M?S=lcqdt0lbsin0k,1,2,任期満了,"20,698",64.85%,49.79%,6599,三村 正太郎,72,男,無所属,元,農業、元おいらせ町長,False
2022-02-27,2022-02-20,石垣市長選挙,沖縄県,https://seijiyama.jp/area/card/3624/2bgEkd/M?S=lcqdt0lbsik0k,1,2,任期満了,"38,846",70.54%,73.55%,14761,中山 義隆,54,男,無所属（自民、公明推薦）,現,石垣市長,True
2022-02-27,2022-02-20,石垣市長選挙,沖縄県,https://seijiyama.jp/area/card/3624/2bgEkd/M?S=lcqdt0lbsik0k,1,2,任期満了,"38,846",70.54%,73.55%,12307,砥板 芳行,52,男,無所属,新,会社役員、元市議,False
2022-02-27,2022-02-22,神恵内村長選挙,北海道,https://seijiyama.jp/area/card/3624/J0rjIc/M?S=lcqdt0lbsgr0k,1,2,任期満了,706,89.24%,,559,高橋 昌幸,71,男,無所属,現,神恵内村長,True
2022-02-27,2022-02-22,神恵内村長選挙,北海道,https://seijiyama.jp/area/card/3624/J0rjIc/M?S=lcqdt0lbsgr0k,1,2,任期満了,706,89.24%,,48,瀬尾 英幸,79,男,無所属,新,ビジネスアドバイザー,False
2022-02-27,2022-02-22,愛荘町長選挙,滋賀県,https://seijiyama.jp/area/card/3624/23pUDG/M?S=lcqdt0lbsfp0k,1,2,任期満了,"16,345",46.77%,57.95%,5468,有村 国知,47,男,無所属,現,愛荘町長,True
2022-02-27,2022-02-22,愛荘町長選挙,滋賀県,https://seijiyama.jp/area/card/3624/23pUDG/M?S=lcqdt0lbsfp0k,1,2,任期満了,"16,345",46.77%,57.95%,2079,畑中 教和,70,男,無所属,新,会社顧問,False
2022-02-27,2022-02-20,長浜市長選挙,滋賀県,https://seijiyama.jp/area/card/3624/0HYlhJ/M?S=lcqdt0lbsfo0k,1,4,任期満了,"93,982",52.76%,43.98%,23202,浅見 宣義,62,男,無所属,新,無職、元裁判官,True
2022-02-27,2022-02-20,長浜市長選挙,滋賀県,https://seijiyama.jp/area/card/3624/0HYlhJ/M?S=lcqdt0lbsfo0k,1,4,任期満了,"93,982",52.76%,43.98%,12824,藤井 勇治,72,男,無所属（立憲推薦）,現,長浜市長,False
2022-02-27,2022-02-20,長浜市長選挙,滋賀県,https://seijiyama.jp/area/card/3624/0HYlhJ/M?S=lcqdt0lbsfo0k,1,4,任期満了,"93,982",52.76%,43.98%,8342,中川 亮,39,男,無所属,新,株式会社Revilla代表取締役、元市議,False
2022-02-27,2022-02-20,長浜市長選挙,滋賀県,https://seijiyama.jp/area/card/3624/0HYlhJ/M?S=lcqdt0lbsfo0k,1,4,任期満了,"93,982",52.76%,43.98%,4868,梅本 博史,64,男,維新,新,会社経営,False
2022-02-27,2022-02-22,西郷村長選挙,福島県,https://seijiyama.jp/area/card/3624/155r20/M?S=lcqdt0lbsit0k,1,1,任期満了,"16,694",,56.01%,,高橋 広志,67,男,無所属,現,西郷村長,True
2022-02-27,2022-02-22,愛荘町議会議員選挙,滋賀県,https://seijiyama.jp/area/card/3624/dATGcg/M?S=lcqdt0lbsfq0k,14,14,任期満了,"16,521",,57.95%,,小菅 久宣,62,男,無所属,新,農業,True
2022-02-27,2022-02-22,愛荘町議会議員選挙,滋賀県,https://seijiyama.jp/area/card/3624/dATGcg/M?S=lcqdt0lbsfq0k,14,14,任期満了,"16,521",,57.95%,,久保田 正利,54,男,無所属,新,会社員,True
2022-02-27,2022-02-22,愛荘町議会議員選挙,滋賀県,https://seijiyama.jp/area/card/3624/dATGcg/M?S=lcqdt0lbsfq0k,14,14,任期満了,"16,521",,57.95%,,竹 秀,76,男,無所属,現,自営業,True
2022-02-27,2022-02-22,愛荘町議会議員選挙,滋賀県,https://seijiyama.jp/area/card/3624/dATGcg/M?S=lcqdt0lbsfq0k,14,14,任期満了,"16,521",,57.95%,,村西 作雄,69,男,無所属,現,農業,True
2022-02-27,2022-02-22,愛荘町議会議員選挙,滋賀県,https://seijiyama.jp/area/card/3624/dATGcg/M?S=lcqdt0lbsfq0k,14,14,任期満了,"16,521",,57.95%,,滝 すみ江,64,女,共産,現,無職,True
2022-02-27,2022-02-22,愛荘町議会議員選挙,滋賀県,https://seijiyama.jp/area/card/3624/dATGcg/M?S=lcqdt0lbsfq0k,14,14,任期満了,"16,521",,57.95%,,中川 喜代和,66,男,無所属,新,会社役員,True
2022-02-27,2022-02-22,愛荘町議会議員選挙,滋賀県,https://seijiyama.jp/area/card/3624/dATGcg/M?S=lcqdt0lbsfq0k,14,14,任期満了,"16,521",,57.95%,,河村 善一,73,男,無所属,現,農事組合法人代表理事,True
2022-02-27,2022-02-22,愛荘町議会議員選挙,滋賀県,https://seijiyama.jp/area/card/3624/dATGcg/M?S=lcqdt0lbsfq0k,14,14,任期満了,"16,521",,57.95%,,外川 善正,74,男,無所属,現,団体職員,True
2022-02-27,2022-02-22,愛荘町議会議員選挙,滋賀県,https://seijiyama.jp/area/card/3624/dATGcg/M?S=lcqdt0lbsfq0k,14,14,任期満了,"16,521",,57.95%,,辰己 保,70,男,共産,現,建築板金業,True
2022-02-27,2022-02-22,愛荘町議会議員選挙,滋賀県,https://seijiyama.jp/area/card/3624/dATGcg/M?S=lcqdt0lbsfq0k,14,14,任期満了,"16,521",,57.95%,,沢 源,62,男,無所属,現,飲食業,True
2022-02-27,2022-02-22,愛荘町議会議員選挙,滋賀県,https://seijiyama.jp/area/card/3624/dATGcg/M?S=lcqdt0lbsfq0k,14,14,任期満了,"16,521",,57.95%,,上田 太治,70,男,無所属,新,会社役員,True
2022-02-27,2022-02-22,愛荘町議会議員選挙,滋賀県,https://seijiyama.jp/area/card/3624/dATGcg/M?S=lcqdt0lbsfq0k,14,14,任期満了,"16,521",,57.95%,,村田 定,79,男,無所属,現,会社役員,True
2022-02-27,2022-02-22,愛荘町議会議員選挙,滋賀県,https://seijiyama.jp/area/card/3624/dATGcg/M?S=lcqdt0lbsfq0k,14,14,任期満了,"16,521",,57.95%,,森野 隆,62,男,無所属,現,会社員,True
2022-02-27,2022-02-22,愛荘町議会議員選挙,滋賀県,https://seijiyama.jp/area/card/3624/dATGcg/M?S=lcqdt0lbsfq0k,14,14,任期満了,"16,521",,57.95%,,高橋 正夫,73,男,無所属,現,農業,True
2022-02-27,2022-02-20,石垣市議会議員補欠選挙,沖縄県,https://seijiyama.jp/area/card/3624/004PC8/M?S=lcqdt0lcscl0k,2,2,辞職,"39,330",,65.73%,,大道 夏代,53,女,無所属,新,家事専業,True
2022-02-27,2022-02-20,石垣市議会議員補欠選挙,沖縄県,https://seijiyama.jp/area/card/3624/004PC8/M?S=lcqdt0lcscl0k,2,2,辞職,"39,330",,65.73%,,伊良部 和摩,48,男,無所属,新,団体事務局長,True
2022-02-20,2022-02-03,長崎県知事選挙,長崎県,https://seijiyama.jp/area/card/3624/5isOH8/M?S=lcqdt0lbsfm0k,1,3,任期満了,"1,106,346",47.83%,36.03%,239415,大石 賢吾,39,男,無所属（維新推薦）,新,医師,True
2022-02-20,2022-02-03,長崎県知事選挙,長崎県,https://seijiyama.jp/area/card/3624/5isOH8/M?S=lcqdt0lbsfm0k,1,3,任期満了,"1,106,346",47.83%,36.03%,238874,中村 法道,71,男,無所属,現,長崎県知事,False
2022-02-20,2022-02-03,長崎県知事選挙,長崎県,https://seijiyama.jp/area/card/3624/5isOH8/M?S=lcqdt0lbsfm0k,1,3,任期満了,"1,106,346",47.83%,36.03%,46794,宮沢 由彦,54,男,無所属,新,株式会社食と関係価値研究所代表取締役,False
2022-02-20,2022-02-15,城里町議会議員選挙,茨城県,https://seijiyama.jp/area/card/3624/JCxm4c/M?S=lcqdt0lbsgo0k,14,16,任期満了,"16,442",55.81%,59.65%,1264,桜井 和子,66,女,公明,現,農業,True
2022-02-20,2022-02-15,城里町議会議員選挙,茨城県,https://seijiyama.jp/area/card/3624/JCxm4c/M?S=lcqdt0lbsgo0k,14,16,任期満了,"16,442",55.81%,59.65%,1134.053,加藤木 直,67,男,無所属,現,農業,True
2022-02-20,2022-02-15,城里町議会議員選挙,茨城県,https://seijiyama.jp/area/card/3624/JCxm4c/M?S=lcqdt0lbsgo0k,14,16,任期満了,"16,442",55.81%,59.65%,726,綿引 静男,66,男,無所属,新,無職,True
2022-02-20,2022-02-15,城里町議会議員選挙,茨城県,https://seijiyama.jp/area/card/3624/JCxm4c/M?S=lcqdt0lbsgo0k,14,16,任期満了,"16,442",55.81%,59.65%,649,阿久津 則男,66,男,無所属,現,小売業,True
2022-02-20,2022-02-15,城里町議会議員選挙,茨城県,https://seijiyama.jp/area/card/3624/JCxm4c/M?S=lcqdt0lbsgo0k,14,16,任期満了,"16,442",55.81%,59.65%,619,三村 孝信,64,男,無所属,現,町議会議員,True
2022-02-20,2022-02-15,城里町議会議員選挙,茨城県,https://seijiyama.jp/area/card/3624/JCxm4c/M?S=lcqdt0lbsgo0k,14,16,任期満了,"16,442",55.81%,59.65%,600,関 誠一郎,65,男,無所属,現,会社員,True
2022-02-20,2022-02-15,城里町議会議員選挙,茨城県,https://seijiyama.jp/area/card/3624/JCxm4c/M?S=lcqdt0lbsgo0k,14,16,任期満了,"16,442",55.81%,59.65%,536.988,高橋 裕子,43,女,無所属,新,パート,True
2022-02-20,2022-02-15,城里町議会議員選挙,茨城県,https://seijiyama.jp/area/card/3624/JCxm4c/M?S=lcqdt0lbsgo0k,14,16,任期満了,"16,442",55.81%,59.65%,500,藤咲 芙美子,69,女,共産,現,無職,True
2022-02-20,2022-02-15,城里町議会議員選挙,茨城県,https://seijiyama.jp/area/card/3624/JCxm4c/M?S=lcqdt0lbsgo0k,14,16,任期満了,"16,442",55.81%,59.65%,495,小圷 孝,71,男,無所属,現,建築業,True
2022-02-20,2022-02-15,城里町議会議員選挙,茨城県,https://seijiyama.jp/area/card/3624/JCxm4c/M?S=lcqdt0lbsgo0k,14,16,任期満了,"16,442",55.81%,59.65%,491,猿田 正純,68,男,無所属,現,農業,True
2022-02-20,2022-02-15,城里町議会議員選挙,茨城県,https://seijiyama.jp/area/card/3624/JCxm4c/M?S=lcqdt0lbsgo0k,14,16,任期満了,"16,442",55.81%,59.65%,470,片岡 蔵之,70,男,無所属,現,農業,True
2022-02-20,2022-02-15,城里町議会議員選挙,茨城県,https://seijiyama.jp/area/card/3624/JCxm4c/M?S=lcqdt0lbsgo0k,14,16,任期満了,"16,442",55.81%,59.65%,453,金長 秀範,48,男,無所属,新,自営業,True
2022-02-20,2022-02-15,城里町議会議員選挙,茨城県,https://seijiyama.jp/area/card/3624/JCxm4c/M?S=lcqdt0lbsgo0k,14,16,任期満了,"16,442",55.81%,59.65%,420,鯉渕 秀雄,69,男,無所属,現,農業,True
2022-02-20,2022-02-15,城里町議会議員選挙,茨城県,https://seijiyama.jp/area/card/3624/JCxm4c/M?S=lcqdt0lbsgo0k,14,16,任期満了,"16,442",55.81%,59.65%,341,飯村 栄,67,男,無所属,新,学習塾主宰,True
2022-02-20,2022-02-15,城里町議会議員選挙,茨城県,https://seijiyama.jp/area/card/3624/JCxm4c/M?S=lcqdt0lbsgo0k,14,16,任期満了,"16,442",55.81%,59.65%,273.011,高橋 達男,66,男,無所属,新,会社員,False
2022-02-20,2022-02-15,城里町議会議員選挙,茨城県,https://seijiyama.jp/area/card/3624/JCxm4c/M?S=lcqdt0lbsgo0k,14,16,任期満了,"16,442",55.81%,59.65%,114.945,加藤木 正,73,男,無所属,新,会社員,False
2022-02-20,2022-02-13,日野市議会議員選挙,東京都,https://seijiyama.jp/area/card/3624/i5ggbh/M?S=lcqdt0lbsgl0k,24,29,任期満了,"154,516",40.66%,41.64%,3602,新井 智陽,49,男,無所属,現,市議会議員,True
2022-02-20,2022-02-13,日野市議会議員選挙,東京都,https://seijiyama.jp/area/card/3624/i5ggbh/M?S=lcqdt0lbsgl0k,24,29,任期満了,"154,516",40.66%,41.64%,3409.616,伊東 秀章,61,男,維新,現,市議会議員,True
2022-02-20,2022-02-13,日野市議会議員選挙,東京都,https://seijiyama.jp/area/card/3624/i5ggbh/M?S=lcqdt0lbsgl0k,24,29,任期満了,"154,516",40.66%,41.64%,3338,奥住 匡人,50,男,自民,現,市議会議員,True
2022-02-20,2022-02-13,日野市議会議員選挙,東京都,https://seijiyama.jp/area/card/3624/i5ggbh/M?S=lcqdt0lbsgl0k,24,29,任期満了,"154,516",40.66%,41.64%,3302,有賀 精一,63,男,無所属,元,無職,True
2022-02-20,2022-02-13,日野市議会議員選挙,東京都,https://seijiyama.jp/area/card/3624/i5ggbh/M?S=lcqdt0lbsgl0k,24,29,任期満了,"154,516",40.66%,41.64%,3069,馬場 賢司,56,男,公明,現,市議会議員,True
2022-02-20,2022-02-13,日野市議会議員選挙,東京都,https://seijiyama.jp/area/card/3624/i5ggbh/M?S=lcqdt0lbsgl0k,24,29,任期満了,"154,516",40.66%,41.64%,2902,奥野 倫子,60,女,無所属,現,市議会議員,True
2022-02-20,2022-02-13,日野市議会議員選挙,東京都,https://seijiyama.jp/area/card/3624/i5ggbh/M?S=lcqdt0lbsgl0k,24,29,任期満了,"154,516",40.66%,41.64%,2626,古賀 壮志,44,男,自民,現,市議会議員,True
2022-02-20,2022-02-13,日野市議会議員選挙,東京都,https://seijiyama.jp/area/card/3624/i5ggbh/M?S=lcqdt0lbsgl0k,24,29,任期満了,"154,516",40.66%,41.64%,2557,窪田 知子,66,女,公明,現,市議会議員,True
2022-02-20,2022-02-13,日野市議会議員選挙,東京都,https://seijiyama.jp/area/card/3624/i5ggbh/M?S=lcqdt0lbsgl0k,24,29,任期満了,"154,516",40.66%,41.64%,2463,田原 茂,67,男,公明,現,政党役員,True
2022-02-20,2022-02-13,日野市議会議員選挙,東京都,https://seijiyama.jp/area/card/3624/i5ggbh/M?S=lcqdt0lbsgl0k,24,29,任期満了,"154,516",40.66%,41.64%,2397,峯岸 弘行,61,男,公明,現,市議会議員,True
2022-02-20,2022-02-13,日野市議会議員選挙,東京都,https://seijiyama.jp/area/card/3624/i5ggbh/M?S=lcqdt0lbsgl0k,24,29,任期満了,"154,516",40.66%,41.64%,2278,池田 利恵,63,女,無所属,現,市議会議員,True
2022-02-20,2022-02-13,日野市議会議員選挙,東京都,https://seijiyama.jp/area/card/3624/i5ggbh/M?S=lcqdt0lbsgl0k,24,29,任期満了,"154,516",40.66%,41.64%,2120.383,伊藤 鮎美,42,女,自民,新,司会業,True
2022-02-20,2022-02-13,日野市議会議員選挙,東京都,https://seijiyama.jp/area/card/3624/i5ggbh/M?S=lcqdt0lbsgl0k,24,29,任期満了,"154,516",40.66%,41.64%,2097,鈴木 洋子,65,女,自民,現,市議会議員,True
2022-02-20,2022-02-13,日野市議会議員選挙,東京都,https://seijiyama.jp/area/card/3624/i5ggbh/M?S=lcqdt0lbsgl0k,24,29,任期満了,"154,516",40.66%,41.64%,2047,谷 和彦,60,男,無所属,現,市議会議員,True
2022-02-20,2022-02-13,日野市議会議員選挙,東京都,https://seijiyama.jp/area/card/3624/i5ggbh/M?S=lcqdt0lbsgl0k,24,29,任期満了,"154,516",40.66%,41.64%,2038,島谷 広則,42,男,無所属,現,会社員,True
2022-02-20,2022-02-13,日野市議会議員選挙,東京都,https://seijiyama.jp/area/card/3624/i5ggbh/M?S=lcqdt0lbsgl0k,24,29,任期満了,"154,516",40.66%,41.64%,1988,渡部 三枝,63,女,共産,現,市議会議員,True
2022-02-20,2022-02-13,日野市議会議員選挙,東京都,https://seijiyama.jp/area/card/3624/i5ggbh/M?S=lcqdt0lbsgl0k,24,29,任期満了,"154,516",40.66%,41.64%,1976,中野 昭人,53,男,共産,現,市議会議員,True
2022-02-20,2022-02-13,日野市議会議員選挙,東京都,https://seijiyama.jp/area/card/3624/i5ggbh/M?S=lcqdt0lbsgl0k,24,29,任期満了,"154,516",40.66%,41.64%,1884,白井 菜穂子,50,女,日野・生活者ネットワーク,現,市議会議員,True
2022-02-20,2022-02-13,日野市議会議員選挙,東京都,https://seijiyama.jp/area/card/3624/i5ggbh/M?S=lcqdt0lbsgl0k,24,29,任期満了,"154,516",40.66%,41.64%,1851,須崎 貴寛,26,男,自民,新,無職,True
2022-02-20,2022-02-13,日野市議会議員選挙,東京都,https://seijiyama.jp/area/card/3624/i5ggbh/M?S=lcqdt0lbsgl0k,24,29,任期満了,"154,516",40.66%,41.64%,1807,中嶋 良樹,40,男,無所属,元,会社員,True
2022-02-20,2022-02-13,日野市議会議員選挙,東京都,https://seijiyama.jp/area/card/3624/i5ggbh/M?S=lcqdt0lbsgl0k,24,29,任期満了,"154,516",40.66%,41.64%,1788,岡田 旬子,48,女,共産,現,市議会議員,True
2022-02-20,2022-02-13,日野市議会議員選挙,東京都,https://seijiyama.jp/area/card/3624/i5ggbh/M?S=lcqdt0lbsgl0k,24,29,任期満了,"154,516",40.66%,41.64%,1703,森沢 美和子,54,女,立憲,現,市議会議員,True
2022-02-20,2022-02-13,日野市議会議員選挙,東京都,https://seijiyama.jp/area/card/3624/i5ggbh/M?S=lcqdt0lbsgl0k,24,29,任期満了,"154,516",40.66%,41.64%,1558,近沢 美樹,57,女,共産,現,市議会議員,True
2022-02-20,2022-02-13,日野市議会議員選挙,東京都,https://seijiyama.jp/area/card/3624/i5ggbh/M?S=lcqdt0lbsgl0k,24,29,任期満了,"154,516",40.66%,41.64%,1404,佐藤 琢磨,42,男,都民ファーストの会,新,無職,True
2022-02-20,2022-02-13,日野市議会議員選挙,東京都,https://seijiyama.jp/area/card/3624/i5ggbh/M?S=lcqdt0lbsgl0k,24,29,任期満了,"154,516",40.66%,41.64%,1353,大高 哲史,48,男,共産,現,市議会議員,False
2022-02-20,2022-02-13,日野市議会議員選挙,東京都,https://seijiyama.jp/area/card/3624/i5ggbh/M?S=lcqdt0lbsgl0k,24,29,任期満了,"154,516",40.66%,41.64%,1341,森久保 なつき,,,無所属,現,,False
2022-02-20,2022-02-13,日野市議会議員選挙,東京都,https://seijiyama.jp/area/card/3624/i5ggbh/M?S=lcqdt0lbsgl0k,24,29,任期満了,"154,516",40.66%,41.64%,1290,遠藤 茂,59,男,立憲,新,無職,False
2022-02-20,2022-02-13,日野市議会議員選挙,東京都,https://seijiyama.jp/area/card/3624/i5ggbh/M?S=lcqdt0lbsgl0k,24,29,任期満了,"154,516",40.66%,41.64%,1188,蛭田 智也,37,男,自民,現,会社役員,False
2022-02-20,2022-02-13,日野市議会議員選挙,東京都,https://seijiyama.jp/area/card/3624/i5ggbh/M?S=lcqdt0lbsgl0k,24,29,任期満了,"154,516",40.66%,41.64%,605,中村 太郎,30,男,無所属,新,日野市会計年度任用職員,False
2022-02-20,2022-02-15,宇美町議会議員選挙,福岡県,https://seijiyama.jp/area/card/3624/7ISjKA/M?S=lcqdt0lbsfs0k,12,16,任期満了,"30,083",39.4%,43.35%,1505,黒川 悟,61,男,公明,現,建設業,True
2022-02-20,2022-02-15,宇美町議会議員選挙,福岡県,https://seijiyama.jp/area/card/3624/7ISjKA/M?S=lcqdt0lbsfs0k,12,16,任期満了,"30,083",39.4%,43.35%,1484,古賀 ひろ子,64,女,公明,現,政党役員,True
2022-02-20,2022-02-15,宇美町議会議員選挙,福岡県,https://seijiyama.jp/area/card/3624/7ISjKA/M?S=lcqdt0lbsfs0k,12,16,任期満了,"30,083",39.4%,43.35%,1142.098,小林 孝昭,39,男,無所属,新,KOYASU FARM代表,True
2022-02-20,2022-02-15,宇美町議会議員選挙,福岡県,https://seijiyama.jp/area/card/3624/7ISjKA/M?S=lcqdt0lbsfs0k,12,16,任期満了,"30,083",39.4%,43.35%,880,高橋 紳章,69,男,無所属,新,タカハシ・ダイヤツール代表,True
2022-02-20,2022-02-15,宇美町議会議員選挙,福岡県,https://seijiyama.jp/area/card/3624/7ISjKA/M?S=lcqdt0lbsfs0k,12,16,任期満了,"30,083",39.4%,43.35%,780,丸山 康夫,56,男,無所属,現,無職,True
2022-02-20,2022-02-15,宇美町議会議員選挙,福岡県,https://seijiyama.jp/area/card/3624/7ISjKA/M?S=lcqdt0lbsfs0k,12,16,任期満了,"30,083",39.4%,43.35%,779.59,安川 禎幸,62,男,無所属,新,無職,True
2022-02-20,2022-02-15,宇美町議会議員選挙,福岡県,https://seijiyama.jp/area/card/3624/7ISjKA/M?S=lcqdt0lbsfs0k,12,16,任期満了,"30,083",39.4%,43.35%,754.409,安川 繁典,67,男,無所属,現,無職,True
2022-02-20,2022-02-15,宇美町議会議員選挙,福岡県,https://seijiyama.jp/area/card/3624/7ISjKA/M?S=lcqdt0lbsfs0k,12,16,任期満了,"30,083",39.4%,43.35%,697.689,藤木 泰,67,男,無所属,現,農業,True
2022-02-20,2022-02-15,宇美町議会議員選挙,福岡県,https://seijiyama.jp/area/card/3624/7ISjKA/M?S=lcqdt0lbsfs0k,12,16,任期満了,"30,083",39.4%,43.35%,544,白水 英至,70,男,無所属,現,無職,True
2022-02-20,2022-02-15,宇美町議会議員選挙,福岡県,https://seijiyama.jp/area/card/3624/7ISjKA/M?S=lcqdt0lbsfs0k,12,16,任期満了,"30,083",39.4%,43.35%,531,平野 龍彦,62,男,無所属,現,平野設計株式会社取締役,True
2022-02-20,2022-02-15,宇美町議会議員選挙,福岡県,https://seijiyama.jp/area/card/3624/7ISjKA/M?S=lcqdt0lbsfs0k,12,16,任期満了,"30,083",39.4%,43.35%,527,入江 政行,69,男,共産,現,酒類小売業,True
2022-02-20,2022-02-15,宇美町議会議員選挙,福岡県,https://seijiyama.jp/area/card/3624/7ISjKA/M?S=lcqdt0lbsfs0k,12,16,任期満了,"30,083",39.4%,43.35%,520,鳴海 圭矢,47,男,共産,元,団体職員,True
2022-02-20,2022-02-15,宇美町議会議員選挙,福岡県,https://seijiyama.jp/area/card/3624/7ISjKA/M?S=lcqdt0lbsfs0k,12,16,任期満了,"30,083",39.4%,43.35%,492,吉原 秀信,70,男,無所属,現,無職,False
2022-02-20,2022-02-15,宇美町議会議員選挙,福岡県,https://seijiyama.jp/area/card/3624/7ISjKA/M?S=lcqdt0lbsfs0k,12,16,任期満了,"30,083",39.4%,43.35%,466.901,小林 征男,76,男,無所属,現,無職,False
2022-02-20,2022-02-15,宇美町議会議員選挙,福岡県,https://seijiyama.jp/area/card/3624/7ISjKA/M?S=lcqdt0lbsfs0k,12,16,任期満了,"30,083",39.4%,43.35%,454,飛賀 貴夫,62,男,無所属,現,会社役員,False
2022-02-20,2022-02-15,宇美町議会議員選挙,福岡県,https://seijiyama.jp/area/card/3624/7ISjKA/M?S=lcqdt0lbsfs0k,12,16,任期満了,"30,083",39.4%,43.35%,128.31,藤木 国治,52,男,無所属,新,うみ・ふれあい農園代表,False
2022-02-20,2022-02-15,みやき町議会議員選挙,佐賀県,https://seijiyama.jp/area/card/3624/8iA8G0/M?S=lcqdt0lbser0k,16,21,任期満了,"21,414",59.43%,59.9%,1219,末次 優,31,男,無所属,新,柔道整復師,True
2022-02-20,2022-02-15,みやき町議会議員選挙,佐賀県,https://seijiyama.jp/area/card/3624/8iA8G0/M?S=lcqdt0lbser0k,16,21,任期満了,"21,414",59.43%,59.9%,1014,西村 健一郎,44,男,無所属,新,会社員,True
2022-02-20,2022-02-15,みやき町議会議員選挙,佐賀県,https://seijiyama.jp/area/card/3624/8iA8G0/M?S=lcqdt0lbser0k,16,21,任期満了,"21,414",59.43%,59.9%,907,目野 さとみ,63,女,公明,現,町議会議員,True
2022-02-20,2022-02-15,みやき町議会議員選挙,佐賀県,https://seijiyama.jp/area/card/3624/8iA8G0/M?S=lcqdt0lbser0k,16,21,任期満了,"21,414",59.43%,59.9%,846,園田 邦広,76,男,無所属,現,なし,True
2022-02-20,2022-02-15,みやき町議会議員選挙,佐賀県,https://seijiyama.jp/area/card/3624/8iA8G0/M?S=lcqdt0lbser0k,16,21,任期満了,"21,414",59.43%,59.9%,746,平野 達矢,73,男,自民,現,生花販売店代表,True
2022-02-20,2022-02-15,みやき町議会議員選挙,佐賀県,https://seijiyama.jp/area/card/3624/8iA8G0/M?S=lcqdt0lbser0k,16,21,任期満了,"21,414",59.43%,59.9%,722,宮原 宏典,80,男,無所属,現,農業,True
2022-02-20,2022-02-15,みやき町議会議員選挙,佐賀県,https://seijiyama.jp/area/card/3624/8iA8G0/M?S=lcqdt0lbser0k,16,21,任期満了,"21,414",59.43%,59.9%,687,武田 光邦,73,男,無所属,新,無職,True
2022-02-20,2022-02-15,みやき町議会議員選挙,佐賀県,https://seijiyama.jp/area/card/3624/8iA8G0/M?S=lcqdt0lbser0k,16,21,任期満了,"21,414",59.43%,59.9%,661,益田 清,71,男,無所属,現,町議会議員,True
2022-02-20,2022-02-15,みやき町議会議員選挙,佐賀県,https://seijiyama.jp/area/card/3624/8iA8G0/M?S=lcqdt0lbser0k,16,21,任期満了,"21,414",59.43%,59.9%,658,牟田 秀文,72,男,無所属,現,町議会議員,True
2022-02-20,2022-02-15,みやき町議会議員選挙,佐賀県,https://seijiyama.jp/area/card/3624/8iA8G0/M?S=lcqdt0lbser0k,16,21,任期満了,"21,414",59.43%,59.9%,579,松信 彰文,75,男,無所属,現,無職,True
2022-02-20,2022-02-15,みやき町議会議員選挙,佐賀県,https://seijiyama.jp/area/card/3624/8iA8G0/M?S=lcqdt0lbser0k,16,21,任期満了,"21,414",59.43%,59.9%,562,岡 広明,77,男,無所属,現,農業,True
2022-02-20,2022-02-15,みやき町議会議員選挙,佐賀県,https://seijiyama.jp/area/card/3624/8iA8G0/M?S=lcqdt0lbser0k,16,21,任期満了,"21,414",59.43%,59.9%,547,古賀 通,76,男,無所属,現,無職,True
2022-02-20,2022-02-15,みやき町議会議員選挙,佐賀県,https://seijiyama.jp/area/card/3624/8iA8G0/M?S=lcqdt0lbser0k,16,21,任期満了,"21,414",59.43%,59.9%,536,大石 安弘,65,男,無所属,現,障害者支援施設希望の家施設長,True
2022-02-20,2022-02-15,みやき町議会議員選挙,佐賀県,https://seijiyama.jp/area/card/3624/8iA8G0/M?S=lcqdt0lbser0k,16,21,任期満了,"21,414",59.43%,59.9%,524,岡 友清,72,男,無所属,現,町議会議員,True
2022-02-20,2022-02-15,みやき町議会議員選挙,佐賀県,https://seijiyama.jp/area/card/3624/8iA8G0/M?S=lcqdt0lbser0k,16,21,任期満了,"21,414",59.43%,59.9%,507,吉村 哲雄,70,男,無所属,新,会社役員,True
2022-02-20,2022-02-15,みやき町議会議員選挙,佐賀県,https://seijiyama.jp/area/card/3624/8iA8G0/M?S=lcqdt0lbser0k,16,21,任期満了,"21,414",59.43%,59.9%,458,長瀬 宣宏,67,男,無所属,新,無職,True
2022-02-20,2022-02-15,みやき町議会議員選挙,佐賀県,https://seijiyama.jp/area/card/3624/8iA8G0/M?S=lcqdt0lbser0k,16,21,任期満了,"21,414",59.43%,59.9%,397,中尾 純子,69,女,共産,現,町議会議員,False
2022-02-20,2022-02-15,みやき町議会議員選挙,佐賀県,https://seijiyama.jp/area/card/3624/8iA8G0/M?S=lcqdt0lbser0k,16,21,任期満了,"21,414",59.43%,59.9%,349,大曲 隆則,64,男,無所属,現,無職,False
2022-02-20,2022-02-15,みやき町議会議員選挙,佐賀県,https://seijiyama.jp/area/card/3624/8iA8G0/M?S=lcqdt0lbser0k,16,21,任期満了,"21,414",59.43%,59.9%,299,江頭 広史,64,男,無所属,新,自営業,False
2022-02-20,2022-02-15,みやき町議会議員選挙,佐賀県,https://seijiyama.jp/area/card/3624/8iA8G0/M?S=lcqdt0lbser0k,16,21,任期満了,"21,414",59.43%,59.9%,250,山内 義晃,68,男,無所属,元,有限会社太陽代表取締役,False
2022-02-20,2022-02-15,みやき町議会議員選挙,佐賀県,https://seijiyama.jp/area/card/3624/8iA8G0/M?S=lcqdt0lbser0k,16,21,任期満了,"21,414",59.43%,59.9%,122,井樋 正弘,67,男,無所属,新,陶芸家,False
2022-02-20,2022-02-13,四街道市長選挙,千葉県,https://seijiyama.jp/area/card/3624/I8u9i5/M?S=lcqdt0lbsen0k,1,2,任期満了,"77,543",41.69%,34.63%,23704,鈴木 陽介,38,男,無所属,新,無職、元千葉県議,True
2022-02-20,2022-02-13,四街道市長選挙,千葉県,https://seijiyama.jp/area/card/3624/I8u9i5/M?S=lcqdt0lbsen0k,1,2,任期満了,"77,543",41.69%,34.63%,8398,佐渡 斉,68,男,無所属（自民推薦）,現,四街道市長,False
2022-02-20,2022-02-15,朝日村議会議員補欠選挙,長野県,https://seijiyama.jp/area/card/3624/gKrCjh/M?S=lcqdt0lcsck0k,2,4,死去,"3,726",56.28%,,839,羽多野 美映,47,女,無所属,新,自営業,True
2022-02-20,2022-02-15,朝日村議会議員補欠選挙,長野県,https://seijiyama.jp/area/card/3624/gKrCjh/M?S=lcqdt0lcsck0k,2,4,死去,"3,726",56.28%,,514,小林 弘之,63,男,無所属,新,会社員,True
2022-02-20,2022-02-15,朝日村議会議員補欠選挙,長野県,https://seijiyama.jp/area/card/3624/gKrCjh/M?S=lcqdt0lcsck0k,2,4,死去,"3,726",56.28%,,474,斉藤 正法,44,男,無所属,新,農業,False
2022-02-20,2022-02-15,朝日村議会議員補欠選挙,長野県,https://seijiyama.jp/area/card/3624/gKrCjh/M?S=lcqdt0lcsck0k,2,4,死去,"3,726",56.28%,,260,上條 一雄,69,男,無所属,新,自営業,False
2022-02-20,2022-02-15,南関町長選挙,熊本県,https://seijiyama.jp/area/card/3624/9EGd73/M?S=lcqdt0lckip0k,1,1,任期満了,"7,923",,,,佐藤 安彦,60,男,無所属,現,南関町長,True
2022-02-20,2022-02-15,阿見町長選挙,茨城県,https://seijiyama.jp/area/card/3624/eHGbkh/M?S=lcqdt0lbsht0k,1,1,任期満了,"40,086",,51.73%,,千葉 繁,59,男,無所属,現,会社役員、阿見町長,True
2022-02-20,2022-02-15,新富町長選挙,宮崎県,https://seijiyama.jp/area/card/3624/cI4UKf/M?S=lcqdt0lbshs0k,1,1,任期満了,"14,242",,63.09%,,小嶋 崇嗣,50,男,無所属,現,新富町長,True
2022-02-20,2022-02-15,永平寺町長選挙,福井県,https://seijiyama.jp/area/card/3624/f1xbHC/M?S=lcqdt0lbsgp0k,1,1,任期満了,"15,324",,,,河合 永充,49,男,無所属,現,永平寺町長,True
2022-02-20,2022-02-15,宇美町長選挙,福岡県,https://seijiyama.jp/area/card/3624/gaaE31/M?S=lcqdt0lbsfr0k,1,1,任期満了,"30,496",,,,安川 茂伸,56,男,無所属,新,無職、元町職員,True
2022-02-20,2022-02-15,上関町議会議員選挙,山口県,https://seijiyama.jp/area/card/3624/6JGw8G/M?S=lcqdt0lbseo0k,10,10,任期満了,"2,319",,80.6%,,右田 千賀子,75,女,無所属,現,海運業,True
2022-02-20,2022-02-15,上関町議会議員選挙,山口県,https://seijiyama.jp/area/card/3624/6JGw8G/M?S=lcqdt0lbseo0k,10,10,任期満了,"2,319",,80.6%,,山村 泰志,72,男,無所属,現,無職,True
2022-02-20,2022-02-15,上関町議会議員選挙,山口県,https://seijiyama.jp/area/card/3624/6JGw8G/M?S=lcqdt0lbseo0k,10,10,任期満了,"2,319",,80.6%,,古泉 直紀,63,男,無所属,新,自営業,True
2022-02-20,2022-02-15,上関町議会議員選挙,山口県,https://seijiyama.jp/area/card/3624/6JGw8G/M?S=lcqdt0lbseo0k,10,10,任期満了,"2,319",,80.6%,,岩木 和美,62,女,無所属,現,無職,True
2022-02-20,2022-02-15,上関町議会議員選挙,山口県,https://seijiyama.jp/area/card/3624/6JGw8G/M?S=lcqdt0lbseo0k,10,10,任期満了,"2,319",,80.6%,,山谷 良数,70,男,無所属,現,自営業,True
2022-02-20,2022-02-15,上関町議会議員選挙,山口県,https://seijiyama.jp/area/card/3624/6JGw8G/M?S=lcqdt0lbseo0k,10,10,任期満了,"2,319",,80.6%,,山戸 孝,44,男,無所属,現,農業,True
2022-02-20,2022-02-15,上関町議会議員選挙,山口県,https://seijiyama.jp/area/card/3624/6JGw8G/M?S=lcqdt0lbseo0k,10,10,任期満了,"2,319",,80.6%,,清水 康博,31,男,無所属,新,小売業,True
2022-02-20,2022-02-15,上関町議会議員選挙,山口県,https://seijiyama.jp/area/card/3624/6JGw8G/M?S=lcqdt0lbseo0k,10,10,任期満了,"2,319",,80.6%,,秋山 鈴明,29,男,無所属,新,漁業,True
2022-02-20,2022-02-15,上関町議会議員選挙,山口県,https://seijiyama.jp/area/card/3624/6JGw8G/M?S=lcqdt0lbseo0k,10,10,任期満了,"2,319",,80.6%,,海下 竜一郎,57,男,無所属,現,漁業,True
2022-02-20,2022-02-15,上関町議会議員選挙,山口県,https://seijiyama.jp/area/card/3624/6JGw8G/M?S=lcqdt0lbseo0k,10,10,任期満了,"2,319",,80.6%,,西 哲夫,74,男,無所属,現,運送業,True
2022-02-20,2022-02-15,南関町議会議員選挙,熊本県,https://seijiyama.jp/area/card/3624/70D_7j/M?S=lcqdt0lbsem0k,12,13,任期満了,"7,854",63.89%,68.76%,632,福山 美佳,39,女,無所属,新,会社員,True
2022-02-20,2022-02-15,南関町議会議員選挙,熊本県,https://seijiyama.jp/area/card/3624/70D_7j/M?S=lcqdt0lbsem0k,12,13,任期満了,"7,854",63.89%,68.76%,579,境田 敏高,68,男,無所属,現,自営業,True
2022-02-20,2022-02-15,南関町議会議員選挙,熊本県,https://seijiyama.jp/area/card/3624/70D_7j/M?S=lcqdt0lbsem0k,12,13,任期満了,"7,854",63.89%,68.76%,507,山口 純子,72,女,無所属,元,飲食業,True
2022-02-20,2022-02-15,南関町議会議員選挙,熊本県,https://seijiyama.jp/area/card/3624/70D_7j/M?S=lcqdt0lbsem0k,12,13,任期満了,"7,854",63.89%,68.76%,396,西田 恵介,51,男,無所属,現,自営業,True
2022-02-20,2022-02-15,南関町議会議員選挙,熊本県,https://seijiyama.jp/area/card/3624/70D_7j/M?S=lcqdt0lbsem0k,12,13,任期満了,"7,854",63.89%,68.76%,390,井下 忠俊,62,男,無所属,現,自営業,True
2022-02-20,2022-02-15,南関町議会議員選挙,熊本県,https://seijiyama.jp/area/card/3624/70D_7j/M?S=lcqdt0lbsem0k,12,13,任期満了,"7,854",63.89%,68.76%,369,矢野 修一,62,男,無所属,新,農業,True
2022-02-20,2022-02-15,南関町議会議員選挙,熊本県,https://seijiyama.jp/area/card/3624/70D_7j/M?S=lcqdt0lbsem0k,12,13,任期満了,"7,854",63.89%,68.76%,368.544,立山 比呂志,63,男,無所属,現,自営業,True
2022-02-20,2022-02-15,南関町議会議員選挙,熊本県,https://seijiyama.jp/area/card/3624/70D_7j/M?S=lcqdt0lbsem0k,12,13,任期満了,"7,854",63.89%,68.76%,347.455,立山 秀喜,65,男,無所属,現,農業,True
2022-02-20,2022-02-15,南関町議会議員選挙,熊本県,https://seijiyama.jp/area/card/3624/70D_7j/M?S=lcqdt0lbsem0k,12,13,任期満了,"7,854",63.89%,68.76%,330,北原 浩一郎,61,男,無所属,現,小売業,True
2022-02-20,2022-02-15,南関町議会議員選挙,熊本県,https://seijiyama.jp/area/card/3624/70D_7j/M?S=lcqdt0lbsem0k,12,13,任期満了,"7,854",63.89%,68.76%,309,杉村 博明,64,男,無所属,現,農業,True
2022-02-20,2022-02-15,南関町議会議員選挙,熊本県,https://seijiyama.jp/area/card/3624/70D_7j/M?S=lcqdt0lbsem0k,12,13,任期満了,"7,854",63.89%,68.76%,274,中村 正雄,71,男,無所属,現,無職,True
2022-02-20,2022-02-15,南関町議会議員選挙,熊本県,https://seijiyama.jp/area/card/3624/70D_7j/M?S=lcqdt0lbsem0k,12,13,任期満了,"7,854",63.89%,68.76%,269,伊藤 博長,61,男,無所属,新,農業,True
2022-02-20,2022-02-15,南関町議会議員選挙,熊本県,https://seijiyama.jp/area/card/3624/70D_7j/M?S=lcqdt0lbsem0k,12,13,任期満了,"7,854",63.89%,68.76%,197,釘崎 幸義,68,男,無所属,新,自営業,False
2022-02-20,2022-02-13,留萌市長選挙,北海道,https://seijiyama.jp/area/card/3624/JKzgKB/M?S=lcqdt0lbsgn0k,1,1,任期満了,"17,470",,67.67%,,中西 俊司,65,男,無所属,現,留萌市長,True
2022-02-20,2022-02-13,町田市議会議員選挙,東京都,https://seijiyama.jp/area/card/3624/fjUBGb/M?S=lcqdt0lbsgk0k,36,49,任期満了,"356,848",42.52%,42.35%,9206,吉田 勉,73,男,無所属,元,NPO法人理事,True
2022-02-20,2022-02-13,町田市議会議員選挙,東京都,https://seijiyama.jp/area/card/3624/fjUBGb/M?S=lcqdt0lbsgk0k,36,49,任期満了,"356,848",42.52%,42.35%,8524,矢口 真由,32,女,維新,現,町田市議会議員,True
2022-02-20,2022-02-13,町田市議会議員選挙,東京都,https://seijiyama.jp/area/card/3624/fjUBGb/M?S=lcqdt0lbsgk0k,36,49,任期満了,"356,848",42.52%,42.35%,5950,小関 重太郎,45,男,維新,現,町田市議会議員,True
2022-02-20,2022-02-13,町田市議会議員選挙,東京都,https://seijiyama.jp/area/card/3624/fjUBGb/M?S=lcqdt0lbsgk0k,36,49,任期満了,"356,848",42.52%,42.35%,4990,今村 路加,53,男,無所属,元,社会福祉士、元都議,True
2022-02-20,2022-02-13,町田市議会議員選挙,東京都,https://seijiyama.jp/area/card/3624/fjUBGb/M?S=lcqdt0lbsgk0k,36,49,任期満了,"356,848",42.52%,42.35%,4689,森本 誠也,40,男,無所属,現,町田市議会議員,True
2022-02-20,2022-02-13,町田市議会議員選挙,東京都,https://seijiyama.jp/area/card/3624/fjUBGb/M?S=lcqdt0lbsgk0k,36,49,任期満了,"356,848",42.52%,42.35%,4537.34,田中 美穂,39,女,共産,現,町田市議会議員,True
2022-02-20,2022-02-13,町田市議会議員選挙,東京都,https://seijiyama.jp/area/card/3624/fjUBGb/M?S=lcqdt0lbsgk0k,36,49,任期満了,"356,848",42.52%,42.35%,4445,木目田 英男,47,男,自民,現,町田市議会議員,True
2022-02-20,2022-02-13,町田市議会議員選挙,東京都,https://seijiyama.jp/area/card/3624/fjUBGb/M?S=lcqdt0lbsgk0k,36,49,任期満了,"356,848",42.52%,42.35%,4117,東 友美,37,,立憲,現,町田市議会議員,True
2022-02-20,2022-02-13,町田市議会議員選挙,東京都,https://seijiyama.jp/area/card/3624/fjUBGb/M?S=lcqdt0lbsgk0k,36,49,任期満了,"356,848",42.52%,42.35%,3927.545,藤田 学,52,男,自民,現,町田市議会議員,True
2022-02-20,2022-02-13,町田市議会議員選挙,東京都,https://seijiyama.jp/area/card/3624/fjUBGb/M?S=lcqdt0lbsgk0k,36,49,任期満了,"356,848",42.52%,42.35%,3731,殿村 健一,67,男,共産,現,町田市議会議員,True
2022-02-20,2022-02-13,町田市議会議員選挙,東京都,https://seijiyama.jp/area/card/3624/fjUBGb/M?S=lcqdt0lbsgk0k,36,49,任期満了,"356,848",42.52%,42.35%,3647,奥 栄一,67,男,公明,現,町田市議会議員,True
2022-02-20,2022-02-13,町田市議会議員選挙,東京都,https://seijiyama.jp/area/card/3624/fjUBGb/M?S=lcqdt0lbsgk0k,36,49,任期満了,"356,848",42.52%,42.35%,3382.008,山下 哲也,56,男,公明,現,町田市議会議員,True
2022-02-20,2022-02-13,町田市議会議員選挙,東京都,https://seijiyama.jp/area/card/3624/fjUBGb/M?S=lcqdt0lbsgk0k,36,49,任期満了,"356,848",42.52%,42.35%,3338.181,三遊亭 らん丈,62,,自民,現,町田市議会議員,True
2022-02-20,2022-02-13,町田市議会議員選挙,東京都,https://seijiyama.jp/area/card/3624/fjUBGb/M?S=lcqdt0lbsgk0k,36,49,任期満了,"356,848",42.52%,42.35%,3321.991,白川 哲也,40,男,無所属,現,町田市議会議員,True
2022-02-20,2022-02-13,町田市議会議員選挙,東京都,https://seijiyama.jp/area/card/3624/fjUBGb/M?S=lcqdt0lbsgk0k,36,49,任期満了,"356,848",42.52%,42.35%,3305.346,渡辺 厳太郎,49,男,自民,現,町田市議会議員,True
2022-02-20,2022-02-13,町田市議会議員選挙,東京都,https://seijiyama.jp/area/card/3624/fjUBGb/M?S=lcqdt0lbsgk0k,36,49,任期満了,"356,848",42.52%,42.35%,3295,秋田 史津香,41,女,無所属,新,会社代表,True
2022-02-20,2022-02-13,町田市議会議員選挙,東京都,https://seijiyama.jp/area/card/3624/fjUBGb/M?S=lcqdt0lbsgk0k,36,49,任期満了,"356,848",42.52%,42.35%,3292.272,小野寺 学,51,男,公明,新,会社役員,True
2022-02-20,2022-02-13,町田市議会議員選挙,東京都,https://seijiyama.jp/area/card/3624/fjUBGb/M?S=lcqdt0lbsgk0k,36,49,任期満了,"356,848",42.52%,42.35%,3244,小野 隆治,44,男,立憲,新,社会福祉士,True
2022-02-20,2022-02-13,町田市議会議員選挙,東京都,https://seijiyama.jp/area/card/3624/fjUBGb/M?S=lcqdt0lbsgk0k,36,49,任期満了,"356,848",42.52%,42.35%,3230.405,細野 龍子,67,女,共産,現,町田市議会議員,True
2022-02-20,2022-02-13,町田市議会議員選挙,東京都,https://seijiyama.jp/area/card/3624/fjUBGb/M?S=lcqdt0lbsgk0k,36,49,任期満了,"356,848",42.52%,42.35%,3214,松岡 みゆき,60,女,無所属,元,無職,True
2022-02-20,2022-02-13,町田市議会議員選挙,東京都,https://seijiyama.jp/area/card/3624/fjUBGb/M?S=lcqdt0lbsgk0k,36,49,任期満了,"356,848",42.52%,42.35%,3016,松葉 祐巳,55,女,公明,現,町田市議会議員,True
2022-02-20,2022-02-13,町田市議会議員選挙,東京都,https://seijiyama.jp/area/card/3624/fjUBGb/M?S=lcqdt0lbsgk0k,36,49,任期満了,"356,848",42.52%,42.35%,2979,加藤 真彦,35,男,自民,新,無職,True
2022-02-20,2022-02-13,町田市議会議員選挙,東京都,https://seijiyama.jp/area/card/3624/fjUBGb/M?S=lcqdt0lbsgk0k,36,49,任期満了,"356,848",42.52%,42.35%,2972,園城 由久,59,男,公明,現,町田市議会議員,True
2022-02-20,2022-02-13,町田市議会議員選挙,東京都,https://seijiyama.jp/area/card/3624/fjUBGb/M?S=lcqdt0lbsgk0k,36,49,任期満了,"356,848",42.52%,42.35%,2947,佐々木 智子,66,女,共産,現,町田市議会議員,True
2022-02-20,2022-02-13,町田市議会議員選挙,東京都,https://seijiyama.jp/area/card/3624/fjUBGb/M?S=lcqdt0lbsgk0k,36,49,任期満了,"356,848",42.52%,42.35%,2933,若林 章喜,47,男,自民,現,町田市議会議員,True
2022-02-20,2022-02-13,町田市議会議員選挙,東京都,https://seijiyama.jp/area/card/3624/fjUBGb/M?S=lcqdt0lbsgk0k,36,49,任期満了,"356,848",42.52%,42.35%,2879,戸塚 正人,41,男,無所属,現,町田市議会議員,True
2022-02-20,2022-02-13,町田市議会議員選挙,東京都,https://seijiyama.jp/area/card/3624/fjUBGb/M?S=lcqdt0lbsgk0k,36,49,任期満了,"356,848",42.52%,42.35%,2821.594,岩瀬 和子,58,女,自民,現,町田市議会議員,True
2022-02-20,2022-02-13,町田市議会議員選挙,東京都,https://seijiyama.jp/area/card/3624/fjUBGb/M?S=lcqdt0lbsgk0k,36,49,任期満了,"356,848",42.52%,42.35%,2761,新井 克尚,47,男,無所属,現,町田市議会議員,True
2022-02-20,2022-02-13,町田市議会議員選挙,東京都,https://seijiyama.jp/area/card/3624/fjUBGb/M?S=lcqdt0lbsgk0k,36,49,任期満了,"356,848",42.52%,42.35%,2739,熊沢 礼里,50,女,自民,現,税理士,True
2022-02-20,2022-02-13,町田市議会議員選挙,東京都,https://seijiyama.jp/area/card/3624/fjUBGb/M?S=lcqdt0lbsgk0k,36,49,任期満了,"356,848",42.52%,42.35%,2712,村松 俊孝,44,男,公明,現,町田市議会議員,True
2022-02-20,2022-02-13,町田市議会議員選挙,東京都,https://seijiyama.jp/area/card/3624/fjUBGb/M?S=lcqdt0lbsgk0k,36,49,任期満了,"356,848",42.52%,42.35%,2635,石川 好忠,68,男,自民,現,会社役員,True
2022-02-20,2022-02-13,町田市議会議員選挙,東京都,https://seijiyama.jp/area/card/3624/fjUBGb/M?S=lcqdt0lbsgk0k,36,49,任期満了,"356,848",42.52%,42.35%,2620.653,渡辺 智士,42,男,立憲,新,衆議院議員秘書,True
2022-02-20,2022-02-13,町田市議会議員選挙,東京都,https://seijiyama.jp/area/card/3624/fjUBGb/M?S=lcqdt0lbsgk0k,36,49,任期満了,"356,848",42.52%,42.35%,2466.871,佐藤 和彦,49,男,無所属,現,町田市議会議員,True
2022-02-20,2022-02-13,町田市議会議員選挙,東京都,https://seijiyama.jp/area/card/3624/fjUBGb/M?S=lcqdt0lbsgk0k,36,49,任期満了,"356,848",42.52%,42.35%,2443.854,佐藤 伸一郎,66,男,自民,現,町田市議会議員,True
2022-02-20,2022-02-13,町田市議会議員選挙,東京都,https://seijiyama.jp/area/card/3624/fjUBGb/M?S=lcqdt0lbsgk0k,36,49,任期満了,"356,848",42.52%,42.35%,2406,中川 幸太郎,30,男,都民ファーストの会,新,東京都議会議員秘書,True
2022-02-20,2022-02-13,町田市議会議員選挙,東京都,https://seijiyama.jp/area/card/3624/fjUBGb/M?S=lcqdt0lbsgk0k,36,49,任期満了,"356,848",42.52%,42.35%,2221,笹倉 みどり,48,女,町田・生活者ネットワーク,新,無職,True
2022-02-20,2022-02-13,町田市議会議員選挙,東京都,https://seijiyama.jp/area/card/3624/fjUBGb/M?S=lcqdt0lbsgk0k,36,49,任期満了,"356,848",42.52%,42.35%,2100,大野 誠,57,男,共産,新,政党職員,False
2022-02-20,2022-02-13,町田市議会議員選挙,東京都,https://seijiyama.jp/area/card/3624/fjUBGb/M?S=lcqdt0lbsgk0k,36,49,任期満了,"356,848",42.52%,42.35%,1927,土谷 雅美,57,女,町田・生活者ネットワーク,新,保育士,False
2022-02-20,2022-02-13,町田市議会議員選挙,東京都,https://seijiyama.jp/area/card/3624/fjUBGb/M?S=lcqdt0lbsgk0k,36,49,任期満了,"356,848",42.52%,42.35%,1816,友井 和彦,56,男,無所属,現,町田市議会議員,False
2022-02-20,2022-02-13,町田市議会議員選挙,東京都,https://seijiyama.jp/area/card/3624/fjUBGb/M?S=lcqdt0lbsgk0k,36,49,任期満了,"356,848",42.52%,42.35%,1679.274,佐藤 諒仁,33,男,無所属,新,会社員,False
2022-02-20,2022-02-13,町田市議会議員選挙,東京都,https://seijiyama.jp/area/card/3624/fjUBGb/M?S=lcqdt0lbsgk0k,36,49,任期満了,"356,848",42.52%,42.35%,1591,南部 渚,37,女,無所属,新,保育士,False
2022-02-20,2022-02-13,町田市議会議員選挙,東京都,https://seijiyama.jp/area/card/3624/fjUBGb/M?S=lcqdt0lbsgk0k,36,49,任期満了,"356,848",42.52%,42.35%,1581,兼松 賢一,41,男,つばさの党,新,会社代表取締役,False
2022-02-20,2022-02-13,町田市議会議員選挙,東京都,https://seijiyama.jp/area/card/3624/fjUBGb/M?S=lcqdt0lbsgk0k,36,49,任期満了,"356,848",42.52%,42.35%,1471,広田 悠大,27,男,無所属,新,NPO団体代表,False
2022-02-20,2022-02-13,町田市議会議員選挙,東京都,https://seijiyama.jp/area/card/3624/fjUBGb/M?S=lcqdt0lbsgk0k,36,49,任期満了,"356,848",42.52%,42.35%,1312,智田 伸也,57,男,立憲,現,町田市議会議員,False
2022-02-20,2022-02-13,町田市議会議員選挙,東京都,https://seijiyama.jp/area/card/3624/fjUBGb/M?S=lcqdt0lbsgk0k,36,49,任期満了,"356,848",42.52%,42.35%,1282,蓮沼 毅,42,男,無所属,新,薬剤師,False
2022-02-20,2022-02-13,町田市議会議員選挙,東京都,https://seijiyama.jp/area/card/3624/fjUBGb/M?S=lcqdt0lbsgk0k,36,49,任期満了,"356,848",42.52%,42.35%,1134,深沢 宏文,58,男,無所属,現,町田市議会議員,False
2022-02-20,2022-02-13,町田市議会議員選挙,東京都,https://seijiyama.jp/area/card/3624/fjUBGb/M?S=lcqdt0lbsgk0k,36,49,任期満了,"356,848",42.52%,42.35%,977.659,田中 修三,69,男,無所属,新,大学教員,False
2022-02-20,2022-02-13,町田市議会議員選挙,東京都,https://seijiyama.jp/area/card/3624/fjUBGb/M?S=lcqdt0lbsgk0k,36,49,任期満了,"356,848",42.52%,42.35%,368,平田 尚史,60,男,無所属,新,無職,False
2022-02-20,2022-02-13,町田市議会議員選挙,東京都,https://seijiyama.jp/area/card/3624/fjUBGb/M?S=lcqdt0lbsgk0k,36,49,任期満了,"356,848",42.52%,42.35%,297,新飯田 塁,40,男,子供の未来を守る党,新,NPO法人代表理事,False
2022-02-20,2022-02-13,町田市長選挙,東京都,https://seijiyama.jp/area/card/3624/icDLJa/M?S=lcqdt0lbsft0k,1,6,任期満了,"356,848",42.51%,42.34%,53323,石阪 丈一,74,男,無所属,現,町田市長,True
2022-02-20,2022-02-13,町田市長選挙,東京都,https://seijiyama.jp/area/card/3624/icDLJa/M?S=lcqdt0lbsft0k,1,6,任期満了,"356,848",42.51%,42.34%,36632.082,吉原 修,66,男,無所属,新,団体役員、元都議,False
2022-02-20,2022-02-13,町田市長選挙,東京都,https://seijiyama.jp/area/card/3624/icDLJa/M?S=lcqdt0lbsft0k,1,6,任期満了,"356,848",42.51%,42.34%,31011,奥沢 高広,39,男,維新,新,合同会社代表社員、元都議,False
2022-02-20,2022-02-13,町田市長選挙,東京都,https://seijiyama.jp/area/card/3624/icDLJa/M?S=lcqdt0lbsft0k,1,6,任期満了,"356,848",42.51%,42.34%,22780.917,清原 理,63,男,無所属（立憲、共産、れいわ、社民、生活者ネット推薦）,新,会社代表,False
2022-02-20,2022-02-13,町田市長選挙,東京都,https://seijiyama.jp/area/card/3624/icDLJa/M?S=lcqdt0lbsft0k,1,6,任期満了,"356,848",42.51%,42.34%,3204,黒川 敦彦,43,男,つばさの党,新,政治団体代表,False
2022-02-20,2022-02-13,町田市長選挙,東京都,https://seijiyama.jp/area/card/3624/icDLJa/M?S=lcqdt0lbsft0k,1,6,任期満了,"356,848",42.51%,42.34%,1314,宮井 宏直,49,男,無所属,新,無職,False
2022-02-13,2022-02-08,大野町議会議員補欠選挙,岐阜県,https://seijiyama.jp/area/card/3624/E1g-k7/M?S=lcqdt0lckit0k,1,2,死去,"18,550",17.78%,51.18%,2768,久保田 一重,52,男,無所属,新,久保田工業代表,True
2022-02-13,2022-02-08,大野町議会議員補欠選挙,岐阜県,https://seijiyama.jp/area/card/3624/E1g-k7/M?S=lcqdt0lckit0k,1,2,死去,"18,550",17.78%,51.18%,410,松浦 智津呂,77,男,無所属,新,農業,False
2022-02-13,2022-02-06,小城市議会議員選挙,佐賀県,https://seijiyama.jp/area/card/3624/64UAd1/M?S=lcqdt0lbseq0k,20,22,任期満了,"36,622",48.9%,56.63%,1581.252,中島 正之,76,男,無所属,現,会社員,True
2022-02-13,2022-02-06,小城市議会議員選挙,佐賀県,https://seijiyama.jp/area/card/3624/64UAd1/M?S=lcqdt0lbseq0k,20,22,任期満了,"36,622",48.9%,56.63%,1225,西 正博,62,男,公明,現,市議会議員,True
2022-02-13,2022-02-06,小城市議会議員選挙,佐賀県,https://seijiyama.jp/area/card/3624/64UAd1/M?S=lcqdt0lbseq0k,20,22,任期満了,"36,622",48.9%,56.63%,1209.005,深川 高志,64,男,無所属,現,農業,True
2022-02-13,2022-02-06,小城市議会議員選挙,佐賀県,https://seijiyama.jp/area/card/3624/64UAd1/M?S=lcqdt0lbseq0k,20,22,任期満了,"36,622",48.9%,56.63%,1172,谷田 信二,56,男,立憲,現,会社員,True
2022-02-13,2022-02-06,小城市議会議員選挙,佐賀県,https://seijiyama.jp/area/card/3624/64UAd1/M?S=lcqdt0lbseq0k,20,22,任期満了,"36,622",48.9%,56.63%,1098,泉 万里江,56,女,無所属,新,短期大学職員,True
2022-02-13,2022-02-06,小城市議会議員選挙,佐賀県,https://seijiyama.jp/area/card/3624/64UAd1/M?S=lcqdt0lbseq0k,20,22,任期満了,"36,622",48.9%,56.63%,1019,香月 チエミ,69,女,立憲,現,政党役員,True
2022-02-13,2022-02-06,小城市議会議員選挙,佐賀県,https://seijiyama.jp/area/card/3624/64UAd1/M?S=lcqdt0lbseq0k,20,22,任期満了,"36,622",48.9%,56.63%,949,諸泉 定次,68,男,立憲,現,政党役員,True
2022-02-13,2022-02-06,小城市議会議員選挙,佐賀県,https://seijiyama.jp/area/card/3624/64UAd1/M?S=lcqdt0lbseq0k,20,22,任期満了,"36,622",48.9%,56.63%,942,松尾 義幸,74,男,共産,現,無職,True
2022-02-13,2022-02-06,小城市議会議員選挙,佐賀県,https://seijiyama.jp/area/card/3624/64UAd1/M?S=lcqdt0lbseq0k,20,22,任期満了,"36,622",48.9%,56.63%,921,松並 陽一,39,男,無所属,現,自営業,True
2022-02-13,2022-02-06,小城市議会議員選挙,佐賀県,https://seijiyama.jp/area/card/3624/64UAd1/M?S=lcqdt0lbseq0k,20,22,任期満了,"36,622",48.9%,56.63%,916,江島 佐知子,63,女,無所属,現,会社役員,True
2022-02-13,2022-02-06,小城市議会議員選挙,佐賀県,https://seijiyama.jp/area/card/3624/64UAd1/M?S=lcqdt0lbseq0k,20,22,任期満了,"36,622",48.9%,56.63%,907,堤 克彦,74,男,無所属,現,自営業,True
2022-02-13,2022-02-06,小城市議会議員選挙,佐賀県,https://seijiyama.jp/area/card/3624/64UAd1/M?S=lcqdt0lbseq0k,20,22,任期満了,"36,622",48.9%,56.63%,814,赤松 貴子,49,女,無所属,現,市民活動代表,True
2022-02-13,2022-02-06,小城市議会議員選挙,佐賀県,https://seijiyama.jp/area/card/3624/64UAd1/M?S=lcqdt0lbseq0k,20,22,任期満了,"36,622",48.9%,56.63%,807.747,中島 正樹,55,男,無所属,現,無職,True
2022-02-13,2022-02-06,小城市議会議員選挙,佐賀県,https://seijiyama.jp/area/card/3624/64UAd1/M?S=lcqdt0lbseq0k,20,22,任期満了,"36,622",48.9%,56.63%,763,中尾 勝吉,62,男,無所属,現,農業,True
2022-02-13,2022-02-06,小城市議会議員選挙,佐賀県,https://seijiyama.jp/area/card/3624/64UAd1/M?S=lcqdt0lbseq0k,20,22,任期満了,"36,622",48.9%,56.63%,680,前田 博己,42,男,無所属,現,会社役員,True
2022-02-13,2022-02-06,小城市議会議員選挙,佐賀県,https://seijiyama.jp/area/card/3624/64UAd1/M?S=lcqdt0lbseq0k,20,22,任期満了,"36,622",48.9%,56.63%,678.531,光岡 実,70,男,無所属,現,無職,True
2022-02-13,2022-02-06,小城市議会議員選挙,佐賀県,https://seijiyama.jp/area/card/3624/64UAd1/M?S=lcqdt0lbseq0k,20,22,任期満了,"36,622",48.9%,56.63%,598,市丸 典夫,66,男,無所属,現,無職,True
2022-02-13,2022-02-06,小城市議会議員選挙,佐賀県,https://seijiyama.jp/area/card/3624/64UAd1/M?S=lcqdt0lbseq0k,20,22,任期満了,"36,622",48.9%,56.63%,393.468,満岡 利宏,58,男,無所属,新,団体職員,True
2022-02-13,2022-02-06,小城市議会議員選挙,佐賀県,https://seijiyama.jp/area/card/3624/64UAd1/M?S=lcqdt0lbseq0k,20,22,任期満了,"36,622",48.9%,56.63%,301,片渕 勝也,63,男,無所属,新,自営業,True
2022-02-13,2022-02-06,小城市議会議員選挙,佐賀県,https://seijiyama.jp/area/card/3624/64UAd1/M?S=lcqdt0lbseq0k,20,22,任期満了,"36,622",48.9%,56.63%,261,藤田 直子,69,女,無所属,新,無職,True
2022-02-13,2022-02-06,小城市議会議員選挙,佐賀県,https://seijiyama.jp/area/card/3624/64UAd1/M?S=lcqdt0lbseq0k,20,22,任期満了,"36,622",48.9%,56.63%,240.994,深川 博文,56,男,無所属,新,自営業,False
2022-02-13,2022-02-06,小城市議会議員選挙,佐賀県,https://seijiyama.jp/area/card/3624/64UAd1/M?S=lcqdt0lbseq0k,20,22,任期満了,"36,622",48.9%,56.63%,237,平石 正信,66,男,無所属,新,無職,False
2022-02-13,2022-02-08,若桜町議会議員選挙,鳥取県,https://seijiyama.jp/area/card/3624/3aCN7b/M?S=lcqdt0lbsgm0k,10,10,任期満了,"2,687",,79.27%,,梶原 明,53,男,無所属,現,団体職員,True
2022-02-13,2022-02-08,若桜町議会議員選挙,鳥取県,https://seijiyama.jp/area/card/3624/3aCN7b/M?S=lcqdt0lbsgm0k,10,10,任期満了,"2,687",,79.27%,,中尾 理明,74,男,共産,現,無職,True
2022-02-13,2022-02-08,若桜町議会議員選挙,鳥取県,https://seijiyama.jp/area/card/3624/3aCN7b/M?S=lcqdt0lbsgm0k,10,10,任期満了,"2,687",,79.27%,,前住 孝行,47,男,無所属,現,スポーツクラブマネージャー,True
2022-02-13,2022-02-08,若桜町議会議員選挙,鳥取県,https://seijiyama.jp/area/card/3624/3aCN7b/M?S=lcqdt0lbsgm0k,10,10,任期満了,"2,687",,79.27%,,小林 誠,73,男,無所属,現,農業,True
2022-02-13,2022-02-08,若桜町議会議員選挙,鳥取県,https://seijiyama.jp/area/card/3624/3aCN7b/M?S=lcqdt0lbsgm0k,10,10,任期満了,"2,687",,79.27%,,森田 二郎,64,男,無所属,新,無職,True
2022-02-13,2022-02-08,若桜町議会議員選挙,鳥取県,https://seijiyama.jp/area/card/3624/3aCN7b/M?S=lcqdt0lbsgm0k,10,10,任期満了,"2,687",,79.27%,,川上 守,61,男,無所属,現,無職,True
2022-02-13,2022-02-08,若桜町議会議員選挙,鳥取県,https://seijiyama.jp/area/card/3624/3aCN7b/M?S=lcqdt0lbsgm0k,10,10,任期満了,"2,687",,79.27%,,山本 晴隆,60,男,無所属,現,造園業,True
2022-02-13,2022-02-08,若桜町議会議員選挙,鳥取県,https://seijiyama.jp/area/card/3624/3aCN7b/M?S=lcqdt0lbsgm0k,10,10,任期満了,"2,687",,79.27%,,山根 政彦,59,男,無所属,現,会社役員,True
2022-02-13,2022-02-08,若桜町議会議員選挙,鳥取県,https://seijiyama.jp/area/card/3624/3aCN7b/M?S=lcqdt0lbsgm0k,10,10,任期満了,"2,687",,79.27%,,山本 安雄,67,男,無所属,現,会社員,True
2022-02-13,2022-02-08,若桜町議会議員選挙,鳥取県,https://seijiyama.jp/area/card/3624/3aCN7b/M?S=lcqdt0lbsgm0k,10,10,任期満了,"2,687",,79.27%,,谷口 貴,51,男,無所属,新,自営業,True
2022-02-13,2022-02-08,読谷村長選挙,沖縄県,https://seijiyama.jp/area/card/3624/dJ4W6H/M?S=lcqdt0lbses0k,1,1,任期満了,"32,734",,,,石嶺 伝実,66,男,無所属,現,特別職地方公務員（読谷村長）,True
2022-02-13,2022-02-08,大野町長選挙,岐阜県,https://seijiyama.jp/area/card/3624/67m9A4/M?S=lcqdt0lbsep0k,1,1,任期満了,"18,561",,42.26%,,宇佐美 晃三,67,男,無所属,現,大野町長,True
2022-02-13,2022-02-08,若桜町長選挙,鳥取県,https://seijiyama.jp/area/card/3624/EIXlCf/M?S=lcqdt0lbscr0k,1,1,任期満了,"2,687",,79.27%,,上川 元張,58,男,無所属,新,無職,True
2022-02-06,2022-01-20,山口県知事選挙,山口県,https://seijiyama.jp/area/card/3624/ADoDbK/M?S=lcqdt0lbsdo0k,1,2,任期満了,"1,130,290",34.91%,36.49%,340503,村岡 嗣政,49,男,無所属（自民、公明推薦）,現,山口県知事,True
2022-02-06,2022-01-20,山口県知事選挙,山口県,https://seijiyama.jp/area/card/3624/ADoDbK/M?S=lcqdt0lbsdo0k,1,2,任期満了,"1,130,290",34.91%,36.49%,50566,千葉 まり,68,女,無所属（共産推薦）,新,無職、元看護師、新日本婦人の会山口県本部会長,False
2022-02-06,2022-02-01,美郷町議会議員選挙,宮崎県,https://seijiyama.jp/area/card/3624/52Jf2D/M?S=lcqdt0lbsbr0k,11,13,任期満了,"4,449",85.86%,85.07%,430,早川 節夫,63,男,無所属,新,自営業,True
2022-02-06,2022-02-01,美郷町議会議員選挙,宮崎県,https://seijiyama.jp/area/card/3624/52Jf2D/M?S=lcqdt0lbsbr0k,11,13,任期満了,"4,449",85.86%,85.07%,358.553,川村 義幸,75,男,無所属,現,自営業,True
2022-02-06,2022-02-01,美郷町議会議員選挙,宮崎県,https://seijiyama.jp/area/card/3624/52Jf2D/M?S=lcqdt0lbsbr0k,11,13,任期満了,"4,449",85.86%,85.07%,353.446,川村 嘉彦,77,男,無所属,現,農林業,True
2022-02-06,2022-02-01,美郷町議会議員選挙,宮崎県,https://seijiyama.jp/area/card/3624/52Jf2D/M?S=lcqdt0lbsbr0k,11,13,任期満了,"4,449",85.86%,85.07%,351,甲斐 秀徳,70,男,無所属,現,農業,True
2022-02-06,2022-02-01,美郷町議会議員選挙,宮崎県,https://seijiyama.jp/area/card/3624/52Jf2D/M?S=lcqdt0lbsbr0k,11,13,任期満了,"4,449",85.86%,85.07%,341,若杉 伸児,54,男,無所属,新,農業,True
2022-02-06,2022-02-01,美郷町議会議員選挙,宮崎県,https://seijiyama.jp/area/card/3624/52Jf2D/M?S=lcqdt0lbsbr0k,11,13,任期満了,"4,449",85.86%,85.07%,280,那須 富重,68,男,無所属,現,農業,True
2022-02-06,2022-02-01,美郷町議会議員選挙,宮崎県,https://seijiyama.jp/area/card/3624/52Jf2D/M?S=lcqdt0lbsbr0k,11,13,任期満了,"4,449",85.86%,85.07%,280,山本 文男,65,男,無所属,現,農林業,True
2022-02-06,2022-02-01,美郷町議会議員選挙,宮崎県,https://seijiyama.jp/area/card/3624/52Jf2D/M?S=lcqdt0lbsbr0k,11,13,任期満了,"4,449",85.86%,85.07%,252,中嶋 奈良雄,69,男,無所属,現,農林業,True
2022-02-06,2022-02-01,美郷町議会議員選挙,宮崎県,https://seijiyama.jp/area/card/3624/52Jf2D/M?S=lcqdt0lbsbr0k,11,13,任期満了,"4,449",85.86%,85.07%,249,小路 文喜,70,男,共産,元,農業,True
2022-02-06,2022-02-01,美郷町議会議員選挙,宮崎県,https://seijiyama.jp/area/card/3624/52Jf2D/M?S=lcqdt0lbsbr0k,11,13,任期満了,"4,449",85.86%,85.07%,229,中田 武満,69,男,無所属,新,農業,True
2022-02-06,2022-02-01,美郷町議会議員選挙,宮崎県,https://seijiyama.jp/area/card/3624/52Jf2D/M?S=lcqdt0lbsbr0k,11,13,任期満了,"4,449",85.86%,85.07%,225,兒玉 鋼士,69,男,無所属,新,農林業,True
2022-02-06,2022-02-01,美郷町議会議員選挙,宮崎県,https://seijiyama.jp/area/card/3624/52Jf2D/M?S=lcqdt0lbsbr0k,11,13,任期満了,"4,449",85.86%,85.07%,209,日高 隆一,61,男,無所属,新,会社員,False
2022-02-06,2022-02-01,美郷町議会議員選挙,宮崎県,https://seijiyama.jp/area/card/3624/52Jf2D/M?S=lcqdt0lbsbr0k,11,13,任期満了,"4,449",85.86%,85.07%,206,小野 和久,49,男,無所属,新,農林業,False
2022-02-06,2022-02-01,美郷町長選挙,宮崎県,https://seijiyama.jp/area/card/3624/d1YlDg/M?S=lcqdt0lbsbq0k,1,2,任期満了,"4,449",85.86%,85.07%,1904,田中 秀俊,65,男,無所属,現,美郷町長,True
2022-02-06,2022-02-01,美郷町長選挙,宮崎県,https://seijiyama.jp/area/card/3624/d1YlDg/M?S=lcqdt0lbsbq0k,1,2,任期満了,"4,449",85.86%,85.07%,1849,尾畑 英幸,72,男,無所属,元,無職,False
2022-02-06,2022-01-30,境港市議会議員選挙,鳥取県,https://seijiyama.jp/area/card/3624/BkZOgc/M?S=lcqdt0lbsdk0k,15,17,任期満了,"27,900",50.29%,,1303,吉井 巧,50,男,自民,現,境港市議会議員,True
2022-02-06,2022-01-30,境港市議会議員選挙,鳥取県,https://seijiyama.jp/area/card/3624/BkZOgc/M?S=lcqdt0lbsdk0k,15,17,任期満了,"27,900",50.29%,,1109,田口 俊介,58,男,公明,現,団体役員,True
2022-02-06,2022-01-30,境港市議会議員選挙,鳥取県,https://seijiyama.jp/area/card/3624/BkZOgc/M?S=lcqdt0lbsdk0k,15,17,任期満了,"27,900",50.29%,,1049,安田 共子,50,女,共産,現,境港市議会議員,True
2022-02-06,2022-01-30,境港市議会議員選挙,鳥取県,https://seijiyama.jp/area/card/3624/BkZOgc/M?S=lcqdt0lbsdk0k,15,17,任期満了,"27,900",50.29%,,974,足田 法行,58,男,公明,現,菓子店経営,True
2022-02-06,2022-01-30,境港市議会議員選挙,鳥取県,https://seijiyama.jp/area/card/3624/BkZOgc/M?S=lcqdt0lbsdk0k,15,17,任期満了,"27,900",50.29%,,928,森岡 俊夫,62,男,無所属,現,海事代理士,True
2022-02-06,2022-01-30,境港市議会議員選挙,鳥取県,https://seijiyama.jp/area/card/3624/BkZOgc/M?S=lcqdt0lbsdk0k,15,17,任期満了,"27,900",50.29%,,916,景山 憲,72,男,無所属,現,境港市議会議員,True
2022-02-06,2022-01-30,境港市議会議員選挙,鳥取県,https://seijiyama.jp/area/card/3624/BkZOgc/M?S=lcqdt0lbsdk0k,15,17,任期満了,"27,900",50.29%,,876,荒井 秀行,73,男,自民,現,会社員,True
2022-02-06,2022-01-30,境港市議会議員選挙,鳥取県,https://seijiyama.jp/area/card/3624/BkZOgc/M?S=lcqdt0lbsdk0k,15,17,任期満了,"27,900",50.29%,,815,加藤 文治,62,男,自民,現,設計士,True
2022-02-06,2022-01-30,境港市議会議員選挙,鳥取県,https://seijiyama.jp/area/card/3624/BkZOgc/M?S=lcqdt0lbsdk0k,15,17,任期満了,"27,900",50.29%,,809,平松 謙治,56,男,無所属,現,カネコ食品株式会社代表取締役,True
2022-02-06,2022-01-30,境港市議会議員選挙,鳥取県,https://seijiyama.jp/area/card/3624/BkZOgc/M?S=lcqdt0lbsdk0k,15,17,任期満了,"27,900",50.29%,,784,柊 康弘,54,男,無所属,現,境港市議会議員,True
2022-02-06,2022-01-30,境港市議会議員選挙,鳥取県,https://seijiyama.jp/area/card/3624/BkZOgc/M?S=lcqdt0lbsdk0k,15,17,任期満了,"27,900",50.29%,,767,松本 晶彦,55,男,無所属,新,無職,True
2022-02-06,2022-01-30,境港市議会議員選挙,鳥取県,https://seijiyama.jp/area/card/3624/BkZOgc/M?S=lcqdt0lbsdk0k,15,17,任期満了,"27,900",50.29%,,757,永井 章,75,男,無所属,現,車販売修理会社役員,True
2022-02-06,2022-01-30,境港市議会議員選挙,鳥取県,https://seijiyama.jp/area/card/3624/BkZOgc/M?S=lcqdt0lbsdk0k,15,17,任期満了,"27,900",50.29%,,757,岡空 研二,72,男,無所属,現,会社員,True
2022-02-06,2022-01-30,境港市議会議員選挙,鳥取県,https://seijiyama.jp/area/card/3624/BkZOgc/M?S=lcqdt0lbsdk0k,15,17,任期満了,"27,900",50.29%,,625,米村 一三,75,男,無所属,現,団体役員,True
2022-02-06,2022-01-30,境港市議会議員選挙,鳥取県,https://seijiyama.jp/area/card/3624/BkZOgc/M?S=lcqdt0lbsdk0k,15,17,任期満了,"27,900",50.29%,,525,伊藤 康弘,30,男,無所属,新,無職,True
2022-02-06,2022-01-30,境港市議会議員選挙,鳥取県,https://seijiyama.jp/area/card/3624/BkZOgc/M?S=lcqdt0lbsdk0k,15,17,任期満了,"27,900",50.29%,,468,宮本 剛志,35,男,無所属,新,通信制高校講師,False
2022-02-06,2022-01-30,境港市議会議員選挙,鳥取県,https://seijiyama.jp/area/card/3624/BkZOgc/M?S=lcqdt0lbsdk0k,15,17,任期満了,"27,900",50.29%,,419,長尾 達也,74,男,共産,現,境港市議会議員,False
2022-02-06,2022-02-01,多古町議会議員補欠選挙,千葉県,https://seijiyama.jp/area/card/3624/bGE92d/M?S=lcqdt0lcsbt0k,1,2,辞職,"12,026",62.46%,,3614,萩原 宏紀,32,男,無所属,新,農業,True
2022-02-06,2022-02-01,多古町議会議員補欠選挙,千葉県,https://seijiyama.jp/area/card/3624/bGE92d/M?S=lcqdt0lcsbt0k,1,2,辞職,"12,026",62.46%,,3581,宇井 伸征,44,男,無所属,新,農業経営,False
2022-02-06,2022-02-01,日野町議会議員補欠選挙,鳥取県,https://seijiyama.jp/area/card/3624/G732AH/M?S=lcqdt0lclam0k,1,2,辞職,"2,639",72.98%,,1121,松本 利秋,75,男,無所属,元,農業,True
2022-02-06,2022-02-01,日野町議会議員補欠選挙,鳥取県,https://seijiyama.jp/area/card/3624/G732AH/M?S=lcqdt0lclam0k,1,2,辞職,"2,639",72.98%,,766,梅林 智子,66,女,無所属,元,農業,False
2022-02-06,2022-01-28,愛知県議会議員補欠選挙（豊橋市選挙区）,愛知県,https://seijiyama.jp/area/card/3624/B51Z48/M?S=lcqdt0lckjr0k,2,3,辞職,"297,667",19.87%,,26963,広田 勉,52,男,無所属,新,豊橋鉄道株式会社社員、元豊橋市議,True
2022-02-06,2022-01-28,愛知県議会議員補欠選挙（豊橋市選挙区）,愛知県,https://seijiyama.jp/area/card/3624/B51Z48/M?S=lcqdt0lckjr0k,2,3,辞職,"297,667",19.87%,,16090,竹上 裕子,61,女,減税日本,新,会社役員,True
2022-02-06,2022-01-28,愛知県議会議員補欠選挙（豊橋市選挙区）,愛知県,https://seijiyama.jp/area/card/3624/B51Z48/M?S=lcqdt0lckjr0k,2,3,辞職,"297,667",19.87%,,14386,下奥 奈歩,34,女,共産,元,政党職員,False
2022-02-06,2022-01-28,高知県議会議員補欠選挙（香美市選挙区）,高知県,https://seijiyama.jp/area/card/3624/kAXaHD/M?S=lcqdt0lckjp0k,1,3,辞職,"22,076",39.71%,,5144,依光 美代子,73,女,無所属,新,無職、元香美市議,True
2022-02-06,2022-01-28,高知県議会議員補欠選挙（香美市選挙区）,高知県,https://seijiyama.jp/area/card/3624/kAXaHD/M?S=lcqdt0lckjp0k,1,3,辞職,"22,076",39.71%,,3011,甲藤 邦広,72,男,無所属,新,農業、元香美市議,False
2022-02-06,2022-01-28,高知県議会議員補欠選挙（香美市選挙区）,高知県,https://seijiyama.jp/area/card/3624/kAXaHD/M?S=lcqdt0lckjp0k,1,3,辞職,"22,076",39.71%,,441,広田 晋一郎,53,男,無所属,新,飲食業,False
2022-02-06,2022-02-01,多古町長選挙,千葉県,https://seijiyama.jp/area/card/3624/KH755I/M?S=lcqdt0lckjo0k,1,2,辞職,"12,026",62.5%,68.42%,4114,平山 富子,62,女,無所属,新,無職,True
2022-02-06,2022-02-01,多古町長選挙,千葉県,https://seijiyama.jp/area/card/3624/KH755I/M?S=lcqdt0lckjo0k,1,2,辞職,"12,026",62.5%,68.42%,3297,菅沢 久,70,男,無所属,新,無職、元町議,False
2022-02-06,2022-01-30,岐阜市議会議員補欠選挙,岐阜県,https://seijiyama.jp/area/card/3624/3gCv5i/M?S=lcqdt0lckis0k,1,2,死去,"334,287",24.79%,38.27%,55650,須賀 敦士,59,男,自民,元,団体役員,True
2022-02-06,2022-01-30,岐阜市議会議員補欠選挙,岐阜県,https://seijiyama.jp/area/card/3624/3gCv5i/M?S=lcqdt0lckis0k,1,2,死去,"334,287",24.79%,38.27%,17975,帝井 少輔,54,男,無所属,新,会社役員,False
2022-02-06,2022-01-30,匝瑳市議会議員補欠選挙,千葉県,https://seijiyama.jp/area/card/3624/H6RjGB/M?S=lcqdt0lckdl0k,2,3,死去、辞職,"29,941",53.92%,,6964,内山 隼人,41,男,無所属,新,農業,True
2022-02-06,2022-01-30,匝瑳市議会議員補欠選挙,千葉県,https://seijiyama.jp/area/card/3624/H6RjGB/M?S=lcqdt0lckdl0k,2,3,死去、辞職,"29,941",53.92%,,3865,椎名 勝英,77,男,共産,新,農業,True
2022-02-06,2022-01-30,匝瑳市議会議員補欠選挙,千葉県,https://seijiyama.jp/area/card/3624/H6RjGB/M?S=lcqdt0lckdl0k,2,3,死去、辞職,"29,941",53.92%,,3600,村山 公一,67,男,無所属,新,一級建築士,False
2022-02-06,2022-01-28,山口県議会議員補欠選挙,山口県,https://seijiyama.jp/area/card/3624/i4gzgh/M?S=lcqdt0lbtjq0k,,,辞職,,,44.03%,30809,高井 智子,53,女,自民,新,無職、元宇部市議,True
2022-02-06,2022-01-28,山口県議会議員補欠選挙,山口県,https://seijiyama.jp/area/card/3624/i4gzgh/M?S=lcqdt0lbtjq0k,,,辞職,,,44.03%,,岡 生子,50,,自民,新,株式会社太陽コミュニケーションズ代表取締役,True
2022-02-06,2022-01-28,山口県議会議員補欠選挙,山口県,https://seijiyama.jp/area/card/3624/i4gzgh/M?S=lcqdt0lbtjq0k,,,辞職,,,44.03%,9613,磯部 登志恵,62,女,無所属,新,無職、元光市議,True
2022-02-06,2022-01-28,山口県議会議員補欠選挙,山口県,https://seijiyama.jp/area/card/3624/i4gzgh/M?S=lcqdt0lbtjq0k,,,辞職,,,44.03%,7548,佐々木 信夫,83,男,次世代の為の自由福祉党,新,社会福祉法人出雲王朝理事長,False
2022-02-06,2022-01-28,山口県議会議員補欠選挙,山口県,https://seijiyama.jp/area/card/3624/i4gzgh/M?S=lcqdt0lbtjq0k,,,辞職,,,44.03%,6321,清水 祐希,35,男,自民,新,西日本ケアサービス株式会社代表取締役、元光市議,False
2022-02-06,2022-01-28,山口県議会議員補欠選挙,山口県,https://seijiyama.jp/area/card/3624/i4gzgh/M?S=lcqdt0lbtjq0k,,,辞職,,,44.03%,4451,山近 和浩,57,男,無所属,新,株式会社ステンレス光商事部長,False
2022-02-06,2022-01-30,津山市長選挙,岡山県,https://seijiyama.jp/area/card/3624/Ebq4EH/M?S=lcqdt0lbsfl0k,1,3,任期満了,"81,926",47.56%,55.81%,19863,谷口 圭三,58,男,無所属（自民、公明推薦）,現,津山市長,True
2022-02-06,2022-01-30,津山市長選挙,岡山県,https://seijiyama.jp/area/card/3624/Ebq4EH/M?S=lcqdt0lbsfl0k,1,3,任期満了,"81,926",47.56%,55.81%,17258,近藤 吉一郎,56,男,無所属,新,全日本空手道連盟練会近藤道場道場長、元市議,False
2022-02-06,2022-01-30,津山市長選挙,岡山県,https://seijiyama.jp/area/card/3624/Ebq4EH/M?S=lcqdt0lbsfl0k,1,3,任期満了,"81,926",47.56%,55.81%,1482,竹内 幹雄,75,男,無所属,新,無職,False
2022-02-06,2022-02-01,利府町長選挙,宮城県,https://seijiyama.jp/area/card/3624/KCaRBd/M?S=lcqdt0lbset0k,1,2,任期満了,"29,394",35.26%,45.69%,8673,熊谷 大,46,男,無所属,現,地方公務員（利府町長）,True
2022-02-06,2022-02-01,利府町長選挙,宮城県,https://seijiyama.jp/area/card/3624/KCaRBd/M?S=lcqdt0lbset0k,1,2,任期満了,"29,394",35.26%,45.69%,1528,加納 三代,45,女,無所属,新,会社役員、元衆院議員,False
2022-02-06,2022-01-30,匝瑳市長選挙,千葉県,https://seijiyama.jp/area/card/3624/19GuBk/M?S=lcqdt0lbsel0k,1,2,任期満了,"29,941",53.95%,,10156,宮内 康幸,47,男,無所属,新,農業、元市議,True
2022-02-06,2022-01-30,匝瑳市長選挙,千葉県,https://seijiyama.jp/area/card/3624/19GuBk/M?S=lcqdt0lbsel0k,1,2,任期満了,"29,941",53.95%,,5750,苅谷 進一,55,男,無所属,新,会社役員、元市議,False
2022-02-06,2022-02-01,ときがわ町議会議員選挙,埼玉県,https://seijiyama.jp/area/card/3624/hG3MiC/M?S=lcqdt0lbsek0k,11,12,任期満了,"9,452",54.75%,,663,小島 利枝,54,女,公明,現,事務職,True
2022-02-06,2022-02-01,ときがわ町議会議員選挙,埼玉県,https://seijiyama.jp/area/card/3624/hG3MiC/M?S=lcqdt0lbsek0k,11,12,任期満了,"9,452",54.75%,,655,前田 栄,65,男,無所属,現,会社員,True
2022-02-06,2022-02-01,ときがわ町議会議員選挙,埼玉県,https://seijiyama.jp/area/card/3624/hG3MiC/M?S=lcqdt0lbsek0k,11,12,任期満了,"9,452",54.75%,,569,畑 豊,61,男,無所属,新,農業,True
2022-02-06,2022-02-01,ときがわ町議会議員選挙,埼玉県,https://seijiyama.jp/area/card/3624/hG3MiC/M?S=lcqdt0lbsek0k,11,12,任期満了,"9,452",54.75%,,443,小宮 正,66,男,無所属,現,会社役員,True
2022-02-06,2022-02-01,ときがわ町議会議員選挙,埼玉県,https://seijiyama.jp/area/card/3624/hG3MiC/M?S=lcqdt0lbsek0k,11,12,任期満了,"9,452",54.75%,,435,野原 和夫,72,男,共産,現,木工業,True
2022-02-06,2022-02-01,ときがわ町議会議員選挙,埼玉県,https://seijiyama.jp/area/card/3624/hG3MiC/M?S=lcqdt0lbsek0k,11,12,任期満了,"9,452",54.75%,,429,杉田 健司,57,男,無所属,現,建築業,True
2022-02-06,2022-02-01,ときがわ町議会議員選挙,埼玉県,https://seijiyama.jp/area/card/3624/hG3MiC/M?S=lcqdt0lbsek0k,11,12,任期満了,"9,452",54.75%,,404,岩田 鑑郎,78,男,無所属,現,農業,True
2022-02-06,2022-02-01,ときがわ町議会議員選挙,埼玉県,https://seijiyama.jp/area/card/3624/hG3MiC/M?S=lcqdt0lbsek0k,11,12,任期満了,"9,452",54.75%,,335,山中 博子,66,女,無所属,現,無職,True
2022-02-06,2022-02-01,ときがわ町議会議員選挙,埼玉県,https://seijiyama.jp/area/card/3624/hG3MiC/M?S=lcqdt0lbsek0k,11,12,任期満了,"9,452",54.75%,,324,神山 俊,35,男,無所属,現,自営業,True
2022-02-06,2022-02-01,ときがわ町議会議員選挙,埼玉県,https://seijiyama.jp/area/card/3624/hG3MiC/M?S=lcqdt0lbsek0k,11,12,任期満了,"9,452",54.75%,,320,田中 紀吉,66,男,無所属,現,会社役員,True
2022-02-06,2022-02-01,ときがわ町議会議員選挙,埼玉県,https://seijiyama.jp/area/card/3624/hG3MiC/M?S=lcqdt0lbsek0k,11,12,任期満了,"9,452",54.75%,,302,長島 金作,74,男,無所属,現,議員,True
2022-02-06,2022-02-01,ときがわ町議会議員選挙,埼玉県,https://seijiyama.jp/area/card/3624/hG3MiC/M?S=lcqdt0lbsek0k,11,12,任期満了,"9,452",54.75%,,227,岡野 茂,71,男,無所属,現,農林業,False
2022-02-06,2022-02-01,日野町長選挙,鳥取県,https://seijiyama.jp/area/card/3624/bfj9Ag/M?S=lcqdt0lbsdq0k,1,2,任期満了,"2,639",73.06%,77.49%,1033,さこ田 淳一,65,男,無所属,現,日野町長,True
2022-02-06,2022-02-01,日野町長選挙,鳥取県,https://seijiyama.jp/area/card/3624/bfj9Ag/M?S=lcqdt0lbsdq0k,1,2,任期満了,"2,639",73.06%,77.49%,859,山形 克彦,69,男,無所属,新,農業、元町議,False
2022-02-06,2022-01-30,岐阜市長選挙,岐阜県,https://seijiyama.jp/area/card/3624/g7tBIA/M?S=lcqdt0lbsdp0k,1,4,任期満了,"334,287",24.82%,36.35%,71436,柴橋 正直,42,男,無所属（自民、立憲、公明、国民推薦）,現,岐阜市長,True
2022-02-06,2022-01-30,岐阜市長選挙,岐阜県,https://seijiyama.jp/area/card/3624/g7tBIA/M?S=lcqdt0lbsdp0k,1,4,任期満了,"334,287",24.82%,36.35%,6449,丹原 美穂,67,女,無所属,新,無職,False
2022-02-06,2022-01-30,岐阜市長選挙,岐阜県,https://seijiyama.jp/area/card/3624/g7tBIA/M?S=lcqdt0lbsdp0k,1,4,任期満了,"334,287",24.82%,36.35%,2781,黒岩 潤,41,男,無所属,新,会社経営,False
2022-02-06,2022-01-30,岐阜市長選挙,岐阜県,https://seijiyama.jp/area/card/3624/g7tBIA/M?S=lcqdt0lbsdp0k,1,4,任期満了,"334,287",24.82%,36.35%,1107,中根 理記,73,男,無所属,新,尺八演奏家,False
2022-02-06,2022-01-30,滑川市長選挙,富山県,https://seijiyama.jp/area/card/3624/0JEXFB/M?S=lcqdt0lbsdn0k,1,2,任期満了,"27,505",55.53%,55.12%,8432,水野 達夫,58,男,無所属,新,無職、元市議,True
2022-02-06,2022-01-30,滑川市長選挙,富山県,https://seijiyama.jp/area/card/3624/0JEXFB/M?S=lcqdt0lbsdn0k,1,2,任期満了,"27,505",55.53%,55.12%,6719,上田 昌孝,78,男,無所属,現,滑川市長,False
2022-02-06,2022-01-30,水俣市長選挙,熊本県,https://seijiyama.jp/area/card/3624/hHtp5A/M?S=lcqdt0lbsdl0k,1,2,任期満了,"19,941",57.11%,65.52%,7312,高岡 利治,63,男,無所属（自民、公明推薦）,現,水俣市長,True
2022-02-06,2022-01-30,水俣市長選挙,熊本県,https://seijiyama.jp/area/card/3624/hHtp5A/M?S=lcqdt0lbsdl0k,1,2,任期満了,"19,941",57.11%,65.52%,3953,田代 久子,63,女,無所属,新,無職,False
2022-02-06,2022-01-30,南丹市議会議員選挙,京都府,https://seijiyama.jp/area/card/3624/CFrhCj/M?S=lcqdt0lbscq0k,20,23,任期満了,"26,216",62.49%,63.34%,1227,西村 好高,45,男,無所属,現,測量登記事務所代表,True
2022-02-06,2022-01-30,南丹市議会議員選挙,京都府,https://seijiyama.jp/area/card/3624/CFrhCj/M?S=lcqdt0lbscq0k,20,23,任期満了,"26,216",62.49%,63.34%,901,村山 好明,64,男,無所属,新,団体職員,True
2022-02-06,2022-01-30,南丹市議会議員選挙,京都府,https://seijiyama.jp/area/card/3624/CFrhCj/M?S=lcqdt0lbscq0k,20,23,任期満了,"26,216",62.49%,63.34%,842,小中 昭,69,男,無所属,現,農業,True
2022-02-06,2022-01-30,南丹市議会議員選挙,京都府,https://seijiyama.jp/area/card/3624/CFrhCj/M?S=lcqdt0lbscq0k,20,23,任期満了,"26,216",62.49%,63.34%,827,木戸 徳吉,69,男,公明,現,南丹市議会議員,True
2022-02-06,2022-01-30,南丹市議会議員選挙,京都府,https://seijiyama.jp/area/card/3624/CFrhCj/M?S=lcqdt0lbscq0k,20,23,任期満了,"26,216",62.49%,63.34%,799,八木 信樹,44,男,無所属,現,会社役員,True
2022-02-06,2022-01-30,南丹市議会議員選挙,京都府,https://seijiyama.jp/area/card/3624/CFrhCj/M?S=lcqdt0lbscq0k,20,23,任期満了,"26,216",62.49%,63.34%,791,塩貝 孝之,50,男,無所属,現,市議会議員,True
2022-02-06,2022-01-30,南丹市議会議員選挙,京都府,https://seijiyama.jp/area/card/3624/CFrhCj/M?S=lcqdt0lbscq0k,20,23,任期満了,"26,216",62.49%,63.34%,778,前田 義明,57,男,無所属,現,会社員,True
2022-02-06,2022-01-30,南丹市議会議員選挙,京都府,https://seijiyama.jp/area/card/3624/CFrhCj/M?S=lcqdt0lbscq0k,20,23,任期満了,"26,216",62.49%,63.34%,767,河野 啓介,58,男,共産,新,党専従職員,True
2022-02-06,2022-01-30,南丹市議会議員選挙,京都府,https://seijiyama.jp/area/card/3624/CFrhCj/M?S=lcqdt0lbscq0k,20,23,任期満了,"26,216",62.49%,63.34%,766.096,谷尻 昌史,54,男,無所属,現,佐井忠本店店主,True
2022-02-06,2022-01-30,南丹市議会議員選挙,京都府,https://seijiyama.jp/area/card/3624/CFrhCj/M?S=lcqdt0lbscq0k,20,23,任期満了,"26,216",62.49%,63.34%,766,吉田 尋子,62,女,無所属,現,自営業 学習塾経営,True
2022-02-06,2022-01-30,南丹市議会議員選挙,京都府,https://seijiyama.jp/area/card/3624/CFrhCj/M?S=lcqdt0lbscq0k,20,23,任期満了,"26,216",62.49%,63.34%,765,下間 康広,47,男,無所属,新,農業,True
2022-02-06,2022-01-30,南丹市議会議員選挙,京都府,https://seijiyama.jp/area/card/3624/CFrhCj/M?S=lcqdt0lbscq0k,20,23,任期満了,"26,216",62.49%,63.34%,676,山下 秋則,65,男,無所属,現,行政書士,True
2022-02-06,2022-01-30,南丹市議会議員選挙,京都府,https://seijiyama.jp/area/card/3624/CFrhCj/M?S=lcqdt0lbscq0k,20,23,任期満了,"26,216",62.49%,63.34%,674,平田 聖治,64,男,公明,現,南丹市議会議員,True
2022-02-06,2022-01-30,南丹市議会議員選挙,京都府,https://seijiyama.jp/area/card/3624/CFrhCj/M?S=lcqdt0lbscq0k,20,23,任期満了,"26,216",62.49%,63.34%,646,仲村 学,53,男,無所属,現,南丹市議会議員,True
2022-02-06,2022-01-30,南丹市議会議員選挙,京都府,https://seijiyama.jp/area/card/3624/CFrhCj/M?S=lcqdt0lbscq0k,20,23,任期満了,"26,216",62.49%,63.34%,639,小林 毅,67,男,共産,新,政党役員,True
2022-02-06,2022-01-30,南丹市議会議員選挙,京都府,https://seijiyama.jp/area/card/3624/CFrhCj/M?S=lcqdt0lbscq0k,20,23,任期満了,"26,216",62.49%,63.34%,630.903,谷尻 宣雄,69,男,無所属,現,建築会社員,True
2022-02-06,2022-01-30,南丹市議会議員選挙,京都府,https://seijiyama.jp/area/card/3624/CFrhCj/M?S=lcqdt0lbscq0k,20,23,任期満了,"26,216",62.49%,63.34%,625,堤 博明,50,男,無所属,新,農業,True
2022-02-06,2022-01-30,南丹市議会議員選挙,京都府,https://seijiyama.jp/area/card/3624/CFrhCj/M?S=lcqdt0lbscq0k,20,23,任期満了,"26,216",62.49%,63.34%,576,樋口 浩之,48,男,無所属,新,自営業（建築設計）,True
2022-02-06,2022-01-30,南丹市議会議員選挙,京都府,https://seijiyama.jp/area/card/3624/CFrhCj/M?S=lcqdt0lbscq0k,20,23,任期満了,"26,216",62.49%,63.34%,539,木村 裕,68,男,無所属,現,農業,True
2022-02-06,2022-01-30,南丹市議会議員選挙,京都府,https://seijiyama.jp/area/card/3624/CFrhCj/M?S=lcqdt0lbscq0k,20,23,任期満了,"26,216",62.49%,63.34%,527,若井 睦巳,61,男,無所属,新,農業,True
2022-02-06,2022-01-30,南丹市議会議員選挙,京都府,https://seijiyama.jp/area/card/3624/CFrhCj/M?S=lcqdt0lbscq0k,20,23,任期満了,"26,216",62.49%,63.34%,526,平野 清久,66,男,無所属,現,南丹市議会議員,False
2022-02-06,2022-01-30,南丹市議会議員選挙,京都府,https://seijiyama.jp/area/card/3624/CFrhCj/M?S=lcqdt0lbscq0k,20,23,任期満了,"26,216",62.49%,63.34%,473,麻田 育良,71,男,共産,現,農業,False
2022-02-06,2022-01-30,南丹市議会議員選挙,京都府,https://seijiyama.jp/area/card/3624/CFrhCj/M?S=lcqdt0lbscq0k,20,23,任期満了,"26,216",62.49%,63.34%,437,広瀬 孝人,72,男,無所属,現,南丹市議会議員,False
2022-02-06,2022-01-30,指宿市議会議員選挙,鹿児島県,https://seijiyama.jp/area/card/3624/2bwqH8/M?S=lcqdt0lbsbt0k,18,21,任期満了,"33,086",66.31%,66.87%,2023,恒吉 太吾,45,男,無所属,現,,True
2022-02-06,2022-01-30,指宿市議会議員選挙,鹿児島県,https://seijiyama.jp/area/card/3624/2bwqH8/M?S=lcqdt0lbsbt0k,18,21,任期満了,"33,086",66.31%,66.87%,1381,高田 チヨ子,70,女,公明,現,,True
2022-02-06,2022-01-30,指宿市議会議員選挙,鹿児島県,https://seijiyama.jp/area/card/3624/2bwqH8/M?S=lcqdt0lbsbt0k,18,21,任期満了,"33,086",66.31%,66.87%,1260.954,東 勝義,61,男,無所属,現,,True
2022-02-06,2022-01-30,指宿市議会議員選挙,鹿児島県,https://seijiyama.jp/area/card/3624/2bwqH8/M?S=lcqdt0lbsbt0k,18,21,任期満了,"33,086",66.31%,66.87%,1225,田中 健一,60,男,無所属,元,,True
2022-02-06,2022-01-30,指宿市議会議員選挙,鹿児島県,https://seijiyama.jp/area/card/3624/2bwqH8/M?S=lcqdt0lbsbt0k,18,21,任期満了,"33,086",66.31%,66.87%,1204,西森 三義,67,男,無所属,現,,True
2022-02-06,2022-01-30,指宿市議会議員選挙,鹿児島県,https://seijiyama.jp/area/card/3624/2bwqH8/M?S=lcqdt0lbsbt0k,18,21,任期満了,"33,086",66.31%,66.87%,1190,新川床 金春,61,男,無所属,現,,True
2022-02-06,2022-01-30,指宿市議会議員選挙,鹿児島県,https://seijiyama.jp/area/card/3624/2bwqH8/M?S=lcqdt0lbsbt0k,18,21,任期満了,"33,086",66.31%,66.87%,1101,中村 昭二,68,男,無所属,新,,True
2022-02-06,2022-01-30,指宿市議会議員選挙,鹿児島県,https://seijiyama.jp/area/card/3624/2bwqH8/M?S=lcqdt0lbsbt0k,18,21,任期満了,"33,086",66.31%,66.87%,1043,福永 徳郎,73,男,無所属,現,,True
2022-02-06,2022-01-30,指宿市議会議員選挙,鹿児島県,https://seijiyama.jp/area/card/3624/2bwqH8/M?S=lcqdt0lbsbt0k,18,21,任期満了,"33,086",66.31%,66.87%,1031,松下 知恵,59,女,幸福実現党,新,,True
2022-02-06,2022-01-30,指宿市議会議員選挙,鹿児島県,https://seijiyama.jp/area/card/3624/2bwqH8/M?S=lcqdt0lbsbt0k,18,21,任期満了,"33,086",66.31%,66.87%,1009,新宮領 実,68,男,無所属,現,,True
2022-02-06,2022-01-30,指宿市議会議員選挙,鹿児島県,https://seijiyama.jp/area/card/3624/2bwqH8/M?S=lcqdt0lbsbt0k,18,21,任期満了,"33,086",66.31%,66.87%,1005,前原 五男,74,男,無所属,現,,True
2022-02-06,2022-01-30,指宿市議会議員選挙,鹿児島県,https://seijiyama.jp/area/card/3624/2bwqH8/M?S=lcqdt0lbsbt0k,18,21,任期満了,"33,086",66.31%,66.87%,995,前之園 正和,71,男,共産,現,,True
2022-02-06,2022-01-30,指宿市議会議員選挙,鹿児島県,https://seijiyama.jp/area/card/3624/2bwqH8/M?S=lcqdt0lbsbt0k,18,21,任期満了,"33,086",66.31%,66.87%,920,下川床 泉,62,男,無所属,現,,True
2022-02-06,2022-01-30,指宿市議会議員選挙,鹿児島県,https://seijiyama.jp/area/card/3624/2bwqH8/M?S=lcqdt0lbsbt0k,18,21,任期満了,"33,086",66.31%,66.87%,873.045,東 伸行,71,男,無所属,現,,True
2022-02-06,2022-01-30,指宿市議会議員選挙,鹿児島県,https://seijiyama.jp/area/card/3624/2bwqH8/M?S=lcqdt0lbsbt0k,18,21,任期満了,"33,086",66.31%,66.87%,864.513,吉村 重則,69,男,共産,現,,True
2022-02-06,2022-01-30,指宿市議会議員選挙,鹿児島県,https://seijiyama.jp/area/card/3624/2bwqH8/M?S=lcqdt0lbsbt0k,18,21,任期満了,"33,086",66.31%,66.87%,844,西田 義哲,48,男,無所属,現,,True
2022-02-06,2022-01-30,指宿市議会議員選挙,鹿児島県,https://seijiyama.jp/area/card/3624/2bwqH8/M?S=lcqdt0lbsbt0k,18,21,任期満了,"33,086",66.31%,66.87%,808,井元 伸明,72,男,無所属,現,,True
2022-02-06,2022-01-30,指宿市議会議員選挙,鹿児島県,https://seijiyama.jp/area/card/3624/2bwqH8/M?S=lcqdt0lbsbt0k,18,21,任期満了,"33,086",66.31%,66.87%,785,山本 敏勝,63,男,無所属,現,,True
2022-02-06,2022-01-30,指宿市議会議員選挙,鹿児島県,https://seijiyama.jp/area/card/3624/2bwqH8/M?S=lcqdt0lbsbt0k,18,21,任期満了,"33,086",66.31%,66.87%,711,内田 満秀,69,男,無所属,新,,False
2022-02-06,2022-01-30,指宿市議会議員選挙,鹿児島県,https://seijiyama.jp/area/card/3624/2bwqH8/M?S=lcqdt0lbsbt0k,18,21,任期満了,"33,086",66.31%,66.87%,708,高橋 三樹,75,男,無所属,現,,False
2022-02-06,2022-01-30,指宿市議会議員選挙,鹿児島県,https://seijiyama.jp/area/card/3624/2bwqH8/M?S=lcqdt0lbsbt0k,18,21,任期満了,"33,086",66.31%,66.87%,511.486,坂元 茂教,55,男,無所属,元,,False
2022-02-06,2022-01-30,指宿市長選挙,鹿児島県,https://seijiyama.jp/area/card/3624/972IGC/M?S=lcqdt0lbsbs0k,1,4,任期満了,"33,086",66.32%,66.88%,11618,打越 明司,63,男,無所属,新,元衆院議員,True
2022-02-06,2022-01-30,指宿市長選挙,鹿児島県,https://seijiyama.jp/area/card/3624/972IGC/M?S=lcqdt0lbsbs0k,1,4,任期満了,"33,086",66.32%,66.88%,6316,豊留 悦男,71,男,無所属,現,指宿市長,False
2022-02-06,2022-01-30,指宿市長選挙,鹿児島県,https://seijiyama.jp/area/card/3624/972IGC/M?S=lcqdt0lbsbs0k,1,4,任期満了,"33,086",66.32%,66.88%,3642,米倉 由晋,42,男,無所属,新,会社経営,False
2022-02-06,2022-01-30,指宿市長選挙,鹿児島県,https://seijiyama.jp/area/card/3624/972IGC/M?S=lcqdt0lbsbs0k,1,4,任期満了,"33,086",66.32%,66.88%,179,武田 信弘,67,男,無所属,新,元高校教諭,False
2022-02-06,2022-01-30,川口市長選挙,埼玉県,https://seijiyama.jp/area/card/3624/9KO94g/M?S=lcqdt0lbsam0k,1,2,任期満了,"479,682",21.67%,22.29%,80555,奥ノ木 信夫,70,男,無所属（自民、公明推薦）,現,川口市長,True
2022-02-06,2022-01-30,川口市長選挙,埼玉県,https://seijiyama.jp/area/card/3624/9KO94g/M?S=lcqdt0lbsam0k,1,2,任期満了,"479,682",21.67%,22.29%,20086,宮川 直輝,48,男,無所属,新,建設会社代表取締役,False
2022-02-06,2022-02-01,境町長選挙,茨城県,https://seijiyama.jp/area/card/3624/7AwzA7/M?S=lcqdt0lbsfn0k,1,1,任期満了,"20,224",,49.94%,,橋本 正裕,46,男,無所属（公明推薦）,現,境綜合観光株式会社専務取締役、境町長,True
2022-02-06,2022-02-01,ときがわ町長選挙,埼玉県,https://seijiyama.jp/area/card/3624/JEJmK8/M?S=lcqdt0lbsdt0k,1,1,任期満了,"9,520",,,,渡辺 一美,68,男,無所属,現,ときがわ町長,True
2022-02-06,2022-02-01,王滝村長選挙,長野県,https://seijiyama.jp/area/card/3624/jj9Qg0/M?S=lcqdt0lbsbl0k,1,1,任期満了,651,,,,越原 道広,60,男,無所属,新,無職、元副町長,True
2022-02-06,2022-01-30,潟上市議会議員選挙,秋田県,https://seijiyama.jp/area/card/3624/J9EtGH/M?S=lcqdt0lbsct0k,18,18,任期満了,"27,967",,57.31%,,堀井 克見,71,男,無所属,現,無職,True
2022-02-06,2022-01-30,潟上市議会議員選挙,秋田県,https://seijiyama.jp/area/card/3624/J9EtGH/M?S=lcqdt0lbsct0k,18,18,任期満了,"27,967",,57.31%,,佐藤 義久,77,男,無所属,現,商業,True
2022-02-06,2022-01-30,潟上市議会議員選挙,秋田県,https://seijiyama.jp/area/card/3624/J9EtGH/M?S=lcqdt0lbsct0k,18,18,任期満了,"27,967",,57.31%,,鈴木 司,67,男,無所属,新,無職,True
2022-02-06,2022-01-30,潟上市議会議員選挙,秋田県,https://seijiyama.jp/area/card/3624/J9EtGH/M?S=lcqdt0lbsct0k,18,18,任期満了,"27,967",,57.31%,,戸田 俊樹,76,男,無所属,現,農業,True
2022-02-06,2022-01-30,潟上市議会議員選挙,秋田県,https://seijiyama.jp/area/card/3624/J9EtGH/M?S=lcqdt0lbsct0k,18,18,任期満了,"27,967",,57.31%,,藤原 仁美,55,女,無所属,現,美容師,True
2022-02-06,2022-01-30,潟上市議会議員選挙,秋田県,https://seijiyama.jp/area/card/3624/J9EtGH/M?S=lcqdt0lbsct0k,18,18,任期満了,"27,967",,57.31%,,鈴木 壮二,53,男,無所属,現,自営業,True
2022-02-06,2022-01-30,潟上市議会議員選挙,秋田県,https://seijiyama.jp/area/card/3624/J9EtGH/M?S=lcqdt0lbsct0k,18,18,任期満了,"27,967",,57.31%,,小林 悟,70,男,無所属,現,昭和電気工業（株）代表取締役会長,True
2022-02-06,2022-01-30,潟上市議会議員選挙,秋田県,https://seijiyama.jp/area/card/3624/J9EtGH/M?S=lcqdt0lbsct0k,18,18,任期満了,"27,967",,57.31%,,鐙 仁志,74,男,無所属,現,米穀業,True
2022-02-06,2022-01-30,潟上市議会議員選挙,秋田県,https://seijiyama.jp/area/card/3624/J9EtGH/M?S=lcqdt0lbsct0k,18,18,任期満了,"27,967",,57.31%,,西村 武,79,男,無所属,現,不動産賃貸業,True
2022-02-06,2022-01-30,潟上市議会議員選挙,秋田県,https://seijiyama.jp/area/card/3624/J9EtGH/M?S=lcqdt0lbsct0k,18,18,任期満了,"27,967",,57.31%,,藤原 典男,70,男,共産,現,政党役員,True
2022-02-06,2022-01-30,潟上市議会議員選挙,秋田県,https://seijiyama.jp/area/card/3624/J9EtGH/M?S=lcqdt0lbsct0k,18,18,任期満了,"27,967",,57.31%,,菅原 秀雄,66,男,無所属,現,農業,True
2022-02-06,2022-01-30,潟上市議会議員選挙,秋田県,https://seijiyama.jp/area/card/3624/J9EtGH/M?S=lcqdt0lbsct0k,18,18,任期満了,"27,967",,57.31%,,石井 和人,52,男,無所属,新,会社経営,True
2022-02-06,2022-01-30,潟上市議会議員選挙,秋田県,https://seijiyama.jp/area/card/3624/J9EtGH/M?S=lcqdt0lbsct0k,18,18,任期満了,"27,967",,57.31%,,伊勢 潤,45,男,無所属,新,高齢者福祉施設准看護師,True
2022-02-06,2022-01-30,潟上市議会議員選挙,秋田県,https://seijiyama.jp/area/card/3624/J9EtGH/M?S=lcqdt0lbsct0k,18,18,任期満了,"27,967",,57.31%,,菅原 理恵子,66,女,公明,現,市議会議員,True
2022-02-06,2022-01-30,潟上市議会議員選挙,秋田県,https://seijiyama.jp/area/card/3624/J9EtGH/M?S=lcqdt0lbsct0k,18,18,任期満了,"27,967",,57.31%,,中川 光博,68,男,無所属,現,無職,True
2022-02-06,2022-01-30,潟上市議会議員選挙,秋田県,https://seijiyama.jp/area/card/3624/J9EtGH/M?S=lcqdt0lbsct0k,18,18,任期満了,"27,967",,57.31%,,菅原 龍太郎,69,男,無所属,現,農業,True
2022-02-06,2022-01-30,潟上市議会議員選挙,秋田県,https://seijiyama.jp/area/card/3624/J9EtGH/M?S=lcqdt0lbsct0k,18,18,任期満了,"27,967",,57.31%,,沢井 昭二郎,75,男,無所属,現,農業,True
2022-02-06,2022-01-30,潟上市議会議員選挙,秋田県,https://seijiyama.jp/area/card/3624/J9EtGH/M?S=lcqdt0lbsct0k,18,18,任期満了,"27,967",,57.31%,,佐藤 敏雄,49,男,無所属,現,美容師,True
2022-02-06,2022-01-30,高萩市長選挙,茨城県,https://seijiyama.jp/area/card/3624/CGuB8g/M?S=lcqdt0lbsfk0k,1,1,任期満了,"23,894",,56.55%,,大部 勝規,63,男,無所属,現,高萩市長,True
2022-01-30,2022-01-25,三宅村議会議員補欠選挙,東京都,https://seijiyama.jp/area/card/3624/9Jan0I/M?S=lcqdt0lcsbr0k,2,3,辞職,"2,041",63.94%,77.17%,660,曽我部 宏一,64,男,無所属,新,無職,True
2022-01-30,2022-01-25,三宅村議会議員補欠選挙,東京都,https://seijiyama.jp/area/card/3624/9Jan0I/M?S=lcqdt0lcsbr0k,2,3,辞職,"2,041",63.94%,77.17%,416,佐久間 正文,72,男,無所属,元,無職,True
2022-01-30,2022-01-25,三宅村議会議員補欠選挙,東京都,https://seijiyama.jp/area/card/3624/9Jan0I/M?S=lcqdt0lcsbr0k,2,3,辞職,"2,041",63.94%,77.17%,186,島崎 広光,76,男,無所属,新,無職,False
2022-01-30,2022-01-23,本庄市議会議員選挙,埼玉県,https://seijiyama.jp/area/card/3624/AKNg3i/M?S=lcqdt0lbrik0k,21,24,任期満了,"64,021",47.99%,46.57%,2044,栗田 弘志,60,男,公明,新,無職,True
2022-01-30,2022-01-23,本庄市議会議員選挙,埼玉県,https://seijiyama.jp/area/card/3624/AKNg3i/M?S=lcqdt0lbrik0k,21,24,任期満了,"64,021",47.99%,46.57%,2044,山田 康博,54,男,無所属,現,市議会議員,True
2022-01-30,2022-01-23,本庄市議会議員選挙,埼玉県,https://seijiyama.jp/area/card/3624/AKNg3i/M?S=lcqdt0lbrik0k,21,24,任期満了,"64,021",47.99%,46.57%,1837,高橋 和美,72,女,無所属,現,市議会議員,True
2022-01-30,2022-01-23,本庄市議会議員選挙,埼玉県,https://seijiyama.jp/area/card/3624/AKNg3i/M?S=lcqdt0lbrik0k,21,24,任期満了,"64,021",47.99%,46.57%,1747,内田 英亮,33,男,無所属,現,市議会議員,True
2022-01-30,2022-01-23,本庄市議会議員選挙,埼玉県,https://seijiyama.jp/area/card/3624/AKNg3i/M?S=lcqdt0lbrik0k,21,24,任期満了,"64,021",47.99%,46.57%,1724,清水 静子,55,女,公明,現,市議会議員,True
2022-01-30,2022-01-23,本庄市議会議員選挙,埼玉県,https://seijiyama.jp/area/card/3624/AKNg3i/M?S=lcqdt0lbrik0k,21,24,任期満了,"64,021",47.99%,46.57%,1684,広瀬 伸一,50,男,無所属,現,自営業,True
2022-01-30,2022-01-23,本庄市議会議員選挙,埼玉県,https://seijiyama.jp/area/card/3624/AKNg3i/M?S=lcqdt0lbrik0k,21,24,任期満了,"64,021",47.99%,46.57%,1527.284,柿沼 綾子,69,女,共産,現,市議会議員,True
2022-01-30,2022-01-23,本庄市議会議員選挙,埼玉県,https://seijiyama.jp/area/card/3624/AKNg3i/M?S=lcqdt0lbrik0k,21,24,任期満了,"64,021",47.99%,46.57%,1343,巴 高志,68,男,無所属,現,会社役員,True
2022-01-30,2022-01-23,本庄市議会議員選挙,埼玉県,https://seijiyama.jp/area/card/3624/AKNg3i/M?S=lcqdt0lbrik0k,21,24,任期満了,"64,021",47.99%,46.57%,1314,山口 豊,52,男,無所属,現,会社役員,True
2022-01-30,2022-01-23,本庄市議会議員選挙,埼玉県,https://seijiyama.jp/area/card/3624/AKNg3i/M?S=lcqdt0lbrik0k,21,24,任期満了,"64,021",47.99%,46.57%,1304,小賀野 健司,69,男,無所属,新,社会保険労務士,True
2022-01-30,2022-01-23,本庄市議会議員選挙,埼玉県,https://seijiyama.jp/area/card/3624/AKNg3i/M?S=lcqdt0lbrik0k,21,24,任期満了,"64,021",47.99%,46.57%,1281,冨田 雅寿,60,男,無所属,現,自営業,True
2022-01-30,2022-01-23,本庄市議会議員選挙,埼玉県,https://seijiyama.jp/area/card/3624/AKNg3i/M?S=lcqdt0lbrik0k,21,24,任期満了,"64,021",47.99%,46.57%,1227,矢野間 規,44,男,無所属,現,自営業,True
2022-01-30,2022-01-23,本庄市議会議員選挙,埼玉県,https://seijiyama.jp/area/card/3624/AKNg3i/M?S=lcqdt0lbrik0k,21,24,任期満了,"64,021",47.99%,46.57%,1146,早野 清,72,男,無所属,現,学習塾塾長,True
2022-01-30,2022-01-23,本庄市議会議員選挙,埼玉県,https://seijiyama.jp/area/card/3624/AKNg3i/M?S=lcqdt0lbrik0k,21,24,任期満了,"64,021",47.99%,46.57%,1104.715,柿沼 光男,74,男,無所属,現,無職,True
2022-01-30,2022-01-23,本庄市議会議員選挙,埼玉県,https://seijiyama.jp/area/card/3624/AKNg3i/M?S=lcqdt0lbrik0k,21,24,任期満了,"64,021",47.99%,46.57%,1076,堀口 伊代子,55,女,無所属,現,農業,True
2022-01-30,2022-01-23,本庄市議会議員選挙,埼玉県,https://seijiyama.jp/area/card/3624/AKNg3i/M?S=lcqdt0lbrik0k,21,24,任期満了,"64,021",47.99%,46.57%,1011,倉林 益代,61,女,無所属,新,無職,True
2022-01-30,2022-01-23,本庄市議会議員選挙,埼玉県,https://seijiyama.jp/area/card/3624/AKNg3i/M?S=lcqdt0lbrik0k,21,24,任期満了,"64,021",47.99%,46.57%,1003,粳田 平一郎,70,男,無所属,現,農業,True
2022-01-30,2022-01-23,本庄市議会議員選挙,埼玉県,https://seijiyama.jp/area/card/3624/AKNg3i/M?S=lcqdt0lbrik0k,21,24,任期満了,"64,021",47.99%,46.57%,955,林 富司,85,男,無所属,現,縫製業,True
2022-01-30,2022-01-23,本庄市議会議員選挙,埼玉県,https://seijiyama.jp/area/card/3624/AKNg3i/M?S=lcqdt0lbrik0k,21,24,任期満了,"64,021",47.99%,46.57%,886,門倉 道雄,61,男,無所属,現,保険業,True
2022-01-30,2022-01-23,本庄市議会議員選挙,埼玉県,https://seijiyama.jp/area/card/3624/AKNg3i/M?S=lcqdt0lbrik0k,21,24,任期満了,"64,021",47.99%,46.57%,864,小林 猛,72,男,無所属,現,農業,True
2022-01-30,2022-01-23,本庄市議会議員選挙,埼玉県,https://seijiyama.jp/area/card/3624/AKNg3i/M?S=lcqdt0lbrik0k,21,24,任期満了,"64,021",47.99%,46.57%,854,谷田 裕之,56,男,無所属,新,自営業,True
2022-01-30,2022-01-23,本庄市議会議員選挙,埼玉県,https://seijiyama.jp/area/card/3624/AKNg3i/M?S=lcqdt0lbrik0k,21,24,任期満了,"64,021",47.99%,46.57%,821,田中 輝好,55,男,無所属,現,短期大学講師,False
2022-01-30,2022-01-23,本庄市議会議員選挙,埼玉県,https://seijiyama.jp/area/card/3624/AKNg3i/M?S=lcqdt0lbrik0k,21,24,任期満了,"64,021",47.99%,46.57%,765,町田 美津子,71,女,無所属,現,市議会議員,False
2022-01-30,2022-01-23,本庄市議会議員選挙,埼玉県,https://seijiyama.jp/area/card/3624/AKNg3i/M?S=lcqdt0lbrik0k,21,24,任期満了,"64,021",47.99%,46.57%,433,金子 喜美子,68,女,無所属,元,無職,False
2022-01-30,2022-01-23,本庄市長選挙,埼玉県,https://seijiyama.jp/area/card/3624/hjn4eb/M?S=lcqdt0lbrht0k,1,2,任期満了,"64,021",47.99%,,23616,吉田 信解,54,男,無所属,現,本庄市長,True
2022-01-30,2022-01-23,本庄市長選挙,埼玉県,https://seijiyama.jp/area/card/3624/hjn4eb/M?S=lcqdt0lbrht0k,1,2,任期満了,"64,021",47.99%,,6359,福島 浩一朗,60,男,本庄児玉市構想,新,会社役員,False
2022-01-30,2022-01-23,松浦市議会議員選挙,長崎県,https://seijiyama.jp/area/card/3624/B0GRi2/M?S=lcqdt0lbrjp0k,16,21,任期満了,"18,239",68.93%,67.84%,1017,大橋 尚生,46,男,無所属,新,会社役員,True
2022-01-30,2022-01-23,松浦市議会議員選挙,長崎県,https://seijiyama.jp/area/card/3624/B0GRi2/M?S=lcqdt0lbrjp0k,16,21,任期満了,"18,239",68.93%,67.84%,906,吉岡 健次,45,男,無所属,新,介護福祉士,True
2022-01-30,2022-01-23,松浦市議会議員選挙,長崎県,https://seijiyama.jp/area/card/3624/B0GRi2/M?S=lcqdt0lbrjp0k,16,21,任期満了,"18,239",68.93%,67.84%,874,志水 周,43,男,無所属,新,漁業,True
2022-01-30,2022-01-23,松浦市議会議員選挙,長崎県,https://seijiyama.jp/area/card/3624/B0GRi2/M?S=lcqdt0lbrjp0k,16,21,任期満了,"18,239",68.93%,67.84%,722,武部 周清,74,男,無所属,現,市会議員,True
2022-01-30,2022-01-23,松浦市議会議員選挙,長崎県,https://seijiyama.jp/area/card/3624/B0GRi2/M?S=lcqdt0lbrjp0k,16,21,任期満了,"18,239",68.93%,67.84%,696,川下 高広,50,男,公明,現,市会議員,True
2022-01-30,2022-01-23,松浦市議会議員選挙,長崎県,https://seijiyama.jp/area/card/3624/B0GRi2/M?S=lcqdt0lbrjp0k,16,21,任期満了,"18,239",68.93%,67.84%,664,鈴立 靖幸,74,男,無所属,現,無職,True
2022-01-30,2022-01-23,松浦市議会議員選挙,長崎県,https://seijiyama.jp/area/card/3624/B0GRi2/M?S=lcqdt0lbrjp0k,16,21,任期満了,"18,239",68.93%,67.84%,644,椎山 賢治,72,男,無所属,現,会社役員,True
2022-01-30,2022-01-23,松浦市議会議員選挙,長崎県,https://seijiyama.jp/area/card/3624/B0GRi2/M?S=lcqdt0lbrjp0k,16,21,任期満了,"18,239",68.93%,67.84%,613,中塚 祐介,70,男,無所属,元,団体役員,True
2022-01-30,2022-01-23,松浦市議会議員選挙,長崎県,https://seijiyama.jp/area/card/3624/B0GRi2/M?S=lcqdt0lbrjp0k,16,21,任期満了,"18,239",68.93%,67.84%,608,谷口 一星,35,男,無所属,現,会社役員,True
2022-01-30,2022-01-23,松浦市議会議員選挙,長崎県,https://seijiyama.jp/area/card/3624/B0GRi2/M?S=lcqdt0lbrjp0k,16,21,任期満了,"18,239",68.93%,67.84%,607,徳田 詳吾,69,男,無所属,現,農業,True
2022-01-30,2022-01-23,松浦市議会議員選挙,長崎県,https://seijiyama.jp/area/card/3624/B0GRi2/M?S=lcqdt0lbrjp0k,16,21,任期満了,"18,239",68.93%,67.84%,600,金井田 秀規,53,男,無所属,新,自営,True
2022-01-30,2022-01-23,松浦市議会議員選挙,長崎県,https://seijiyama.jp/area/card/3624/B0GRi2/M?S=lcqdt0lbrjp0k,16,21,任期満了,"18,239",68.93%,67.84%,576,宮本 啓史,83,男,無所属,現,会社役員,True
2022-01-30,2022-01-23,松浦市議会議員選挙,長崎県,https://seijiyama.jp/area/card/3624/B0GRi2/M?S=lcqdt0lbrjp0k,16,21,任期満了,"18,239",68.93%,67.84%,544,神田 稔,66,男,無所属,現,無職,True
2022-01-30,2022-01-23,松浦市議会議員選挙,長崎県,https://seijiyama.jp/area/card/3624/B0GRi2/M?S=lcqdt0lbrjp0k,16,21,任期満了,"18,239",68.93%,67.84%,526,和田 大介,64,男,無所属,現,会社員,True
2022-01-30,2022-01-23,松浦市議会議員選挙,長崎県,https://seijiyama.jp/area/card/3624/B0GRi2/M?S=lcqdt0lbrjp0k,16,21,任期満了,"18,239",68.93%,67.84%,524,崎田 広美,70,男,無所属,現,農業,True
2022-01-30,2022-01-23,松浦市議会議員選挙,長崎県,https://seijiyama.jp/area/card/3624/B0GRi2/M?S=lcqdt0lbrjp0k,16,21,任期満了,"18,239",68.93%,67.84%,496,武辺 鈴枝,65,女,無所属,現,自営業,True
2022-01-30,2022-01-23,松浦市議会議員選挙,長崎県,https://seijiyama.jp/area/card/3624/B0GRi2/M?S=lcqdt0lbrjp0k,16,21,任期満了,"18,239",68.93%,67.84%,482,久枝 邦彦,75,男,無所属,現,会社役員,False
2022-01-30,2022-01-23,松浦市議会議員選挙,長崎県,https://seijiyama.jp/area/card/3624/B0GRi2/M?S=lcqdt0lbrjp0k,16,21,任期満了,"18,239",68.93%,67.84%,461,岩本 裕美,50,女,共産,新,看護師,False
2022-01-30,2022-01-23,松浦市議会議員選挙,長崎県,https://seijiyama.jp/area/card/3624/B0GRi2/M?S=lcqdt0lbrjp0k,16,21,任期満了,"18,239",68.93%,67.84%,358,高田 さおり,50,女,無所属,新,自営業,False
2022-01-30,2022-01-23,松浦市議会議員選挙,長崎県,https://seijiyama.jp/area/card/3624/B0GRi2/M?S=lcqdt0lbrjp0k,16,21,任期満了,"18,239",68.93%,67.84%,315,前田 豊実,44,男,無所属,新,農業,False
2022-01-30,2022-01-23,松浦市議会議員選挙,長崎県,https://seijiyama.jp/area/card/3624/B0GRi2/M?S=lcqdt0lbrjp0k,16,21,任期満了,"18,239",68.93%,67.84%,218,浦田 正男,75,男,無所属,新,無職,False
2022-01-30,2022-01-25,立山町議会議員選挙,富山県,https://seijiyama.jp/area/card/3624/6KvIak/M?S=lcqdt0lbsao0k,14,15,任期満了,"21,348",51.82%,55.48%,1307,沢井 峰子,50,女,無所属,現,無職,True
2022-01-30,2022-01-25,立山町議会議員選挙,富山県,https://seijiyama.jp/area/card/3624/6KvIak/M?S=lcqdt0lbsao0k,14,15,任期満了,"21,348",51.82%,55.48%,951,堀田 努,63,男,自民,新,会社員,True
2022-01-30,2022-01-25,立山町議会議員選挙,富山県,https://seijiyama.jp/area/card/3624/6KvIak/M?S=lcqdt0lbsao0k,14,15,任期満了,"21,348",51.82%,55.48%,850,佐藤 康弘,67,男,自民,現,会社員,True
2022-01-30,2022-01-25,立山町議会議員選挙,富山県,https://seijiyama.jp/area/card/3624/6KvIak/M?S=lcqdt0lbsao0k,14,15,任期満了,"21,348",51.82%,55.48%,825,坂井 立朗,66,男,自民,現,会社員,True
2022-01-30,2022-01-25,立山町議会議員選挙,富山県,https://seijiyama.jp/area/card/3624/6KvIak/M?S=lcqdt0lbsao0k,14,15,任期満了,"21,348",51.82%,55.48%,783,伊東 幸一,73,男,自民,現,会社役員,True
2022-01-30,2022-01-25,立山町議会議員選挙,富山県,https://seijiyama.jp/area/card/3624/6KvIak/M?S=lcqdt0lbsao0k,14,15,任期満了,"21,348",51.82%,55.48%,782,松倉 勝実,69,男,無所属,新,農業,True
2022-01-30,2022-01-25,立山町議会議員選挙,富山県,https://seijiyama.jp/area/card/3624/6KvIak/M?S=lcqdt0lbsao0k,14,15,任期満了,"21,348",51.82%,55.48%,778,平井 久秋,59,男,自民,現,農業,True
2022-01-30,2022-01-25,立山町議会議員選挙,富山県,https://seijiyama.jp/area/card/3624/6KvIak/M?S=lcqdt0lbsao0k,14,15,任期満了,"21,348",51.82%,55.48%,730,内山 昭,74,男,自民,現,無職,True
2022-01-30,2022-01-25,立山町議会議員選挙,富山県,https://seijiyama.jp/area/card/3624/6KvIak/M?S=lcqdt0lbsao0k,14,15,任期満了,"21,348",51.82%,55.48%,695,村上 紀義,73,男,自民,現,農業,True
2022-01-30,2022-01-25,立山町議会議員選挙,富山県,https://seijiyama.jp/area/card/3624/6KvIak/M?S=lcqdt0lbsao0k,14,15,任期満了,"21,348",51.82%,55.48%,662,髪口 清隆,52,男,自民,現,無職,True
2022-01-30,2022-01-25,立山町議会議員選挙,富山県,https://seijiyama.jp/area/card/3624/6KvIak/M?S=lcqdt0lbsao0k,14,15,任期満了,"21,348",51.82%,55.48%,629,後藤 智文,69,男,共産,現,自営業,True
2022-01-30,2022-01-25,立山町議会議員選挙,富山県,https://seijiyama.jp/area/card/3624/6KvIak/M?S=lcqdt0lbsao0k,14,15,任期満了,"21,348",51.82%,55.48%,592,荻生 義明,67,男,自民,現,農業,True
2022-01-30,2022-01-25,立山町議会議員選挙,富山県,https://seijiyama.jp/area/card/3624/6KvIak/M?S=lcqdt0lbsao0k,14,15,任期満了,"21,348",51.82%,55.48%,559,岡田 健治,69,男,自民,現,NPO法人団体役員,True
2022-01-30,2022-01-25,立山町議会議員選挙,富山県,https://seijiyama.jp/area/card/3624/6KvIak/M?S=lcqdt0lbsao0k,14,15,任期満了,"21,348",51.82%,55.48%,554,広島 秀一,74,男,無所属,元,農業,True
2022-01-30,2022-01-25,立山町議会議員選挙,富山県,https://seijiyama.jp/area/card/3624/6KvIak/M?S=lcqdt0lbsao0k,14,15,任期満了,"21,348",51.82%,55.48%,266,坂田 均,62,男,無所属,新,自営業,False
2022-01-30,2022-01-25,築上町長選挙,福岡県,https://seijiyama.jp/area/card/3624/KdbTCK/M?S=lcqdt0lbsbp0k,1,2,任期満了,"14,894",55.81%,42.21%,5009,新川 久三,75,男,無所属,現,築上町長,True
2022-01-30,2022-01-25,築上町長選挙,福岡県,https://seijiyama.jp/area/card/3624/KdbTCK/M?S=lcqdt0lbsbp0k,1,2,任期満了,"14,894",55.81%,42.21%,3175,宗 裕,59,男,無所属,新,自営業,False
2022-01-30,2022-01-25,神川町議会議員補欠選挙,埼玉県,https://seijiyama.jp/area/card/3624/K0b32h/M?S=lcqdt0lcsbs0k,2,3,辞職,"11,026",56.98%,59.51%,2862,新井 太一,40,男,無所属,新,会社員,True
2022-01-30,2022-01-25,神川町議会議員補欠選挙,埼玉県,https://seijiyama.jp/area/card/3624/K0b32h/M?S=lcqdt0lcsbs0k,2,3,辞職,"11,026",56.98%,59.51%,1900,福島 康弘,56,男,無所属,元,会社員,True
2022-01-30,2022-01-25,神川町議会議員補欠選挙,埼玉県,https://seijiyama.jp/area/card/3624/K0b32h/M?S=lcqdt0lcsbs0k,2,3,辞職,"11,026",56.98%,59.51%,1221,黒沢 京子,61,女,無所属,新,自営業,False
2022-01-30,2022-01-21,埼玉県議会議員補欠選挙（西第10区）,埼玉県,https://seijiyama.jp/area/card/3624/3gUGB0/M?S=lcqdt0lckjs0k,1,3,死去,"82,589",20.4%,,8456.378,小川 直志,69,男,自民,新,幼稚園理事長、元坂戸市議,True
2022-01-30,2022-01-21,埼玉県議会議員補欠選挙（西第10区）,埼玉県,https://seijiyama.jp/area/card/3624/3gUGB0/M?S=lcqdt0lckjs0k,1,3,死去,"82,589",20.4%,,4538.621,小川 達夫,61,男,無所属,新,個人事業主、元坂戸市議,False
2022-01-30,2022-01-21,埼玉県議会議員補欠選挙（西第10区）,埼玉県,https://seijiyama.jp/area/card/3624/3gUGB0/M?S=lcqdt0lckjs0k,1,3,死去,"82,589",20.4%,,3598,安沢 美佳,45,女,無所属,新,会社役員,False
2022-01-30,2022-01-23,香南市長選挙,高知県,https://seijiyama.jp/area/card/3624/7C9cjK/M?S=lcqdt0lckin0k,1,3,辞職,"27,729",50.39%,,10582,浜田 豪太,47,男,無所属,新,無職、元高知県議,True
2022-01-30,2022-01-23,香南市長選挙,高知県,https://seijiyama.jp/area/card/3624/7C9cjK/M?S=lcqdt0lckin0k,1,3,辞職,"27,729",50.39%,,1685,上田 滝雄,78,男,無所属,新,会社役員、元市議,False
2022-01-30,2022-01-23,香南市長選挙,高知県,https://seijiyama.jp/area/card/3624/7C9cjK/M?S=lcqdt0lckin0k,1,3,辞職,"27,729",50.39%,,1579,片山 透,51,男,無所属,新,行政書士、元市議,False
2022-01-30,2022-01-23,東広島市議会議員補欠選挙,広島県,https://seijiyama.jp/area/card/3624/8aBDE4/M?S=lcqdt0lckan0k,2,3,死去,"149,494",25.51%,41.69%,14778,大下 博隆,47,男,無所属,新,農業,True
2022-01-30,2022-01-23,東広島市議会議員補欠選挙,広島県,https://seijiyama.jp/area/card/3624/8aBDE4/M?S=lcqdt0lckan0k,2,3,死去,"149,494",25.51%,41.69%,10267,落海 直哉,41,男,無所属,新,株式会社三協テクノ会社員,True
2022-01-30,2022-01-23,東広島市議会議員補欠選挙,広島県,https://seijiyama.jp/area/card/3624/8aBDE4/M?S=lcqdt0lckan0k,2,3,死去,"149,494",25.51%,41.69%,10013,上岡 裕明,33,男,無所属,新,上々企画（株）取締役,False
2022-01-30,2022-01-25,豊浦町長選挙,北海道,https://seijiyama.jp/area/card/3624/ebyi21/M?S=lcqdt0lbsdm0k,1,2,任期満了,"3,171",64.3%,,1443,村井 洋一,71,男,無所属,現,豊浦町長,True
2022-01-30,2022-01-25,豊浦町長選挙,北海道,https://seijiyama.jp/area/card/3624/ebyi21/M?S=lcqdt0lbsdm0k,1,2,任期満了,"3,171",64.3%,,505,大高 一敏,62,男,無所属,新,会社役員、元町議,False
2022-01-30,2022-01-23,糸島市議会議員選挙,福岡県,https://seijiyama.jp/area/card/3624/h0eyGc/M?S=lcqdt0lbscp0k,20,29,任期満了,"84,021",51.22%,57.17%,3149,高橋 徹郎,54,男,無所属,元,タレント,True
2022-01-30,2022-01-23,糸島市議会議員選挙,福岡県,https://seijiyama.jp/area/card/3624/h0eyGc/M?S=lcqdt0lbscp0k,20,29,任期満了,"84,021",51.22%,57.17%,2525,松月 よし子,66,女,無所属,現,糸島市議会議員,True
2022-01-30,2022-01-23,糸島市議会議員選挙,福岡県,https://seijiyama.jp/area/card/3624/h0eyGc/M?S=lcqdt0lbscp0k,20,29,任期満了,"84,021",51.22%,57.17%,2230.693,中尾 正俊,42,男,公明,新,会社員,True
2022-01-30,2022-01-23,糸島市議会議員選挙,福岡県,https://seijiyama.jp/area/card/3624/h0eyGc/M?S=lcqdt0lbscp0k,20,29,任期満了,"84,021",51.22%,57.17%,2213,徳安 達成,46,男,立憲,現,行政書士,True
2022-01-30,2022-01-23,糸島市議会議員選挙,福岡県,https://seijiyama.jp/area/card/3624/h0eyGc/M?S=lcqdt0lbscp0k,20,29,任期満了,"84,021",51.22%,57.17%,2073,三苫 幹治,50,男,無所属,新,洋蘭生産販売業,True
2022-01-30,2022-01-23,糸島市議会議員選挙,福岡県,https://seijiyama.jp/area/card/3624/h0eyGc/M?S=lcqdt0lbscp0k,20,29,任期満了,"84,021",51.22%,57.17%,2038,笹栗 純夫,72,男,公明,現,糸島市議会議員,True
2022-01-30,2022-01-23,糸島市議会議員選挙,福岡県,https://seijiyama.jp/area/card/3624/h0eyGc/M?S=lcqdt0lbscp0k,20,29,任期満了,"84,021",51.22%,57.17%,2022,伊藤 千代子,64,女,無所属,現,糸島市議会議員,True
2022-01-30,2022-01-23,糸島市議会議員選挙,福岡県,https://seijiyama.jp/area/card/3624/h0eyGc/M?S=lcqdt0lbscp0k,20,29,任期満了,"84,021",51.22%,57.17%,2008,佐藤 倫子,51,女,無所属,新,大学非常勤講師,True
2022-01-30,2022-01-23,糸島市議会議員選挙,福岡県,https://seijiyama.jp/area/card/3624/h0eyGc/M?S=lcqdt0lbscp0k,20,29,任期満了,"84,021",51.22%,57.17%,1938,木下 勇二,39,男,無所属,新,ラーメン店店主,True
2022-01-30,2022-01-23,糸島市議会議員選挙,福岡県,https://seijiyama.jp/area/card/3624/h0eyGc/M?S=lcqdt0lbscp0k,20,29,任期満了,"84,021",51.22%,57.17%,1827,堀田 勉,66,男,無所属,現,有限会社ハイ・ハート会社員,True
2022-01-30,2022-01-23,糸島市議会議員選挙,福岡県,https://seijiyama.jp/area/card/3624/h0eyGc/M?S=lcqdt0lbscp0k,20,29,任期満了,"84,021",51.22%,57.17%,1818,加茂 正彦,47,男,無所属,現,農業,True
2022-01-30,2022-01-23,糸島市議会議員選挙,福岡県,https://seijiyama.jp/area/card/3624/h0eyGc/M?S=lcqdt0lbscp0k,20,29,任期満了,"84,021",51.22%,57.17%,1786,重冨 洋司,58,男,無所属,現,株式会社TSUKASA代表取締役,True
2022-01-30,2022-01-23,糸島市議会議員選挙,福岡県,https://seijiyama.jp/area/card/3624/h0eyGc/M?S=lcqdt0lbscp0k,20,29,任期満了,"84,021",51.22%,57.17%,1713,波多江 貴士,46,男,無所属,現,糸島市議会議員,True
2022-01-30,2022-01-23,糸島市議会議員選挙,福岡県,https://seijiyama.jp/area/card/3624/h0eyGc/M?S=lcqdt0lbscp0k,20,29,任期満了,"84,021",51.22%,57.17%,1626,畑中 鶴見,68,男,無所属,新,団体役員,True
2022-01-30,2022-01-23,糸島市議会議員選挙,福岡県,https://seijiyama.jp/area/card/3624/h0eyGc/M?S=lcqdt0lbscp0k,20,29,任期満了,"84,021",51.22%,57.17%,1589,寺崎 達也,51,男,無所属,新,漁業,True
2022-01-30,2022-01-23,糸島市議会議員選挙,福岡県,https://seijiyama.jp/area/card/3624/h0eyGc/M?S=lcqdt0lbscp0k,20,29,任期満了,"84,021",51.22%,57.17%,1422,服部 清幸,55,男,無所属,新,漁業,True
2022-01-30,2022-01-23,糸島市議会議員選挙,福岡県,https://seijiyama.jp/area/card/3624/h0eyGc/M?S=lcqdt0lbscp0k,20,29,任期満了,"84,021",51.22%,57.17%,1379,井上 健作,72,男,無所属,現,不動産賃貸業,True
2022-01-30,2022-01-23,糸島市議会議員選挙,福岡県,https://seijiyama.jp/area/card/3624/h0eyGc/M?S=lcqdt0lbscp0k,20,29,任期満了,"84,021",51.22%,57.17%,1377.306,中尾 浩昭,61,男,維新,新,学習塾経営代表者（自営）,True
2022-01-30,2022-01-23,糸島市議会議員選挙,福岡県,https://seijiyama.jp/area/card/3624/h0eyGc/M?S=lcqdt0lbscp0k,20,29,任期満了,"84,021",51.22%,57.17%,1349,川上 伸悟,44,男,無所属,現,糸島市議会議員,True
2022-01-30,2022-01-23,糸島市議会議員選挙,福岡県,https://seijiyama.jp/area/card/3624/h0eyGc/M?S=lcqdt0lbscp0k,20,29,任期満了,"84,021",51.22%,57.17%,1031,長田 秀樹,45,男,無所属,現,糸島市議会議員,True
2022-01-30,2022-01-23,糸島市議会議員選挙,福岡県,https://seijiyama.jp/area/card/3624/h0eyGc/M?S=lcqdt0lbscp0k,20,29,任期満了,"84,021",51.22%,57.17%,1009,柳 明夫,70,男,共産,現,市議会議員,False
2022-01-30,2022-01-23,糸島市議会議員選挙,福岡県,https://seijiyama.jp/area/card/3624/h0eyGc/M?S=lcqdt0lbscp0k,20,29,任期満了,"84,021",51.22%,57.17%,998,平田 雅紹,55,男,無所属,現,会社社長,False
2022-01-30,2022-01-23,糸島市議会議員選挙,福岡県,https://seijiyama.jp/area/card/3624/h0eyGc/M?S=lcqdt0lbscp0k,20,29,任期満了,"84,021",51.22%,57.17%,854,後藤 宏爾,51,男,共産,現,糸島市議会議員,False
2022-01-30,2022-01-23,糸島市議会議員選挙,福岡県,https://seijiyama.jp/area/card/3624/h0eyGc/M?S=lcqdt0lbscp0k,20,29,任期満了,"84,021",51.22%,57.17%,693,藤井 芳広,43,男,無所属,現,糸島市議会議員,False
2022-01-30,2022-01-23,糸島市議会議員選挙,福岡県,https://seijiyama.jp/area/card/3624/h0eyGc/M?S=lcqdt0lbscp0k,20,29,任期満了,"84,021",51.22%,57.17%,623,岩永 数昭,67,男,無所属,新,NPO法人寺子屋学び理事長,False
2022-01-30,2022-01-23,糸島市議会議員選挙,福岡県,https://seijiyama.jp/area/card/3624/h0eyGc/M?S=lcqdt0lbscp0k,20,29,任期満了,"84,021",51.22%,57.17%,365.195,近藤 信一,54,男,無所属,新,いとしま児童クラブ勤務,False
2022-01-30,2022-01-23,糸島市議会議員選挙,福岡県,https://seijiyama.jp/area/card/3624/h0eyGc/M?S=lcqdt0lbscp0k,20,29,任期満了,"84,021",51.22%,57.17%,341,末永 信行,57,男,無所属,新,有限会社スエナガ取締役社長,False
2022-01-30,2022-01-23,糸島市議会議員選挙,福岡県,https://seijiyama.jp/area/card/3624/h0eyGc/M?S=lcqdt0lbscp0k,20,29,任期満了,"84,021",51.22%,57.17%,244,中野 徹憲,58,男,無所属,新,株式会社アライアンスコンサルティング代表取締役,False
2022-01-30,2022-01-23,糸島市議会議員選挙,福岡県,https://seijiyama.jp/area/card/3624/h0eyGc/M?S=lcqdt0lbscp0k,20,29,任期満了,"84,021",51.22%,57.17%,133.804,近藤 征生,78,男,無所属,新,無職,False
2022-01-30,2022-01-23,糸島市長選挙,福岡県,https://seijiyama.jp/area/card/3624/b2E_II/M?S=lcqdt0lbsco0k,1,2,任期満了,"84,021",51.22%,57.18%,32644,月形 祐二,63,男,無所属（自民、公明推薦）,現,糸島市長,True
2022-01-30,2022-01-23,糸島市長選挙,福岡県,https://seijiyama.jp/area/card/3624/b2E_II/M?S=lcqdt0lbsco0k,1,2,任期満了,"84,021",51.22%,57.18%,9171,岸塚 由将,46,男,無所属,新,無職,False
2022-01-30,2022-01-23,志布志市議会議員選挙,鹿児島県,https://seijiyama.jp/area/card/3624/5auhab/M?S=lcqdt0lbscl0k,20,21,任期満了,"24,828",62.78%,69.14%,1564,稲付 洋平,43,男,無所属,新,自営業（建設業）,True
2022-01-30,2022-01-23,志布志市議会議員選挙,鹿児島県,https://seijiyama.jp/area/card/3624/5auhab/M?S=lcqdt0lbscl0k,20,21,任期満了,"24,828",62.78%,69.14%,1155,福重 彰史,68,男,無所属,現,農業,True
2022-01-30,2022-01-23,志布志市議会議員選挙,鹿児島県,https://seijiyama.jp/area/card/3624/5auhab/M?S=lcqdt0lbscl0k,20,21,任期満了,"24,828",62.78%,69.14%,1060,小野 広嗣,65,男,公明,現,商業,True
2022-01-30,2022-01-23,志布志市議会議員選挙,鹿児島県,https://seijiyama.jp/area/card/3624/5auhab/M?S=lcqdt0lbscl0k,20,21,任期満了,"24,828",62.78%,69.14%,892,小園 義行,70,男,共産,現,農業,True
2022-01-30,2022-01-23,志布志市議会議員選挙,鹿児島県,https://seijiyama.jp/area/card/3624/5auhab/M?S=lcqdt0lbscl0k,20,21,任期満了,"24,828",62.78%,69.14%,855,東 宏二,70,男,無所属,現,会社顧問,True
2022-01-30,2022-01-23,志布志市議会議員選挙,鹿児島県,https://seijiyama.jp/area/card/3624/5auhab/M?S=lcqdt0lbscl0k,20,21,任期満了,"24,828",62.78%,69.14%,842,鶴迫 京子,69,女,無所属,現,無職,True
2022-01-30,2022-01-23,志布志市議会議員選挙,鹿児島県,https://seijiyama.jp/area/card/3624/5auhab/M?S=lcqdt0lbscl0k,20,21,任期満了,"24,828",62.78%,69.14%,820,西江園 明,73,男,無所属,現,商業,True
2022-01-30,2022-01-23,志布志市議会議員選挙,鹿児島県,https://seijiyama.jp/area/card/3624/5auhab/M?S=lcqdt0lbscl0k,20,21,任期満了,"24,828",62.78%,69.14%,756,小辻 一海,68,男,無所属,現,農業,True
2022-01-30,2022-01-23,志布志市議会議員選挙,鹿児島県,https://seijiyama.jp/area/card/3624/5auhab/M?S=lcqdt0lbscl0k,20,21,任期満了,"24,828",62.78%,69.14%,756,永田 梓,35,女,無所属,新,会社員,True
2022-01-30,2022-01-23,志布志市議会議員選挙,鹿児島県,https://seijiyama.jp/area/card/3624/5auhab/M?S=lcqdt0lbscl0k,20,21,任期満了,"24,828",62.78%,69.14%,709,南 利尋,57,男,無所属,現,無職,True
2022-01-30,2022-01-23,志布志市議会議員選挙,鹿児島県,https://seijiyama.jp/area/card/3624/5auhab/M?S=lcqdt0lbscl0k,20,21,任期満了,"24,828",62.78%,69.14%,698,八代 誠,60,男,無所属,現,無職,True
2022-01-30,2022-01-23,志布志市議会議員選挙,鹿児島県,https://seijiyama.jp/area/card/3624/5auhab/M?S=lcqdt0lbscl0k,20,21,任期満了,"24,828",62.78%,69.14%,686,青山 浩二,50,男,無所属,現,無職,True
2022-01-30,2022-01-23,志布志市議会議員選挙,鹿児島県,https://seijiyama.jp/area/card/3624/5auhab/M?S=lcqdt0lbscl0k,20,21,任期満了,"24,828",62.78%,69.14%,676,玉垣 大二郎,63,男,無所属,現,無職,True
2022-01-30,2022-01-23,志布志市議会議員選挙,鹿児島県,https://seijiyama.jp/area/card/3624/5auhab/M?S=lcqdt0lbscl0k,20,21,任期満了,"24,828",62.78%,69.14%,669,持留 忠義,71,男,無所属,現,農業,True
2022-01-30,2022-01-23,志布志市議会議員選挙,鹿児島県,https://seijiyama.jp/area/card/3624/5auhab/M?S=lcqdt0lbscl0k,20,21,任期満了,"24,828",62.78%,69.14%,636,平野 栄作,63,男,無所属,現,農業,True
2022-01-30,2022-01-23,志布志市議会議員選挙,鹿児島県,https://seijiyama.jp/area/card/3624/5auhab/M?S=lcqdt0lbscl0k,20,21,任期満了,"24,828",62.78%,69.14%,568,野村 広志,56,男,無所属,現,自営業（飲食業）,True
2022-01-30,2022-01-23,志布志市議会議員選挙,鹿児島県,https://seijiyama.jp/area/card/3624/5auhab/M?S=lcqdt0lbscl0k,20,21,任期満了,"24,828",62.78%,69.14%,526,隈元 香穂子,59,女,無所属,新,がん情報ナビゲーター,True
2022-01-30,2022-01-23,志布志市議会議員選挙,鹿児島県,https://seijiyama.jp/area/card/3624/5auhab/M?S=lcqdt0lbscl0k,20,21,任期満了,"24,828",62.78%,69.14%,520,丸山 一,73,男,無所属,現,農業,True
2022-01-30,2022-01-23,志布志市議会議員選挙,鹿児島県,https://seijiyama.jp/area/card/3624/5auhab/M?S=lcqdt0lbscl0k,20,21,任期満了,"24,828",62.78%,69.14%,509,市ケ谷 孝,40,男,無所属,現,配達飲食サービス業,True
2022-01-30,2022-01-23,志布志市議会議員選挙,鹿児島県,https://seijiyama.jp/area/card/3624/5auhab/M?S=lcqdt0lbscl0k,20,21,任期満了,"24,828",62.78%,69.14%,379,里薗 晋司,40,男,無所属,新,リラクゼーション業,True
2022-01-30,2022-01-23,志布志市議会議員選挙,鹿児島県,https://seijiyama.jp/area/card/3624/5auhab/M?S=lcqdt0lbscl0k,20,21,任期満了,"24,828",62.78%,69.14%,144,大原 繁,84,男,無所属,新,独学者,False
2022-01-30,2022-01-23,志布志市長選挙,鹿児島県,https://seijiyama.jp/area/card/3624/0Kwbhh/M?S=lcqdt0lbsck0k,1,2,任期満了,"24,828",62.78%,69.14%,8589,下平 晴行,73,男,無所属,現,特別地方公務員（志布志市長）,True
2022-01-30,2022-01-23,志布志市長選挙,鹿児島県,https://seijiyama.jp/area/card/3624/0Kwbhh/M?S=lcqdt0lbsck0k,1,2,任期満了,"24,828",62.78%,69.14%,6689,尖 信一,66,男,無所属,新,会社役員、元市議,False
2022-01-30,2022-01-23,三豊市議会議員選挙,香川県,https://seijiyama.jp/area/card/3624/f2Es1c/M?S=lcqdt0lbsbo0k,22,23,任期満了,"53,422",54.25%,59.37%,1905,丸戸 研二,68,男,無所属,現,農業,True
2022-01-30,2022-01-23,三豊市議会議員選挙,香川県,https://seijiyama.jp/area/card/3624/f2Es1c/M?S=lcqdt0lbsbo0k,22,23,任期満了,"53,422",54.25%,59.37%,1747.521,詫間 政司,64,男,無所属,現,自営業,True
2022-01-30,2022-01-23,三豊市議会議員選挙,香川県,https://seijiyama.jp/area/card/3624/f2Es1c/M?S=lcqdt0lbsbo0k,22,23,任期満了,"53,422",54.25%,59.37%,1618,滝本 哲史,38,男,無所属,新,無職,True
2022-01-30,2022-01-23,三豊市議会議員選挙,香川県,https://seijiyama.jp/area/card/3624/f2Es1c/M?S=lcqdt0lbsbo0k,22,23,任期満了,"53,422",54.25%,59.37%,1602.478,三谷 正史,62,男,無所属,新,無職,True
2022-01-30,2022-01-23,三豊市議会議員選挙,香川県,https://seijiyama.jp/area/card/3624/f2Es1c/M?S=lcqdt0lbsbo0k,22,23,任期満了,"53,422",54.25%,59.37%,1475,城中 利文,66,男,自民,現,（有）トシカンパニー取締役,True
2022-01-30,2022-01-23,三豊市議会議員選挙,香川県,https://seijiyama.jp/area/card/3624/f2Es1c/M?S=lcqdt0lbsbo0k,22,23,任期満了,"53,422",54.25%,59.37%,1380,水本 真奈美,64,女,公明,現,無し,True
2022-01-30,2022-01-23,三豊市議会議員選挙,香川県,https://seijiyama.jp/area/card/3624/f2Es1c/M?S=lcqdt0lbsbo0k,22,23,任期満了,"53,422",54.25%,59.37%,1364,高木 修,66,男,無所属,現,市議会議員,True
2022-01-30,2022-01-23,三豊市議会議員選挙,香川県,https://seijiyama.jp/area/card/3624/f2Es1c/M?S=lcqdt0lbsbo0k,22,23,任期満了,"53,422",54.25%,59.37%,1362,湯口 新,45,男,無所属,現,自営業,True
2022-01-30,2022-01-23,三豊市議会議員選挙,香川県,https://seijiyama.jp/area/card/3624/f2Es1c/M?S=lcqdt0lbsbo0k,22,23,任期満了,"53,422",54.25%,59.37%,1327,田中 達也,46,男,無所属,現,会社役員,True
2022-01-30,2022-01-23,三豊市議会議員選挙,香川県,https://seijiyama.jp/area/card/3624/f2Es1c/M?S=lcqdt0lbsbo0k,22,23,任期満了,"53,422",54.25%,59.37%,1262,込山 文吉,66,男,公明,現,無職,True
2022-01-30,2022-01-23,三豊市議会議員選挙,香川県,https://seijiyama.jp/area/card/3624/f2Es1c/M?S=lcqdt0lbsbo0k,22,23,任期満了,"53,422",54.25%,59.37%,1257,浜口 恭行,52,男,無所属,現,会社役員,True
2022-01-30,2022-01-23,三豊市議会議員選挙,香川県,https://seijiyama.jp/area/card/3624/f2Es1c/M?S=lcqdt0lbsbo0k,22,23,任期満了,"53,422",54.25%,59.37%,1203,市川 洋介,60,男,自民,現,会社役員,True
2022-01-30,2022-01-23,三豊市議会議員選挙,香川県,https://seijiyama.jp/area/card/3624/f2Es1c/M?S=lcqdt0lbsbo0k,22,23,任期満了,"53,422",54.25%,59.37%,1200,為広 員史,71,男,無所属,現,会社役員,True
2022-01-30,2022-01-23,三豊市議会議員選挙,香川県,https://seijiyama.jp/area/card/3624/f2Es1c/M?S=lcqdt0lbsbo0k,22,23,任期満了,"53,422",54.25%,59.37%,1155,石井 勢三,61,男,自民,現,自営業,True
2022-01-30,2022-01-23,三豊市議会議員選挙,香川県,https://seijiyama.jp/area/card/3624/f2Es1c/M?S=lcqdt0lbsbo0k,22,23,任期満了,"53,422",54.25%,59.37%,1136,三木 秀樹,71,男,立憲,現,農業,True
2022-01-30,2022-01-23,三豊市議会議員選挙,香川県,https://seijiyama.jp/area/card/3624/f2Es1c/M?S=lcqdt0lbsbo0k,22,23,任期満了,"53,422",54.25%,59.37%,1105,西山 彰人,74,男,立憲,現,無職,True
2022-01-30,2022-01-23,三豊市議会議員選挙,香川県,https://seijiyama.jp/area/card/3624/f2Es1c/M?S=lcqdt0lbsbo0k,22,23,任期満了,"53,422",54.25%,59.37%,1052,近藤 武,51,男,無所属,現,三豊市市議会議員,True
2022-01-30,2022-01-23,三豊市議会議員選挙,香川県,https://seijiyama.jp/area/card/3624/f2Es1c/M?S=lcqdt0lbsbo0k,22,23,任期満了,"53,422",54.25%,59.37%,1038,岩田 秀樹,68,男,共産,現,政党役員,True
2022-01-30,2022-01-23,三豊市議会議員選挙,香川県,https://seijiyama.jp/area/card/3624/f2Es1c/M?S=lcqdt0lbsbo0k,22,23,任期満了,"53,422",54.25%,59.37%,1001,横山 強,73,男,無所属,現,自営業,True
2022-01-30,2022-01-23,三豊市議会議員選挙,香川県,https://seijiyama.jp/area/card/3624/f2Es1c/M?S=lcqdt0lbsbo0k,22,23,任期満了,"53,422",54.25%,59.37%,986,川北 善伴,74,男,自民,現,無職,True
2022-01-30,2022-01-23,三豊市議会議員選挙,香川県,https://seijiyama.jp/area/card/3624/f2Es1c/M?S=lcqdt0lbsbo0k,22,23,任期満了,"53,422",54.25%,59.37%,980,三宅 静雄,75,男,無所属,現,無職,True
2022-01-30,2022-01-23,三豊市議会議員選挙,香川県,https://seijiyama.jp/area/card/3624/f2Es1c/M?S=lcqdt0lbsbo0k,22,23,任期満了,"53,422",54.25%,59.37%,906,金子 辰男,69,男,無所属,現,農業,True
2022-01-30,2022-01-23,三豊市議会議員選挙,香川県,https://seijiyama.jp/area/card/3624/f2Es1c/M?S=lcqdt0lbsbo0k,22,23,任期満了,"53,422",54.25%,59.37%,594,玉尾 哲也,65,男,無所属,新,農業,False
2022-01-30,2022-01-25,大台町議会議員選挙,三重県,https://seijiyama.jp/area/card/3624/j3li8B/M?S=lcqdt0lbsbn0k,11,16,任期満了,"7,596",77.36%,76.21%,1232,上瀬 裕美,40,女,無所属,新,アルバイト,True
2022-01-30,2022-01-25,大台町議会議員選挙,三重県,https://seijiyama.jp/area/card/3624/j3li8B/M?S=lcqdt0lbsbn0k,11,16,任期満了,"7,596",77.36%,76.21%,668,岸 良隆,69,男,無所属,現,農業,True
2022-01-30,2022-01-25,大台町議会議員選挙,三重県,https://seijiyama.jp/area/card/3624/j3li8B/M?S=lcqdt0lbsbn0k,11,16,任期満了,"7,596",77.36%,76.21%,656,元坂 正人,76,男,無所属,元,会社役員,True
2022-01-30,2022-01-25,大台町議会議員選挙,三重県,https://seijiyama.jp/area/card/3624/j3li8B/M?S=lcqdt0lbsbn0k,11,16,任期満了,"7,596",77.36%,76.21%,607,古家 大輔,42,男,無所属,新,会社役員,True
2022-01-30,2022-01-25,大台町議会議員選挙,三重県,https://seijiyama.jp/area/card/3624/j3li8B/M?S=lcqdt0lbsbn0k,11,16,任期満了,"7,596",77.36%,76.21%,436,野村 政美,56,男,無所属,現,自営業,True
2022-01-30,2022-01-25,大台町議会議員選挙,三重県,https://seijiyama.jp/area/card/3624/j3li8B/M?S=lcqdt0lbsbn0k,11,16,任期満了,"7,596",77.36%,76.21%,346,古田 広幸,71,男,無所属,現,自営業,True
2022-01-30,2022-01-25,大台町議会議員選挙,三重県,https://seijiyama.jp/area/card/3624/j3li8B/M?S=lcqdt0lbsbn0k,11,16,任期満了,"7,596",77.36%,76.21%,338,小野 恵司,47,男,無所属,現,自営業,True
2022-01-30,2022-01-25,大台町議会議員選挙,三重県,https://seijiyama.jp/area/card/3624/j3li8B/M?S=lcqdt0lbsbn0k,11,16,任期満了,"7,596",77.36%,76.21%,251,宮田 明彦,63,男,無所属,新,日進学童保育ペンギンクラブ指導員,True
2022-01-30,2022-01-25,大台町議会議員選挙,三重県,https://seijiyama.jp/area/card/3624/j3li8B/M?S=lcqdt0lbsbn0k,11,16,任期満了,"7,596",77.36%,76.21%,233,小林 保男,70,男,無所属,現,無職,True
2022-01-30,2022-01-25,大台町議会議員選挙,三重県,https://seijiyama.jp/area/card/3624/j3li8B/M?S=lcqdt0lbsbn0k,11,16,任期満了,"7,596",77.36%,76.21%,224,中道 剛士,76,男,無所属,現,農業,True
2022-01-30,2022-01-25,大台町議会議員選挙,三重県,https://seijiyama.jp/area/card/3624/j3li8B/M?S=lcqdt0lbsbn0k,11,16,任期満了,"7,596",77.36%,76.21%,219,米森 清裕,72,男,無所属,現,自営業,True
2022-01-30,2022-01-25,大台町議会議員選挙,三重県,https://seijiyama.jp/area/card/3624/j3li8B/M?S=lcqdt0lbsbn0k,11,16,任期満了,"7,596",77.36%,76.21%,177,奥田 健一,32,男,無所属,現,会社員,False
2022-01-30,2022-01-25,大台町議会議員選挙,三重県,https://seijiyama.jp/area/card/3624/j3li8B/M?S=lcqdt0lbsbn0k,11,16,任期満了,"7,596",77.36%,76.21%,173,吉田 澄男,73,男,無所属,現,会社員,False
2022-01-30,2022-01-25,大台町議会議員選挙,三重県,https://seijiyama.jp/area/card/3624/j3li8B/M?S=lcqdt0lbsbn0k,11,16,任期満了,"7,596",77.36%,76.21%,138,近藤 克彦,44,男,無所属,新,無職,False
2022-01-30,2022-01-25,大台町議会議員選挙,三重県,https://seijiyama.jp/area/card/3624/j3li8B/M?S=lcqdt0lbsbn0k,11,16,任期満了,"7,596",77.36%,76.21%,88,村田 尚登,69,男,無所属,現,農業,False
2022-01-30,2022-01-25,大台町議会議員選挙,三重県,https://seijiyama.jp/area/card/3624/j3li8B/M?S=lcqdt0lbsbn0k,11,16,任期満了,"7,596",77.36%,76.21%,26,宮本 一美,58,女,無所属,新,自営業,False
2022-01-30,2022-01-25,大台町長選挙,三重県,https://seijiyama.jp/area/card/3624/dk5lJg/M?S=lcqdt0lbsbm0k,1,3,任期満了,"7,596",77.38%,76.24%,2558,大森 正信,73,男,無所属,現,大台町長,True
2022-01-30,2022-01-25,大台町長選挙,三重県,https://seijiyama.jp/area/card/3624/dk5lJg/M?S=lcqdt0lbsbm0k,1,3,任期満了,"7,596",77.38%,76.24%,1654,堀江 洋子,60,女,無所属,新,NPO法人理事長、元町議,False
2022-01-30,2022-01-25,大台町長選挙,三重県,https://seijiyama.jp/area/card/3624/dk5lJg/M?S=lcqdt0lbsbm0k,1,3,任期満了,"7,596",77.38%,76.24%,1610,東 久生,68,男,無所属,新,農林業、元町議,False
2022-01-30,2022-01-23,伊達市長選挙,福島県,https://seijiyama.jp/area/card/3624/CjsW9B/M?S=lcqdt0lbsat0k,1,2,任期満了,"50,309",53.1%,54.12%,16743,須田 博行,63,男,無所属,現,伊達市長,True
2022-01-30,2022-01-23,伊達市長選挙,福島県,https://seijiyama.jp/area/card/3624/CjsW9B/M?S=lcqdt0lbsat0k,1,2,任期満了,"50,309",53.1%,54.12%,9737,小林 香,62,男,無所属,新,大学院客員教授、元福島市長,False
2022-01-30,2022-01-23,喜多方市長選挙,福島県,https://seijiyama.jp/area/card/3624/8hyh6g/M?S=lcqdt0lbsas0k,1,2,任期満了,"39,195",56.59%,56.21%,13265,遠藤 忠一,74,男,無所属,現,喜多方市長,True
2022-01-30,2022-01-23,喜多方市長選挙,福島県,https://seijiyama.jp/area/card/3624/8hyh6g/M?S=lcqdt0lbsas0k,1,2,任期満了,"39,195",56.59%,56.21%,8747,菅野 康裕,66,男,無所属,新,無職、元市職員,False
2022-01-30,2022-01-23,貝塚市長選挙,大阪府,https://seijiyama.jp/area/card/3624/EIPJFi/M?S=lcqdt0lbsaq0k,1,2,任期満了,"69,354",38.12%,,15002,酒井 了,46,男,大阪維新の会,新,無職,True
2022-01-30,2022-01-23,貝塚市長選挙,大阪府,https://seijiyama.jp/area/card/3624/EIPJFi/M?S=lcqdt0lbsaq0k,1,2,任期満了,"69,354",38.12%,,11100,田中 学,54,男,無所属（自民、立憲推薦）,新,自由民主党大阪府連市町村議員連盟会長、元市議,False
2022-01-30,2022-01-25,阿智村長選挙,長野県,https://seijiyama.jp/area/card/3624/F9jfD6/M?S=lcqdt0lbsap0k,1,2,任期満了,"5,031",68.12%,,3203.177,熊谷 秀樹,53,男,無所属,現,阿智村長,True
2022-01-30,2022-01-25,阿智村長選挙,長野県,https://seijiyama.jp/area/card/3624/F9jfD6/M?S=lcqdt0lbsap0k,1,2,任期満了,"5,031",68.12%,,162.822,熊谷 章文,70,男,無所属,新,会社役員,False
2022-01-30,2022-01-25,上富田町長選挙,和歌山県,https://seijiyama.jp/area/card/3624/fGGn4K/M?S=lcqdt0lbris0k,1,2,任期満了,"12,919",61.82%,60.74%,4281,奥田 誠,58,男,無所属（自民推薦）,現,上富田町長,True
2022-01-30,2022-01-25,上富田町長選挙,和歌山県,https://seijiyama.jp/area/card/3624/fGGn4K/M?S=lcqdt0lbris0k,1,2,任期満了,"12,919",61.82%,60.74%,3587,田中 健司,60,男,無所属,新,無職、元県職員,False
2022-01-30,2022-01-25,神川町長選挙,埼玉県,https://seijiyama.jp/area/card/3624/KG0JkJ/M?S=lcqdt0lbril0k,1,3,任期満了,"11,026",57.06%,59.56%,2342,桜沢 晃,65,男,無所属,新,無職、元町議,True
2022-01-30,2022-01-25,神川町長選挙,埼玉県,https://seijiyama.jp/area/card/3624/KG0JkJ/M?S=lcqdt0lbril0k,1,3,任期満了,"11,026",57.06%,59.56%,2044,広川 学,54,男,無所属,新,家庭教師、元町議,False
2022-01-30,2022-01-25,神川町長選挙,埼玉県,https://seijiyama.jp/area/card/3624/KG0JkJ/M?S=lcqdt0lbril0k,1,3,任期満了,"11,026",57.06%,59.56%,1836,田村 敏則,59,男,無所属,新,無職、元副町長,False
2022-01-30,2022-01-23,東広島市長選挙,広島県,https://seijiyama.jp/area/card/3624/5hia6a/M?S=lcqdt0lbrho0k,1,2,任期満了,"149,494",25.52%,35.86%,31822,高垣 広徳,68,男,無所属（自民、立憲、公明推薦）,現,東広島市長,True
2022-01-30,2022-01-23,東広島市長選挙,広島県,https://seijiyama.jp/area/card/3624/5hia6a/M?S=lcqdt0lbrho0k,1,2,任期満了,"149,494",25.52%,35.86%,5606,大山 宏,73,男,無所属,新,サイエンス作家,False
2022-01-30,2022-01-23,岸和田市長選挙,大阪府,https://seijiyama.jp/area/card/3624/FhO5Kh/M?S=lcqdt0lbrhn0k,1,3,任期満了,"157,832",28.27%,31.43%,23333,永野 耕平,43,男,大阪維新の会,現,岸和田市長,True
2022-01-30,2022-01-23,岸和田市長選挙,大阪府,https://seijiyama.jp/area/card/3624/FhO5Kh/M?S=lcqdt0lbrhn0k,1,3,任期満了,"157,832",28.27%,31.43%,16083,山田 英子,73,女,無所属（共産推薦）,新,無し、元教員,False
2022-01-30,2022-01-23,岸和田市長選挙,大阪府,https://seijiyama.jp/area/card/3624/FhO5Kh/M?S=lcqdt0lbrhn0k,1,3,任期満了,"157,832",28.27%,31.43%,3815,野口 徹,72,男,無所属,新,会社経営,False
2022-01-30,2022-01-25,山ノ内町議会議員補欠選挙,長野県,https://seijiyama.jp/area/card/3624/1fqKAE/M?S=lcqdt0lckjt0k,3,2,当選人不足、死去、辞職,"10,274",,,,湯本 るり子,73,女,共産,新,農業,True
2022-01-30,2022-01-25,山ノ内町議会議員補欠選挙,長野県,https://seijiyama.jp/area/card/3624/1fqKAE/M?S=lcqdt0lckjt0k,3,2,当選人不足、死去、辞職,"10,274",,,,塚田 一男,71,男,無所属,新,会社員,True
2022-01-30,2022-01-25,立山町長選挙,富山県,https://seijiyama.jp/area/card/3624/1ez-h7/M?S=lcqdt0lbsan0k,1,1,任期満了,"21,497",,,,舟橋 貴之,56,男,無所属（自民、公明推薦）,現,立山町長,True
2022-01-30,2022-01-25,有田川町議会議員選挙,和歌山県,https://seijiyama.jp/area/card/3624/cC6I6b/M?S=lcqdt0lbrir0k,16,15,任期満了,"21,842",,66.32%,,西 弘義,68,男,無所属,元,水道設備業,True
2022-01-30,2022-01-25,有田川町議会議員選挙,和歌山県,https://seijiyama.jp/area/card/3624/cC6I6b/M?S=lcqdt0lbrir0k,16,15,任期満了,"21,842",,66.32%,,椿原 竜二,32,男,無所属,現,自営業,True
2022-01-30,2022-01-25,有田川町議会議員選挙,和歌山県,https://seijiyama.jp/area/card/3624/cC6I6b/M?S=lcqdt0lbrir0k,16,15,任期満了,"21,842",,66.32%,,森谷 信哉,49,男,無所属,現,飲食業,True
2022-01-30,2022-01-25,有田川町議会議員選挙,和歌山県,https://seijiyama.jp/area/card/3624/cC6I6b/M?S=lcqdt0lbrir0k,16,15,任期満了,"21,842",,66.32%,,濃添 勇作,43,男,無所属,新,廃棄物処理業,True
2022-01-30,2022-01-25,有田川町議会議員選挙,和歌山県,https://seijiyama.jp/area/card/3624/cC6I6b/M?S=lcqdt0lbrir0k,16,15,任期満了,"21,842",,66.32%,,殿井 尭,77,男,無所属,現,無職,True
2022-01-30,2022-01-25,有田川町議会議員選挙,和歌山県,https://seijiyama.jp/area/card/3624/cC6I6b/M?S=lcqdt0lbrir0k,16,15,任期満了,"21,842",,66.32%,,増谷 憲,65,男,共産,現,政党役員,True
2022-01-30,2022-01-25,有田川町議会議員選挙,和歌山県,https://seijiyama.jp/area/card/3624/cC6I6b/M?S=lcqdt0lbrir0k,16,15,任期満了,"21,842",,66.32%,,堀江 真智子,61,女,共産,現,無職,True
2022-01-30,2022-01-25,有田川町議会議員選挙,和歌山県,https://seijiyama.jp/area/card/3624/cC6I6b/M?S=lcqdt0lbrir0k,16,15,任期満了,"21,842",,66.32%,,谷畑 進,61,男,無所属,現,農業,True
2022-01-30,2022-01-25,有田川町議会議員選挙,和歌山県,https://seijiyama.jp/area/card/3624/cC6I6b/M?S=lcqdt0lbrir0k,16,15,任期満了,"21,842",,66.32%,,栗山 昌之,65,男,無所属,新,農業,True
2022-01-30,2022-01-25,有田川町議会議員選挙,和歌山県,https://seijiyama.jp/area/card/3624/cC6I6b/M?S=lcqdt0lbrir0k,16,15,任期満了,"21,842",,66.32%,,片畑 進之,79,男,無所属,現,飲食店業,True
2022-01-30,2022-01-25,有田川町議会議員選挙,和歌山県,https://seijiyama.jp/area/card/3624/cC6I6b/M?S=lcqdt0lbrir0k,16,15,任期満了,"21,842",,66.32%,,岡 省吾,48,男,無所属,現,自動車鈑金工,True
2022-01-30,2022-01-25,有田川町議会議員選挙,和歌山県,https://seijiyama.jp/area/card/3624/cC6I6b/M?S=lcqdt0lbrir0k,16,15,任期満了,"21,842",,66.32%,,林 宣男,78,男,無所属,現,無職,True
2022-01-30,2022-01-25,有田川町議会議員選挙,和歌山県,https://seijiyama.jp/area/card/3624/cC6I6b/M?S=lcqdt0lbrir0k,16,15,任期満了,"21,842",,66.32%,,星田 仁志,70,男,無所属,現,無職,True
2022-01-30,2022-01-25,有田川町議会議員選挙,和歌山県,https://seijiyama.jp/area/card/3624/cC6I6b/M?S=lcqdt0lbrir0k,16,15,任期満了,"21,842",,66.32%,,中島 詳裕,67,男,無所属,現,有田川町議会議員,True
2022-01-30,2022-01-25,有田川町議会議員選挙,和歌山県,https://seijiyama.jp/area/card/3624/cC6I6b/M?S=lcqdt0lbrir0k,16,15,任期満了,"21,842",,66.32%,,本下 雅敏,67,男,無所属,新,電気工事業,True
2022-01-30,2022-01-25,有田川町長選挙,和歌山県,https://seijiyama.jp/area/card/3624/2fNCIF/M?S=lcqdt0lbriq0k,1,1,任期満了,"21,842",,,,中山 正隆,77,男,無所属,現,農業、有田川町長,True
2022-01-30,2022-01-23,貝塚市議会議員補欠選挙,大阪府,https://seijiyama.jp/area/card/3624/BefbIb/M?S=lcqdt0lcsbq0k,1,1,自動失職,"70,083",,46.29%,,樽谷 庄道,52,男,大阪維新の会,新,（株）樽庄代表取締役,True
2022-01-30,2022-01-23,喜多方市議会議員補欠選挙,福島県,https://seijiyama.jp/area/card/3624/62MgE4/M?S=lcqdt0lcrjp0k,2,2,死去,"39,427",,63.61%,,関本 美樹子,72,女,無所属,元,無職、元市議,True
2022-01-30,2022-01-23,喜多方市議会議員補欠選挙,福島県,https://seijiyama.jp/area/card/3624/62MgE4/M?S=lcqdt0lcrjp0k,2,2,死去,"39,427",,63.61%,,遠藤 吉正,63,男,無所属,元,社会福祉法人役員、元市議,True
2022-01-30,2022-01-23,松浦市長選挙,長崎県,https://seijiyama.jp/area/card/3624/Dda425/M?S=lcqdt0lbrjo0k,1,1,任期満了,"18,401",,,,友田 吉泰,57,男,無所属,現,松浦市長,True
2022-01-30,2022-01-23,三豊市長選挙,香川県,https://seijiyama.jp/area/card/3624/Hfyzjd/M?S=lcqdt0lbrcs0k,1,1,任期満了,"53,776",,44.66%,,山下 昭史,55,男,無所属,前,無職、前三豊市長,True
2022-01-23,2022-01-16,津市議会議員選挙,三重県,https://seijiyama.jp/area/card/3624/B08ZG2/M?S=lcqdt0lbrim0k,34,43,任期満了,"224,804",43.23%,46.42%,3458,吉田 博康,42,男,無所属,現,パナソニック株式会社社員,True
2022-01-23,2022-01-16,津市議会議員選挙,三重県,https://seijiyama.jp/area/card/3624/B08ZG2/M?S=lcqdt0lbrim0k,34,43,任期満了,"224,804",43.23%,46.42%,3416.6,藤田 定彦,54,男,無所属,新,無職,True
2022-01-23,2022-01-16,津市議会議員選挙,三重県,https://seijiyama.jp/area/card/3624/B08ZG2/M?S=lcqdt0lbrim0k,34,43,任期満了,"224,804",43.23%,46.42%,3351,田矢 修介,50,男,無所属,現,無職,True
2022-01-23,2022-01-16,津市議会議員選挙,三重県,https://seijiyama.jp/area/card/3624/B08ZG2/M?S=lcqdt0lbrim0k,34,43,任期満了,"224,804",43.23%,46.42%,3282,石川 禎紀,50,男,無所属,新,有限会社イシカワ代表取締役,True
2022-01-23,2022-01-16,津市議会議員選挙,三重県,https://seijiyama.jp/area/card/3624/B08ZG2/M?S=lcqdt0lbrim0k,34,43,任期満了,"224,804",43.23%,46.42%,3218,村主 英明,62,男,無所属,現,津市議会議員,True
2022-01-23,2022-01-16,津市議会議員選挙,三重県,https://seijiyama.jp/area/card/3624/B08ZG2/M?S=lcqdt0lbrim0k,34,43,任期満了,"224,804",43.23%,46.42%,3214,龍神 啓介,34,男,自民,現,津市議会議員,True
2022-01-23,2022-01-16,津市議会議員選挙,三重県,https://seijiyama.jp/area/card/3624/B08ZG2/M?S=lcqdt0lbrim0k,34,43,任期満了,"224,804",43.23%,46.42%,3103,中野 裕子,26,女,共産,新,政党職員,True
2022-01-23,2022-01-16,津市議会議員選挙,三重県,https://seijiyama.jp/area/card/3624/B08ZG2/M?S=lcqdt0lbrim0k,34,43,任期満了,"224,804",43.23%,46.42%,3034,青山 昇武,53,男,公明,現,市議会議員,True
2022-01-23,2022-01-16,津市議会議員選挙,三重県,https://seijiyama.jp/area/card/3624/B08ZG2/M?S=lcqdt0lbrim0k,34,43,任期満了,"224,804",43.23%,46.42%,3017,安積 むつみ,59,女,公明,現,無職,True
2022-01-23,2022-01-16,津市議会議員選挙,三重県,https://seijiyama.jp/area/card/3624/B08ZG2/M?S=lcqdt0lbrim0k,34,43,任期満了,"224,804",43.23%,46.42%,2894.417,小島 晴美,54,女,公明,新,無職,True
2022-01-23,2022-01-16,津市議会議員選挙,三重県,https://seijiyama.jp/area/card/3624/B08ZG2/M?S=lcqdt0lbrim0k,34,43,任期満了,"224,804",43.23%,46.42%,2801,堀口 順也,53,男,公明,現,市議会議員,True
2022-01-23,2022-01-16,津市議会議員選挙,三重県,https://seijiyama.jp/area/card/3624/B08ZG2/M?S=lcqdt0lbrim0k,34,43,任期満了,"224,804",43.23%,46.42%,2706,山路 小百合,52,女,無所属,現,津市議会議員,True
2022-01-23,2022-01-16,津市議会議員選挙,三重県,https://seijiyama.jp/area/card/3624/B08ZG2/M?S=lcqdt0lbrim0k,34,43,任期満了,"224,804",43.23%,46.42%,2603,中田 耕平,35,男,無所属,新,理学療法士,True
2022-01-23,2022-01-16,津市議会議員選挙,三重県,https://seijiyama.jp/area/card/3624/B08ZG2/M?S=lcqdt0lbrim0k,34,43,任期満了,"224,804",43.23%,46.42%,2589,小野 欽市,67,男,自民,現,仏壇仏具製造販売業,True
2022-01-23,2022-01-16,津市議会議員選挙,三重県,https://seijiyama.jp/area/card/3624/B08ZG2/M?S=lcqdt0lbrim0k,34,43,任期満了,"224,804",43.23%,46.42%,2586,保田 勝平,32,男,無所属,新,無職,True
2022-01-23,2022-01-16,津市議会議員選挙,三重県,https://seijiyama.jp/area/card/3624/B08ZG2/M?S=lcqdt0lbrim0k,34,43,任期満了,"224,804",43.23%,46.42%,2485,吉川 一正,42,男,無所属,新,会社役員,True
2022-01-23,2022-01-16,津市議会議員選挙,三重県,https://seijiyama.jp/area/card/3624/B08ZG2/M?S=lcqdt0lbrim0k,34,43,任期満了,"224,804",43.23%,46.42%,2483.469,伊藤 哲也,53,男,無所属,新,無職,True
2022-01-23,2022-01-16,津市議会議員選挙,三重県,https://seijiyama.jp/area/card/3624/B08ZG2/M?S=lcqdt0lbrim0k,34,43,任期満了,"224,804",43.23%,46.42%,2447,岡村 武,71,男,自民,現,無職,True
2022-01-23,2022-01-16,津市議会議員選挙,三重県,https://seijiyama.jp/area/card/3624/B08ZG2/M?S=lcqdt0lbrim0k,34,43,任期満了,"224,804",43.23%,46.42%,2344.638,佐藤 有毅,54,男,無所属,現,無職,True
2022-01-23,2022-01-16,津市議会議員選挙,三重県,https://seijiyama.jp/area/card/3624/B08ZG2/M?S=lcqdt0lbrim0k,34,43,任期満了,"224,804",43.23%,46.42%,2305,渡辺 晃一,75,男,無所属,現,農業,True
2022-01-23,2022-01-16,津市議会議員選挙,三重県,https://seijiyama.jp/area/card/3624/B08ZG2/M?S=lcqdt0lbrim0k,34,43,任期満了,"224,804",43.23%,46.42%,2269.361,佐藤 知子,51,女,維新,新,無職,True
2022-01-23,2022-01-16,津市議会議員選挙,三重県,https://seijiyama.jp/area/card/3624/B08ZG2/M?S=lcqdt0lbrim0k,34,43,任期満了,"224,804",43.23%,46.42%,2267,坂井田 茂,68,男,無所属,現,津市議会議員,True
2022-01-23,2022-01-16,津市議会議員選挙,三重県,https://seijiyama.jp/area/card/3624/B08ZG2/M?S=lcqdt0lbrim0k,34,43,任期満了,"224,804",43.23%,46.42%,2231,福田 慶一,58,男,無所属,現,会社員,True
2022-01-23,2022-01-16,津市議会議員選挙,三重県,https://seijiyama.jp/area/card/3624/B08ZG2/M?S=lcqdt0lbrim0k,34,43,任期満了,"224,804",43.23%,46.42%,2213,川口 和雄,73,男,無所属,現,津市議会議員,True
2022-01-23,2022-01-16,津市議会議員選挙,三重県,https://seijiyama.jp/area/card/3624/B08ZG2/M?S=lcqdt0lbrim0k,34,43,任期満了,"224,804",43.23%,46.42%,2204,桂 三発,58,男,立憲,現,落語家,True
2022-01-23,2022-01-16,津市議会議員選挙,三重県,https://seijiyama.jp/area/card/3624/B08ZG2/M?S=lcqdt0lbrim0k,34,43,任期満了,"224,804",43.23%,46.42%,2186.582,柏木 はるみ,72,女,立憲,新,無償,True
2022-01-23,2022-01-16,津市議会議員選挙,三重県,https://seijiyama.jp/area/card/3624/B08ZG2/M?S=lcqdt0lbrim0k,34,43,任期満了,"224,804",43.23%,46.42%,2171.53,伊藤 康雄,67,男,無所属,現,会社員,True
2022-01-23,2022-01-16,津市議会議員選挙,三重県,https://seijiyama.jp/area/card/3624/B08ZG2/M?S=lcqdt0lbrim0k,34,43,任期満了,"224,804",43.23%,46.42%,2170.555,田中 千福,70,男,無所属,現,無職,True
2022-01-23,2022-01-16,津市議会議員選挙,三重県,https://seijiyama.jp/area/card/3624/B08ZG2/M?S=lcqdt0lbrim0k,34,43,任期満了,"224,804",43.23%,46.42%,2093,倉田 寛次,73,男,無所属,現,市会議員,True
2022-01-23,2022-01-16,津市議会議員選挙,三重県,https://seijiyama.jp/area/card/3624/B08ZG2/M?S=lcqdt0lbrim0k,34,43,任期満了,"224,804",43.23%,46.42%,2069,岩脇 圭一,43,男,立憲,現,会社役員,True
2022-01-23,2022-01-16,津市議会議員選挙,三重県,https://seijiyama.jp/area/card/3624/B08ZG2/M?S=lcqdt0lbrim0k,34,43,任期満了,"224,804",43.23%,46.42%,1903,八太 正年,79,男,自民,現,会社役員,True
2022-01-23,2022-01-16,津市議会議員選挙,三重県,https://seijiyama.jp/area/card/3624/B08ZG2/M?S=lcqdt0lbrim0k,34,43,任期満了,"224,804",43.23%,46.42%,1877,長谷川 植,62,男,幸福実現党,新,精肉業,True
2022-01-23,2022-01-16,津市議会議員選挙,三重県,https://seijiyama.jp/area/card/3624/B08ZG2/M?S=lcqdt0lbrim0k,34,43,任期満了,"224,804",43.23%,46.42%,1851.444,田中 勝博,64,男,無所属,現,建設業,True
2022-01-23,2022-01-16,津市議会議員選挙,三重県,https://seijiyama.jp/area/card/3624/B08ZG2/M?S=lcqdt0lbrim0k,34,43,任期満了,"224,804",43.23%,46.42%,1828,辻 美津子,76,女,無所属,現,無職,True
2022-01-23,2022-01-16,津市議会議員選挙,三重県,https://seijiyama.jp/area/card/3624/B08ZG2/M?S=lcqdt0lbrim0k,34,43,任期満了,"224,804",43.23%,46.42%,1679,竹下 幸智子,67,女,共産,現,津市議会議員,False
2022-01-23,2022-01-16,津市議会議員選挙,三重県,https://seijiyama.jp/area/card/3624/B08ZG2/M?S=lcqdt0lbrim0k,34,43,任期満了,"224,804",43.23%,46.42%,1633,堀川 勉良,66,男,無所属,新,会社役員,False
2022-01-23,2022-01-16,津市議会議員選挙,三重県,https://seijiyama.jp/area/card/3624/B08ZG2/M?S=lcqdt0lbrim0k,34,43,任期満了,"224,804",43.23%,46.42%,1549,滝 勝弘,50,男,共産,現,政党役員,False
2022-01-23,2022-01-16,津市議会議員選挙,三重県,https://seijiyama.jp/area/card/3624/B08ZG2/M?S=lcqdt0lbrim0k,34,43,任期満了,"224,804",43.23%,46.42%,1182,山本 浩司,36,男,無所属,新,行政書士,False
2022-01-23,2022-01-16,津市議会議員選挙,三重県,https://seijiyama.jp/area/card/3624/B08ZG2/M?S=lcqdt0lbrim0k,34,43,任期満了,"224,804",43.23%,46.42%,1078.399,藤田 義晃,47,男,無所属,新,自営業,False
2022-01-23,2022-01-16,津市議会議員選挙,三重県,https://seijiyama.jp/area/card/3624/B08ZG2/M?S=lcqdt0lbrim0k,34,43,任期満了,"224,804",43.23%,46.42%,940,山崎 正行,77,男,無所属,元,会社員,False
2022-01-23,2022-01-16,津市議会議員選挙,三重県,https://seijiyama.jp/area/card/3624/B08ZG2/M?S=lcqdt0lbrim0k,34,43,任期満了,"224,804",43.23%,46.42%,563,青木 秀晃,54,男,無所属,新,会社員,False
2022-01-23,2022-01-16,津市議会議員選挙,三重県,https://seijiyama.jp/area/card/3624/B08ZG2/M?S=lcqdt0lbrim0k,34,43,任期満了,"224,804",43.23%,46.42%,457,萱間 修,65,男,無所属,新,林業,False
2022-01-23,2022-01-16,津市議会議員選挙,三重県,https://seijiyama.jp/area/card/3624/B08ZG2/M?S=lcqdt0lbrim0k,34,43,任期満了,"224,804",43.23%,46.42%,264,鎌田 直明,56,男,無所属,新,無職,False
2022-01-23,2022-01-18,草津町長選挙,群馬県,https://seijiyama.jp/area/card/3624/3Jvqa2/M?S=lcqdt0lbrgk0k,1,3,任期満了,"5,239",56.46%,55.86%,2484,黒岩 信忠,74,男,無所属,現,会社役員、草津町長,True
2022-01-23,2022-01-18,草津町長選挙,群馬県,https://seijiyama.jp/area/card/3624/3Jvqa2/M?S=lcqdt0lbrgk0k,1,3,任期満了,"5,239",56.46%,55.86%,141,新井 祥子,52,女,無所属,新,会社員、元町議,False
2022-01-23,2022-01-18,草津町長選挙,群馬県,https://seijiyama.jp/area/card/3624/3Jvqa2/M?S=lcqdt0lbrgk0k,1,3,任期満了,"5,239",56.46%,55.86%,132,海老根 篤,74,男,無所属,新,無職、元みどり市議,False
2022-01-23,2022-01-16,久留米市議会議員補欠選挙,福岡県,https://seijiyama.jp/area/card/3624/GktW6J/M?S=lcqdt0lcsbn0k,1,2,辞職,"246,987",34.55%,45.11%,53986,古賀 敏久,61,男,無所属,元,無職,True
2022-01-23,2022-01-16,久留米市議会議員補欠選挙,福岡県,https://seijiyama.jp/area/card/3624/GktW6J/M?S=lcqdt0lcsbn0k,1,2,辞職,"246,987",34.55%,45.11%,22047,立田 礼司,63,男,無所属,新,医療法人社外役員,False
2022-01-23,2022-01-16,深谷市議会議員補欠選挙,埼玉県,https://seijiyama.jp/area/card/3624/JCz6ei/M?S=lcqdt0lcsbl0k,1,3,辞職,"118,019",13.2%,46.74%,5977,小林 真,58,男,無所属,新,団体役員,True
2022-01-23,2022-01-16,深谷市議会議員補欠選挙,埼玉県,https://seijiyama.jp/area/card/3624/JCz6ei/M?S=lcqdt0lcsbl0k,1,3,辞職,"118,019",13.2%,46.74%,5195,岡 仁,52,男,無所属,新,会社員,False
2022-01-23,2022-01-16,深谷市議会議員補欠選挙,埼玉県,https://seijiyama.jp/area/card/3624/JCz6ei/M?S=lcqdt0lcsbl0k,1,3,辞職,"118,019",13.2%,46.74%,3392,塚越 清,68,男,無所属,新,不動産賃貸業,False
2022-01-23,2022-01-18,琴浦町議会議員選挙,鳥取県,https://seijiyama.jp/area/card/3624/bbUwdb/M?S=lcqdt0lbscs0k,16,18,任期満了,"14,066",67.07%,54.62%,988.054,小椋 憲浩,59,男,無所属,新,農業,True
2022-01-23,2022-01-18,琴浦町議会議員選挙,鳥取県,https://seijiyama.jp/area/card/3624/bbUwdb/M?S=lcqdt0lbscs0k,16,18,任期満了,"14,066",67.07%,54.62%,870,田中 肇,65,男,無所属,新,農業,True
2022-01-23,2022-01-18,琴浦町議会議員選挙,鳥取県,https://seijiyama.jp/area/card/3624/bbUwdb/M?S=lcqdt0lbscs0k,16,18,任期満了,"14,066",67.07%,54.62%,795,山本 秀正,68,男,無所属,新,無職,True
2022-01-23,2022-01-18,琴浦町議会議員選挙,鳥取県,https://seijiyama.jp/area/card/3624/bbUwdb/M?S=lcqdt0lbscs0k,16,18,任期満了,"14,066",67.07%,54.62%,758,金光 敦,38,男,無所属,新,自営業,True
2022-01-23,2022-01-18,琴浦町議会議員選挙,鳥取県,https://seijiyama.jp/area/card/3624/bbUwdb/M?S=lcqdt0lbscs0k,16,18,任期満了,"14,066",67.07%,54.62%,611.307,川本 正一郎,65,男,無所属,元,農業,True
2022-01-23,2022-01-18,琴浦町議会議員選挙,鳥取県,https://seijiyama.jp/area/card/3624/bbUwdb/M?S=lcqdt0lbscs0k,16,18,任期満了,"14,066",67.07%,54.62%,596,井木 裕,73,男,無所属,現,会社役員,True
2022-01-23,2022-01-18,琴浦町議会議員選挙,鳥取県,https://seijiyama.jp/area/card/3624/bbUwdb/M?S=lcqdt0lbscs0k,16,18,任期満了,"14,066",67.07%,54.62%,585,沢田 豊秋,73,男,無所属,現,農業,True
2022-01-23,2022-01-18,琴浦町議会議員選挙,鳥取県,https://seijiyama.jp/area/card/3624/bbUwdb/M?S=lcqdt0lbscs0k,16,18,任期満了,"14,066",67.07%,54.62%,524,谷田 順子,65,女,無所属,新,無職,True
2022-01-23,2022-01-18,琴浦町議会議員選挙,鳥取県,https://seijiyama.jp/area/card/3624/bbUwdb/M?S=lcqdt0lbscs0k,16,18,任期満了,"14,066",67.07%,54.62%,497.692,川本 善孝,66,男,共産,新,無職,True
2022-01-23,2022-01-18,琴浦町議会議員選挙,鳥取県,https://seijiyama.jp/area/card/3624/bbUwdb/M?S=lcqdt0lbscs0k,16,18,任期満了,"14,066",67.07%,54.62%,464.374,前田 智章,66,男,無所属,現,無職,True
2022-01-23,2022-01-18,琴浦町議会議員選挙,鳥取県,https://seijiyama.jp/area/card/3624/bbUwdb/M?S=lcqdt0lbscs0k,16,18,任期満了,"14,066",67.07%,54.62%,454.945,小椋 正和,72,男,無所属,現,農業,True
2022-01-23,2022-01-18,琴浦町議会議員選挙,鳥取県,https://seijiyama.jp/area/card/3624/bbUwdb/M?S=lcqdt0lbscs0k,16,18,任期満了,"14,066",67.07%,54.62%,439.232,桑本 賢治,74,男,無所属,現,団体職員,True
2022-01-23,2022-01-18,琴浦町議会議員選挙,鳥取県,https://seijiyama.jp/area/card/3624/bbUwdb/M?S=lcqdt0lbscs0k,16,18,任期満了,"14,066",67.07%,54.62%,375.766,桑本 始,70,男,無所属,現,会社役員,True
2022-01-23,2022-01-18,琴浦町議会議員選挙,鳥取県,https://seijiyama.jp/area/card/3624/bbUwdb/M?S=lcqdt0lbscs0k,16,18,任期満了,"14,066",67.07%,54.62%,372,手嶋 正巳,76,男,無所属,現,農業,True
2022-01-23,2022-01-18,琴浦町議会議員選挙,鳥取県,https://seijiyama.jp/area/card/3624/bbUwdb/M?S=lcqdt0lbscs0k,16,18,任期満了,"14,066",67.07%,54.62%,332,大平 高志,44,男,無所属,現,会社役員,True
2022-01-23,2022-01-18,琴浦町議会議員選挙,鳥取県,https://seijiyama.jp/area/card/3624/bbUwdb/M?S=lcqdt0lbscs0k,16,18,任期満了,"14,066",67.07%,54.62%,238,押本 昌幸,69,男,無所属,現,無職,True
2022-01-23,2022-01-18,琴浦町議会議員選挙,鳥取県,https://seijiyama.jp/area/card/3624/bbUwdb/M?S=lcqdt0lbscs0k,16,18,任期満了,"14,066",67.07%,54.62%,222,角勝 計介,62,男,無所属,現,農業,False
2022-01-23,2022-01-18,琴浦町議会議員選挙,鳥取県,https://seijiyama.jp/area/card/3624/bbUwdb/M?S=lcqdt0lbscs0k,16,18,任期満了,"14,066",67.07%,54.62%,172.624,前田 敬孝,59,男,無所属,現,無職,False
2022-01-23,2022-01-16,南城市長選挙,沖縄県,https://seijiyama.jp/area/card/3624/16TM2D/M?S=lcqdt0lbscm0k,1,2,任期満了,"35,509",69.12%,66.92%,13028,古謝 景春,66,男,無所属（自民、公明推薦）,元,沖縄県土地改良事業団体連合会会長,True
2022-01-23,2022-01-16,南城市長選挙,沖縄県,https://seijiyama.jp/area/card/3624/16TM2D/M?S=lcqdt0lbscm0k,1,2,任期満了,"35,509",69.12%,66.92%,11339,瑞慶覧 長敏,63,男,無所属（立憲、共産、れいわ、社民、沖縄社大、にぬふぁぶし推薦）,現,南城市長,False
2022-01-23,2022-01-16,名護市長選挙,沖縄県,https://seijiyama.jp/area/card/3624/2hKNHI/M?S=lcqdt0lbsal0k,1,2,任期満了,"49,959",68.32%,76.92%,19524,渡具知 武豊,60,男,無所属（自民、公明推薦）,現,名護市長,True
2022-01-23,2022-01-16,名護市長選挙,沖縄県,https://seijiyama.jp/area/card/3624/2hKNHI/M?S=lcqdt0lbsal0k,1,2,任期満了,"49,959",68.32%,76.92%,14439,岸本 洋平,49,男,無所属（立憲、共産、れいわ、社民、沖縄社大推薦）,新,名護市議会議員,False
2022-01-23,2022-01-18,紫波町長選挙,岩手県,https://seijiyama.jp/area/card/3624/h9OKj1/M?S=lcqdt0lbsak0k,1,2,任期満了,"27,961",55.04%,,9213,熊谷 泉,74,男,無所属,現,紫波町長,True
2022-01-23,2022-01-18,紫波町長選挙,岩手県,https://seijiyama.jp/area/card/3624/h9OKj1/M?S=lcqdt0lbsak0k,1,2,任期満了,"27,961",55.04%,,6097,田村 勝則,66,男,無所属,新,神職、元県議,False
2022-01-23,2022-01-16,延岡市長選挙,宮崎県,https://seijiyama.jp/area/card/3624/JiMVAk/M?S=lcqdt0lbrjt0k,1,2,任期満了,"100,444",55.98%,49.68%,31760,読谷山 洋司,57,男,無所属,現,延岡市長,True
2022-01-23,2022-01-16,延岡市長選挙,宮崎県,https://seijiyama.jp/area/card/3624/JiMVAk/M?S=lcqdt0lbrjt0k,1,2,任期満了,"100,444",55.98%,49.68%,24088,内田 理佐,47,女,無所属,新,無職、元宮崎県議,False
2022-01-23,2022-01-16,宮崎市長選挙,宮崎県,https://seijiyama.jp/area/card/3624/Dc3aHa/M?S=lcqdt0lbrjs0k,1,4,任期満了,"330,452",38.76%,42.21%,56943,清山 知憲,40,男,無所属,新,医師、元宮崎県議,True
2022-01-23,2022-01-16,宮崎市長選挙,宮崎県,https://seijiyama.jp/area/card/3624/Dc3aHa/M?S=lcqdt0lbrjs0k,1,4,任期満了,"330,452",38.76%,42.21%,42929,戸敷 正,69,男,無所属,現,宮崎市長,False
2022-01-23,2022-01-16,宮崎市長選挙,宮崎県,https://seijiyama.jp/area/card/3624/Dc3aHa/M?S=lcqdt0lbrjs0k,1,4,任期満了,"330,452",38.76%,42.21%,26302,斉藤 了介,55,男,無所属,新,無職、元市議,False
2022-01-23,2022-01-16,宮崎市長選挙,宮崎県,https://seijiyama.jp/area/card/3624/Dc3aHa/M?S=lcqdt0lbrjs0k,1,4,任期満了,"330,452",38.76%,42.21%,1359,大村 嘉一郎,70,男,無所属,新,アパート経営、元市議,False
2022-01-23,2022-01-16,鹿屋市長選挙,鹿児島県,https://seijiyama.jp/area/card/3624/cD_886/M?S=lcqdt0lbrjr0k,1,2,任期満了,"81,894",35.4%,,18411,中西 茂,68,男,無所属,現,鹿屋市長,True
2022-01-23,2022-01-16,鹿屋市長選挙,鹿児島県,https://seijiyama.jp/area/card/3624/cD_886/M?S=lcqdt0lbrjr0k,1,2,任期満了,"81,894",35.4%,,10169,本田 仁,73,男,無所属,新,農業,False
2022-01-23,2022-01-16,都城市議会議員選挙,宮崎県,https://seijiyama.jp/area/card/3624/DCUP77/M?S=lcqdt0lbrjq0k,29,32,任期満了,"133,218",39.12%,43.46%,2808,成合 円美佳,29,女,無所属,新,無職,True
2022-01-23,2022-01-16,都城市議会議員選挙,宮崎県,https://seijiyama.jp/area/card/3624/DCUP77/M?S=lcqdt0lbrjq0k,29,32,任期満了,"133,218",39.12%,43.46%,2758,江内谷 満義,72,男,無所属,現,都城市議会議員,True
2022-01-23,2022-01-16,都城市議会議員選挙,宮崎県,https://seijiyama.jp/area/card/3624/DCUP77/M?S=lcqdt0lbrjq0k,29,32,任期満了,"133,218",39.12%,43.46%,2753,川内 賢幸,40,男,無所属,現,都城市議会議員,True
2022-01-23,2022-01-16,都城市議会議員選挙,宮崎県,https://seijiyama.jp/area/card/3624/DCUP77/M?S=lcqdt0lbrjq0k,29,32,任期満了,"133,218",39.12%,43.46%,2378,荒神 稔,67,男,無所属,現,都城市議会議員,True
2022-01-23,2022-01-16,都城市議会議員選挙,宮崎県,https://seijiyama.jp/area/card/3624/DCUP77/M?S=lcqdt0lbrjq0k,29,32,任期満了,"133,218",39.12%,43.46%,2165.431,山内 一徳,42,男,自民,現,主夫,True
2022-01-23,2022-01-16,都城市議会議員選挙,宮崎県,https://seijiyama.jp/area/card/3624/DCUP77/M?S=lcqdt0lbrjq0k,29,32,任期満了,"133,218",39.12%,43.46%,1821,神脇 清照,74,男,無所属,現,自営業,True
2022-01-23,2022-01-16,都城市議会議員選挙,宮崎県,https://seijiyama.jp/area/card/3624/DCUP77/M?S=lcqdt0lbrjq0k,29,32,任期満了,"133,218",39.12%,43.46%,1815,音堅 良一,62,男,公明,現,都城市議会議員,True
2022-01-23,2022-01-16,都城市議会議員選挙,宮崎県,https://seijiyama.jp/area/card/3624/DCUP77/M?S=lcqdt0lbrjq0k,29,32,任期満了,"133,218",39.12%,43.46%,1744,徳留 八郎,81,男,自民,現,都城市議会議員,True
2022-01-23,2022-01-16,都城市議会議員選挙,宮崎県,https://seijiyama.jp/area/card/3624/DCUP77/M?S=lcqdt0lbrjq0k,29,32,任期満了,"133,218",39.12%,43.46%,1716,岩元 弘樹,39,男,無所属,現,無職,True
2022-01-23,2022-01-16,都城市議会議員選挙,宮崎県,https://seijiyama.jp/area/card/3624/DCUP77/M?S=lcqdt0lbrjq0k,29,32,任期満了,"133,218",39.12%,43.46%,1706,筒井 紀夫,72,男,立憲,現,都城市議会議員,True
2022-01-23,2022-01-16,都城市議会議員選挙,宮崎県,https://seijiyama.jp/area/card/3624/DCUP77/M?S=lcqdt0lbrjq0k,29,32,任期満了,"133,218",39.12%,43.46%,1696,中村 千佐江,45,女,無所属,現,都城市議会議員,True
2022-01-23,2022-01-16,都城市議会議員選挙,宮崎県,https://seijiyama.jp/area/card/3624/DCUP77/M?S=lcqdt0lbrjq0k,29,32,任期満了,"133,218",39.12%,43.46%,1695,広瀬 功三,65,男,無所属,現,都城市議会議員,True
2022-01-23,2022-01-16,都城市議会議員選挙,宮崎県,https://seijiyama.jp/area/card/3624/DCUP77/M?S=lcqdt0lbrjq0k,29,32,任期満了,"133,218",39.12%,43.46%,1667,佐藤 紀子,64,女,公明,現,都城市議会議員,True
2022-01-23,2022-01-16,都城市議会議員選挙,宮崎県,https://seijiyama.jp/area/card/3624/DCUP77/M?S=lcqdt0lbrjq0k,29,32,任期満了,"133,218",39.12%,43.46%,1631,坂元 唱子,50,女,公明,新,無職,True
2022-01-23,2022-01-16,都城市議会議員選挙,宮崎県,https://seijiyama.jp/area/card/3624/DCUP77/M?S=lcqdt0lbrjq0k,29,32,任期満了,"133,218",39.12%,43.46%,1608,羽田野 徳寿,60,男,立憲,新,無職,True
2022-01-23,2022-01-16,都城市議会議員選挙,宮崎県,https://seijiyama.jp/area/card/3624/DCUP77/M?S=lcqdt0lbrjq0k,29,32,任期満了,"133,218",39.12%,43.46%,1567,黒木 優一,62,男,無所属,現,自営業,True
2022-01-23,2022-01-16,都城市議会議員選挙,宮崎県,https://seijiyama.jp/area/card/3624/DCUP77/M?S=lcqdt0lbrjq0k,29,32,任期満了,"133,218",39.12%,43.46%,1557,小玉 忠宏,72,男,自民,現,都城市議会議員,True
2022-01-23,2022-01-16,都城市議会議員選挙,宮崎県,https://seijiyama.jp/area/card/3624/DCUP77/M?S=lcqdt0lbrjq0k,29,32,任期満了,"133,218",39.12%,43.46%,1546,迫間 輝昭,73,男,無所属,現,畜産業,True
2022-01-23,2022-01-16,都城市議会議員選挙,宮崎県,https://seijiyama.jp/area/card/3624/DCUP77/M?S=lcqdt0lbrjq0k,29,32,任期満了,"133,218",39.12%,43.46%,1542,長友 潤治,60,男,無所属,現,会社取締役,True
2022-01-23,2022-01-16,都城市議会議員選挙,宮崎県,https://seijiyama.jp/area/card/3624/DCUP77/M?S=lcqdt0lbrjq0k,29,32,任期満了,"133,218",39.12%,43.46%,1536,畑中 ゆう子,59,女,共産,現,都城市議会議員,True
2022-01-23,2022-01-16,都城市議会議員選挙,宮崎県,https://seijiyama.jp/area/card/3624/DCUP77/M?S=lcqdt0lbrjq0k,29,32,任期満了,"133,218",39.12%,43.46%,1507,綿屋 善明,42,男,公明,新,無職,True
2022-01-23,2022-01-16,都城市議会議員選挙,宮崎県,https://seijiyama.jp/area/card/3624/DCUP77/M?S=lcqdt0lbrjq0k,29,32,任期満了,"133,218",39.12%,43.46%,1405,森 利恵,64,女,共産,現,都城市議会議員,True
2022-01-23,2022-01-16,都城市議会議員選挙,宮崎県,https://seijiyama.jp/area/card/3624/DCUP77/M?S=lcqdt0lbrjq0k,29,32,任期満了,"133,218",39.12%,43.46%,1377,赤塚 隆志,59,男,無所属,現,都城市議会議員,True
2022-01-23,2022-01-16,都城市議会議員選挙,宮崎県,https://seijiyama.jp/area/card/3624/DCUP77/M?S=lcqdt0lbrjq0k,29,32,任期満了,"133,218",39.12%,43.46%,1357,榎木 智幸,65,男,自民,現,会社員,True
2022-01-23,2022-01-16,都城市議会議員選挙,宮崎県,https://seijiyama.jp/area/card/3624/DCUP77/M?S=lcqdt0lbrjq0k,29,32,任期満了,"133,218",39.12%,43.46%,1304,杉村 義秀,72,男,自民,現,都城市議会議員,True
2022-01-23,2022-01-16,都城市議会議員選挙,宮崎県,https://seijiyama.jp/area/card/3624/DCUP77/M?S=lcqdt0lbrjq0k,29,32,任期満了,"133,218",39.12%,43.46%,1172,別府 英樹,66,男,無所属,現,都城市議会議員,True
2022-01-23,2022-01-16,都城市議会議員選挙,宮崎県,https://seijiyama.jp/area/card/3624/DCUP77/M?S=lcqdt0lbrjq0k,29,32,任期満了,"133,218",39.12%,43.46%,1091,中田 悟,59,男,無所属,現,都城市議会議員,True
2022-01-23,2022-01-16,都城市議会議員選挙,宮崎県,https://seijiyama.jp/area/card/3624/DCUP77/M?S=lcqdt0lbrjq0k,29,32,任期満了,"133,218",39.12%,43.46%,1026,楠見 千穂子,63,女,無所属,新,無職,True
2022-01-23,2022-01-16,都城市議会議員選挙,宮崎県,https://seijiyama.jp/area/card/3624/DCUP77/M?S=lcqdt0lbrjq0k,29,32,任期満了,"133,218",39.12%,43.46%,991.567,山内 和憲,71,男,共産,新,無職,True
2022-01-23,2022-01-16,都城市議会議員選挙,宮崎県,https://seijiyama.jp/area/card/3624/DCUP77/M?S=lcqdt0lbrjq0k,29,32,任期満了,"133,218",39.12%,43.46%,990,大野 昌洋,59,男,無所属,新,無職,False
2022-01-23,2022-01-16,都城市議会議員選挙,宮崎県,https://seijiyama.jp/area/card/3624/DCUP77/M?S=lcqdt0lbrjq0k,29,32,任期満了,"133,218",39.12%,43.46%,938,上柳 隆己,51,男,無所属,新,無職,False
2022-01-23,2022-01-16,都城市議会議員選挙,宮崎県,https://seijiyama.jp/area/card/3624/DCUP77/M?S=lcqdt0lbrjq0k,29,32,任期満了,"133,218",39.12%,43.46%,835,肥後 大輔,41,男,無所属,新,NPO法人職員,False
2022-01-23,2022-01-16,嬉野市議会議員選挙,佐賀県,https://seijiyama.jp/area/card/3624/71aT7a/M?S=lcqdt0lbrjn0k,16,17,任期満了,"21,218",66.88%,70.51%,1328,諸井 義人,64,男,無所属,現,農業,True
2022-01-23,2022-01-16,嬉野市議会議員選挙,佐賀県,https://seijiyama.jp/area/card/3624/71aT7a/M?S=lcqdt0lbrjn0k,16,17,任期満了,"21,218",66.88%,70.51%,1004,宮崎 良平,48,男,無所属,現,市議会議員,True
2022-01-23,2022-01-16,嬉野市議会議員選挙,佐賀県,https://seijiyama.jp/area/card/3624/71aT7a/M?S=lcqdt0lbrjn0k,16,17,任期満了,"21,218",66.88%,70.51%,983,諸上 栄大,49,男,無所属,現,市議会議員,True
2022-01-23,2022-01-16,嬉野市議会議員選挙,佐賀県,https://seijiyama.jp/area/card/3624/71aT7a/M?S=lcqdt0lbrjn0k,16,17,任期満了,"21,218",66.88%,70.51%,962,水山 洋輔,37,男,無所属,新,自営業,True
2022-01-23,2022-01-16,嬉野市議会議員選挙,佐賀県,https://seijiyama.jp/area/card/3624/71aT7a/M?S=lcqdt0lbrjn0k,16,17,任期満了,"21,218",66.88%,70.51%,914,梶原 睦也,63,男,公明,現,市議会議員,True
2022-01-23,2022-01-16,嬉野市議会議員選挙,佐賀県,https://seijiyama.jp/area/card/3624/71aT7a/M?S=lcqdt0lbrjn0k,16,17,任期満了,"21,218",66.88%,70.51%,903,田中 政司,62,男,無所属,現,農業,True
2022-01-23,2022-01-16,嬉野市議会議員選挙,佐賀県,https://seijiyama.jp/area/card/3624/71aT7a/M?S=lcqdt0lbrjn0k,16,17,任期満了,"21,218",66.88%,70.51%,825.581,山口 卓也,36,男,無所属,現,市議会議員,True
2022-01-23,2022-01-16,嬉野市議会議員選挙,佐賀県,https://seijiyama.jp/area/card/3624/71aT7a/M?S=lcqdt0lbrjn0k,16,17,任期満了,"21,218",66.88%,70.51%,824,芦塚 典子,72,女,無所属,現,塾経営,True
2022-01-23,2022-01-16,嬉野市議会議員選挙,佐賀県,https://seijiyama.jp/area/card/3624/71aT7a/M?S=lcqdt0lbrjn0k,16,17,任期満了,"21,218",66.88%,70.51%,794,川内 聖二,57,男,無所属,現,市議会議員,True
2022-01-23,2022-01-16,嬉野市議会議員選挙,佐賀県,https://seijiyama.jp/area/card/3624/71aT7a/M?S=lcqdt0lbrjn0k,16,17,任期満了,"21,218",66.88%,70.51%,788,大串 友則,42,男,無所属,新,団体職員,True
2022-01-23,2022-01-16,嬉野市議会議員選挙,佐賀県,https://seijiyama.jp/area/card/3624/71aT7a/M?S=lcqdt0lbrjn0k,16,17,任期満了,"21,218",66.88%,70.51%,783,森田 明彦,68,男,無所属,現,市議会議員,True
2022-01-23,2022-01-16,嬉野市議会議員選挙,佐賀県,https://seijiyama.jp/area/card/3624/71aT7a/M?S=lcqdt0lbrjn0k,16,17,任期満了,"21,218",66.88%,70.51%,775,辻 浩一,61,男,無所属,現,農業,True
2022-01-23,2022-01-16,嬉野市議会議員選挙,佐賀県,https://seijiyama.jp/area/card/3624/71aT7a/M?S=lcqdt0lbrjn0k,16,17,任期満了,"21,218",66.88%,70.51%,727,古川 英子,64,女,無所属,新,無職,True
2022-01-23,2022-01-16,嬉野市議会議員選挙,佐賀県,https://seijiyama.jp/area/card/3624/71aT7a/M?S=lcqdt0lbrjn0k,16,17,任期満了,"21,218",66.88%,70.51%,717,増田 朝子,63,女,無所属,現,市議会議員,True
2022-01-23,2022-01-16,嬉野市議会議員選挙,佐賀県,https://seijiyama.jp/area/card/3624/71aT7a/M?S=lcqdt0lbrjn0k,16,17,任期満了,"21,218",66.88%,70.51%,708,阿部 愛子,71,女,共産,新,無職,True
2022-01-23,2022-01-16,嬉野市議会議員選挙,佐賀県,https://seijiyama.jp/area/card/3624/71aT7a/M?S=lcqdt0lbrjn0k,16,17,任期満了,"21,218",66.88%,70.51%,593.418,山口 虎太郎,69,男,無所属,現,農業,True
2022-01-23,2022-01-16,嬉野市議会議員選挙,佐賀県,https://seijiyama.jp/area/card/3624/71aT7a/M?S=lcqdt0lbrjn0k,16,17,任期満了,"21,218",66.88%,70.51%,318,中村 幾久子,73,女,無所属,新,薬剤師,False
2022-01-23,2022-01-16,嬉野市長選挙,佐賀県,https://seijiyama.jp/area/card/3624/kCJv0g/M?S=lcqdt0lbrjm0k,1,3,任期満了,"21,218",66.88%,70.52%,7526,村上 大祐,39,男,無所属,現,嬉野市長,True
2022-01-23,2022-01-16,嬉野市長選挙,佐賀県,https://seijiyama.jp/area/card/3624/kCJv0g/M?S=lcqdt0lbrjm0k,1,3,任期満了,"21,218",66.88%,70.52%,6007,藤山 勝済,71,男,無所属,新,会社代表取締役,False
2022-01-23,2022-01-16,嬉野市長選挙,佐賀県,https://seijiyama.jp/area/card/3624/kCJv0g/M?S=lcqdt0lbrjm0k,1,3,任期満了,"21,218",66.88%,70.52%,459,岸川 美好,73,男,無所属,新,音楽事務所代表,False
2022-01-23,2022-01-18,美里町議会議員選挙,宮城県,https://seijiyama.jp/area/card/3624/c6P-Hi/M?S=lcqdt0lbrhs0k,13,14,任期満了,"20,443",46.45%,54.29%,1190,赤坂 芳則,71,男,無所属,元,会社役員,True
2022-01-23,2022-01-18,美里町議会議員選挙,宮城県,https://seijiyama.jp/area/card/3624/c6P-Hi/M?S=lcqdt0lbrhs0k,13,14,任期満了,"20,443",46.45%,54.29%,1080,手島 牧世,53,女,無所属,現,スポーツインストラクター,True
2022-01-23,2022-01-18,美里町議会議員選挙,宮城県,https://seijiyama.jp/area/card/3624/c6P-Hi/M?S=lcqdt0lbrhs0k,13,14,任期満了,"20,443",46.45%,54.29%,792,佐野 善弘,64,男,無所属,現,農業,True
2022-01-23,2022-01-18,美里町議会議員選挙,宮城県,https://seijiyama.jp/area/card/3624/c6P-Hi/M?S=lcqdt0lbrhs0k,13,14,任期満了,"20,443",46.45%,54.29%,789,前原 吉宏,62,男,無所属,現,自営業,True
2022-01-23,2022-01-18,美里町議会議員選挙,宮城県,https://seijiyama.jp/area/card/3624/c6P-Hi/M?S=lcqdt0lbrhs0k,13,14,任期満了,"20,443",46.45%,54.29%,710.243,鈴木 恵悦,70,男,無所属,新,無職,True
2022-01-23,2022-01-18,美里町議会議員選挙,宮城県,https://seijiyama.jp/area/card/3624/c6P-Hi/M?S=lcqdt0lbrhs0k,13,14,任期満了,"20,443",46.45%,54.29%,684,吉田 二郎,73,男,無所属,現,商業,True
2022-01-23,2022-01-18,美里町議会議員選挙,宮城県,https://seijiyama.jp/area/card/3624/c6P-Hi/M?S=lcqdt0lbrhs0k,13,14,任期満了,"20,443",46.45%,54.29%,628.756,鈴木 宏通,60,男,無所属,現,農業,True
2022-01-23,2022-01-18,美里町議会議員選挙,宮城県,https://seijiyama.jp/area/card/3624/c6P-Hi/M?S=lcqdt0lbrhs0k,13,14,任期満了,"20,443",46.45%,54.29%,628,山岸 三男,72,男,無所属,現,自営業,True
2022-01-23,2022-01-18,美里町議会議員選挙,宮城県,https://seijiyama.jp/area/card/3624/c6P-Hi/M?S=lcqdt0lbrhs0k,13,14,任期満了,"20,443",46.45%,54.29%,618,平吹 俊雄,71,男,無所属,現,農業,True
2022-01-23,2022-01-18,美里町議会議員選挙,宮城県,https://seijiyama.jp/area/card/3624/c6P-Hi/M?S=lcqdt0lbrhs0k,13,14,任期満了,"20,443",46.45%,54.29%,590,柳田 政喜,54,男,無所属,現,農業,True
2022-01-23,2022-01-18,美里町議会議員選挙,宮城県,https://seijiyama.jp/area/card/3624/c6P-Hi/M?S=lcqdt0lbrhs0k,13,14,任期満了,"20,443",46.45%,54.29%,577,桜井 功紀,74,男,無所属,現,元会社員,True
2022-01-23,2022-01-18,美里町議会議員選挙,宮城県,https://seijiyama.jp/area/card/3624/c6P-Hi/M?S=lcqdt0lbrhs0k,13,14,任期満了,"20,443",46.45%,54.29%,515,藤田 洋一,77,男,無所属,現,会社役員,True
2022-01-23,2022-01-18,美里町議会議員選挙,宮城県,https://seijiyama.jp/area/card/3624/c6P-Hi/M?S=lcqdt0lbrhs0k,13,14,任期満了,"20,443",46.45%,54.29%,449,村松 秀雄,68,男,無所属,現,農業,True
2022-01-23,2022-01-18,美里町議会議員選挙,宮城県,https://seijiyama.jp/area/card/3624/c6P-Hi/M?S=lcqdt0lbrhs0k,13,14,任期満了,"20,443",46.45%,54.29%,122,松田 攻治,79,男,無所属,新,無職,False
2022-01-23,2022-01-16,花巻市長選挙,岩手県,https://seijiyama.jp/area/card/3624/Hh8S6K/M?S=lcqdt0lbrhq0k,1,2,任期満了,"80,084",54.6%,,22676,上田 東一,67,男,無所属,現,花巻市長,True
2022-01-23,2022-01-16,花巻市長選挙,岩手県,https://seijiyama.jp/area/card/3624/Hh8S6K/M?S=lcqdt0lbrhq0k,1,2,任期満了,"80,084",54.6%,,20792,小原 雅道,61,男,無所属,新,団体役員、元市議,False
2022-01-23,2022-01-16,あわら市長選挙,福井県,https://seijiyama.jp/area/card/3624/Dh-CbA/M?S=lcqdt0lbrhm0k,1,3,任期満了,"23,121",60.18%,62.01%,6490,森 之嗣,68,男,無所属,新,ボードセンター森建材代表、元市議,True
2022-01-23,2022-01-16,あわら市長選挙,福井県,https://seijiyama.jp/area/card/3624/Dh-CbA/M?S=lcqdt0lbrhm0k,1,3,任期満了,"23,121",60.18%,62.01%,5862,佐々木 康男,63,男,無所属,現,特別職地方公務員（あわら市長）,False
2022-01-23,2022-01-16,あわら市長選挙,福井県,https://seijiyama.jp/area/card/3624/Dh-CbA/M?S=lcqdt0lbrhm0k,1,3,任期満了,"23,121",60.18%,62.01%,1492,中川 智和,58,男,無所属,新,医療法人泉壽会理事長,False
2022-01-23,2022-01-18,伊仙町議会議員選挙,鹿児島県,https://seijiyama.jp/area/card/3624/Kjjg88/M?S=lcqdt0lbrhl0k,14,15,任期満了,"5,248",89.81%,89.38%,515,永田 誠,42,男,無所属,現,,True
2022-01-23,2022-01-18,伊仙町議会議員選挙,鹿児島県,https://seijiyama.jp/area/card/3624/Kjjg88/M?S=lcqdt0lbrhl0k,14,15,任期満了,"5,248",89.81%,89.38%,357,前 徹志,60,男,無所属,現,,True
2022-01-23,2022-01-18,伊仙町議会議員選挙,鹿児島県,https://seijiyama.jp/area/card/3624/Kjjg88/M?S=lcqdt0lbrhl0k,14,15,任期満了,"5,248",89.81%,89.38%,347,大河 善市,63,男,無所属,新,,True
2022-01-23,2022-01-18,伊仙町議会議員選挙,鹿児島県,https://seijiyama.jp/area/card/3624/Kjjg88/M?S=lcqdt0lbrhl0k,14,15,任期満了,"5,248",89.81%,89.38%,344,上木 千恵造,70,男,無所属,現,,True
2022-01-23,2022-01-18,伊仙町議会議員選挙,鹿児島県,https://seijiyama.jp/area/card/3624/Kjjg88/M?S=lcqdt0lbrhl0k,14,15,任期満了,"5,248",89.81%,89.38%,331,樺山 一,65,男,無所属,現,,True
2022-01-23,2022-01-18,伊仙町議会議員選挙,鹿児島県,https://seijiyama.jp/area/card/3624/Kjjg88/M?S=lcqdt0lbrhl0k,14,15,任期満了,"5,248",89.81%,89.38%,320,久保 量,61,男,無所属,新,,True
2022-01-23,2022-01-18,伊仙町議会議員選挙,鹿児島県,https://seijiyama.jp/area/card/3624/Kjjg88/M?S=lcqdt0lbrhl0k,14,15,任期満了,"5,248",89.81%,89.38%,319,牧本 和英,48,男,無所属,現,,True
2022-01-23,2022-01-18,伊仙町議会議員選挙,鹿児島県,https://seijiyama.jp/area/card/3624/Kjjg88/M?S=lcqdt0lbrhl0k,14,15,任期満了,"5,248",89.81%,89.38%,312,井上 和代,57,女,無所属,新,,True
2022-01-23,2022-01-18,伊仙町議会議員選挙,鹿児島県,https://seijiyama.jp/area/card/3624/Kjjg88/M?S=lcqdt0lbrhl0k,14,15,任期満了,"5,248",89.81%,89.38%,299,福留 達也,55,男,無所属,現,,True
2022-01-23,2022-01-18,伊仙町議会議員選挙,鹿児島県,https://seijiyama.jp/area/card/3624/Kjjg88/M?S=lcqdt0lbrhl0k,14,15,任期満了,"5,248",89.81%,89.38%,285,佐田 元,68,男,無所属,現,,True
2022-01-23,2022-01-18,伊仙町議会議員選挙,鹿児島県,https://seijiyama.jp/area/card/3624/Kjjg88/M?S=lcqdt0lbrhl0k,14,15,任期満了,"5,248",89.81%,89.38%,279,岡林 剛也,51,男,無所属,現,,True
2022-01-23,2022-01-18,伊仙町議会議員選挙,鹿児島県,https://seijiyama.jp/area/card/3624/Kjjg88/M?S=lcqdt0lbrhl0k,14,15,任期満了,"5,248",89.81%,89.38%,260,美島 盛秀,69,男,無所属,現,,True
2022-01-23,2022-01-18,伊仙町議会議員選挙,鹿児島県,https://seijiyama.jp/area/card/3624/Kjjg88/M?S=lcqdt0lbrhl0k,14,15,任期満了,"5,248",89.81%,89.38%,247,杉山 肇,44,男,無所属,現,,True
2022-01-23,2022-01-18,伊仙町議会議員選挙,鹿児島県,https://seijiyama.jp/area/card/3624/Kjjg88/M?S=lcqdt0lbrhl0k,14,15,任期満了,"5,248",89.81%,89.38%,241,清 平二,68,男,無所属,現,,True
2022-01-23,2022-01-18,伊仙町議会議員選挙,鹿児島県,https://seijiyama.jp/area/card/3624/Kjjg88/M?S=lcqdt0lbrhl0k,14,15,任期満了,"5,248",89.81%,89.38%,223,中川 正一,64,男,無所属,新,,False
2022-01-23,2022-01-18,曽爾村長選挙,奈良県,https://seijiyama.jp/area/card/3624/eGRhcG/M?S=lcqdt0lbrhk0k,1,3,任期満了,"1,233",82.89%,76.62%,548,芝田 秀数,74,男,無所属,現,曽爾村長,True
2022-01-23,2022-01-18,曽爾村長選挙,奈良県,https://seijiyama.jp/area/card/3624/eGRhcG/M?S=lcqdt0lbrhk0k,1,3,任期満了,"1,233",82.89%,76.62%,319,宇山 充志,48,男,無所属,新,曽爾村議会議員,False
2022-01-23,2022-01-18,曽爾村長選挙,奈良県,https://seijiyama.jp/area/card/3624/eGRhcG/M?S=lcqdt0lbrhk0k,1,3,任期満了,"1,233",82.89%,76.62%,148,田合 豪,57,男,無所属,新,曽爾村森林組合代表理事組合長,False
2022-01-23,2022-01-18,仁淀川町議会議員選挙,高知県,https://seijiyama.jp/area/card/3624/616Xh7/M?S=lcqdt0lbrgs0k,10,11,任期満了,"4,504",70.69%,75.07%,436.271,大野 弘,66,男,無所属,現,農業,True
2022-01-23,2022-01-18,仁淀川町議会議員選挙,高知県,https://seijiyama.jp/area/card/3624/616Xh7/M?S=lcqdt0lbrgs0k,10,11,任期満了,"4,504",70.69%,75.07%,386,藤原 大,31,男,無所属,新,会社員,True
2022-01-23,2022-01-18,仁淀川町議会議員選挙,高知県,https://seijiyama.jp/area/card/3624/616Xh7/M?S=lcqdt0lbrgs0k,10,11,任期満了,"4,504",70.69%,75.07%,327,若藤 敏久,74,男,無所属,現,理容業,True
2022-01-23,2022-01-18,仁淀川町議会議員選挙,高知県,https://seijiyama.jp/area/card/3624/616Xh7/M?S=lcqdt0lbrgs0k,10,11,任期満了,"4,504",70.69%,75.07%,319,岡田 良成,74,男,無所属,現,会社員,True
2022-01-23,2022-01-18,仁淀川町議会議員選挙,高知県,https://seijiyama.jp/area/card/3624/616Xh7/M?S=lcqdt0lbrgs0k,10,11,任期満了,"4,504",70.69%,75.07%,313,藤崎 源彦,61,男,無所属,現,会社役員,True
2022-01-23,2022-01-18,仁淀川町議会議員選挙,高知県,https://seijiyama.jp/area/card/3624/616Xh7/M?S=lcqdt0lbrgs0k,10,11,任期満了,"4,504",70.69%,75.07%,278.728,大野 直孝,67,男,無所属,元,農林業,True
2022-01-23,2022-01-18,仁淀川町議会議員選挙,高知県,https://seijiyama.jp/area/card/3624/616Xh7/M?S=lcqdt0lbrgs0k,10,11,任期満了,"4,504",70.69%,75.07%,256,野村 安夫,72,男,無所属,現,仁淀川町議会議員、製茶業,True
2022-01-23,2022-01-18,仁淀川町議会議員選挙,高知県,https://seijiyama.jp/area/card/3624/616Xh7/M?S=lcqdt0lbrgs0k,10,11,任期満了,"4,504",70.69%,75.07%,247,竹本 文直,71,男,無所属,現,農業,True
2022-01-23,2022-01-18,仁淀川町議会議員選挙,高知県,https://seijiyama.jp/area/card/3624/616Xh7/M?S=lcqdt0lbrgs0k,10,11,任期満了,"4,504",70.69%,75.07%,229,片岡 智凖,75,男,無所属,現,無職,True
2022-01-23,2022-01-18,仁淀川町議会議員選挙,高知県,https://seijiyama.jp/area/card/3624/616Xh7/M?S=lcqdt0lbrgs0k,10,11,任期満了,"4,504",70.69%,75.07%,189,藤堂 賢太郎,73,男,共産,新,無職,True
2022-01-23,2022-01-18,仁淀川町議会議員選挙,高知県,https://seijiyama.jp/area/card/3624/616Xh7/M?S=lcqdt0lbrgs0k,10,11,任期満了,"4,504",70.69%,75.07%,172,左京 憲昌,73,男,無所属,現,自伐林業,False
2022-01-23,2022-01-18,琴浦町長選挙,鳥取県,https://seijiyama.jp/area/card/3624/G4EmFE/M?S=lcqdt0lbrgr0k,1,2,任期満了,"14,066",67.07%,,4883,福本 まり子,69,女,無所属,新,無職、元町議,True
2022-01-23,2022-01-18,琴浦町長選挙,鳥取県,https://seijiyama.jp/area/card/3624/G4EmFE/M?S=lcqdt0lbrgr0k,1,2,任期満了,"14,066",67.07%,,4298,小松 弘明,64,男,無所属,現,琴浦町長,False
2022-01-23,2022-01-16,綾部市長選挙,京都府,https://seijiyama.jp/area/card/3624/KANy37/M?S=lcqdt0lbrgq0k,1,2,任期満了,"27,445",45.05%,46.28%,9816,山崎 善也,63,男,無所属（自民、公明推薦）,現,綾部市長,True
2022-01-23,2022-01-16,綾部市長選挙,京都府,https://seijiyama.jp/area/card/3624/KANy37/M?S=lcqdt0lbrgq0k,1,2,任期満了,"27,445",45.05%,46.28%,2430,吉崎 篤子,72,女,無所属（共産推薦）,新,農業,False
2022-01-23,2022-01-18,玖珠町長選挙,大分県,https://seijiyama.jp/area/card/3624/EIT_7b/M?S=lcqdt0lbrgo0k,1,3,任期満了,"12,593",64.42%,65.01%,5183,宿利 政和,59,男,無所属,現,玖珠町長,True
2022-01-23,2022-01-18,玖珠町長選挙,大分県,https://seijiyama.jp/area/card/3624/EIT_7b/M?S=lcqdt0lbrgo0k,1,3,任期満了,"12,593",64.42%,65.01%,2381,神田 信浩,60,男,無所属,新,政治団体代表,False
2022-01-23,2022-01-18,玖珠町長選挙,大分県,https://seijiyama.jp/area/card/3624/EIT_7b/M?S=lcqdt0lbrgo0k,1,3,任期満了,"12,593",64.42%,65.01%,474,広沢 俊幸,75,男,無所属,新,社会福祉法人理事、元町議,False
2022-01-23,2022-01-16,久留米市長選挙,福岡県,https://seijiyama.jp/area/card/3624/c0dh00/M?S=lcqdt0lbrgn0k,1,4,任期満了,"246,987",34.58%,34.9%,38973,原口 新五,61,男,無所属,新,無職、元市議,True
2022-01-23,2022-01-16,久留米市長選挙,福岡県,https://seijiyama.jp/area/card/3624/c0dh00/M?S=lcqdt0lbrgn0k,1,4,任期満了,"246,987",34.58%,34.9%,36476,十中 大雅,68,男,無所属,新,無職、元福岡県議,False
2022-01-23,2022-01-16,久留米市長選挙,福岡県,https://seijiyama.jp/area/card/3624/c0dh00/M?S=lcqdt0lbrgn0k,1,4,任期満了,"246,987",34.58%,34.9%,4412,細川 博司,62,男,無所属,新,医師,False
2022-01-23,2022-01-16,久留米市長選挙,福岡県,https://seijiyama.jp/area/card/3624/c0dh00/M?S=lcqdt0lbrgn0k,1,4,任期満了,"246,987",34.58%,34.9%,4160,黒岩 智行,69,男,無所属,新,作曲家,False
2022-01-23,2022-01-16,秦野市長選挙,神奈川県,https://seijiyama.jp/area/card/3624/3Kmx4B/M?S=lcqdt0lbrgm0k,1,2,任期満了,"134,055",36.24%,40.56%,28562,高橋 昌和,65,男,無所属,現,秦野市長,True
2022-01-23,2022-01-16,秦野市長選挙,神奈川県,https://seijiyama.jp/area/card/3624/3Kmx4B/M?S=lcqdt0lbrgm0k,1,2,任期満了,"134,055",36.24%,40.56%,19606,佐藤 伸一,55,男,無所属,新,不動産賃貸業,False
2022-01-23,2022-01-16,裾野市長選挙,静岡県,https://seijiyama.jp/area/card/3624/HcXW5K/M?S=lcqdt0lbrft0k,1,2,任期満了,"41,419",50%,50.42%,11343,村田 悠,34,男,無所属,新,医療法人職員、元市議,True
2022-01-23,2022-01-16,裾野市長選挙,静岡県,https://seijiyama.jp/area/card/3624/HcXW5K/M?S=lcqdt0lbrft0k,1,2,任期満了,"41,419",50%,50.42%,9130,高村 謙二,57,男,無所属,現,裾野市長,False
2022-01-23,2022-01-16,五泉市長選挙,新潟県,https://seijiyama.jp/area/card/3624/bFWVk0/M?S=lcqdt0lbrfs0k,1,4,任期満了,"41,564",60.4%,52.93%,9472,田辺 正幸,53,男,無所属,新,無職,True
2022-01-23,2022-01-16,五泉市長選挙,新潟県,https://seijiyama.jp/area/card/3624/bFWVk0/M?S=lcqdt0lbrfs0k,1,4,任期満了,"41,564",60.4%,52.93%,9036,伊藤 勝美,71,男,無所属,現,五泉市長,False
2022-01-23,2022-01-16,五泉市長選挙,新潟県,https://seijiyama.jp/area/card/3624/bFWVk0/M?S=lcqdt0lbrfs0k,1,4,任期満了,"41,564",60.4%,52.93%,3856,松川 徹也,46,男,無所属,新,建設会社社員、元市議,False
2022-01-23,2022-01-16,五泉市長選挙,新潟県,https://seijiyama.jp/area/card/3624/bFWVk0/M?S=lcqdt0lbrfs0k,1,4,任期満了,"41,564",60.4%,52.93%,2618,安中 聡,44,男,無所属,新,安中聡政治相談所代表、元市議,False
2022-01-23,2022-01-13,南相馬市長選挙,福島県,https://seijiyama.jp/area/card/3624/EBQCCb/M?S=lcqdt0lbrfq0k,1,2,任期満了,"50,972",63.75%,62.39%,16593,門馬 和夫,67,男,無所属,現,南相馬市長,True
2022-01-23,2022-01-13,南相馬市長選挙,福島県,https://seijiyama.jp/area/card/3624/EBQCCb/M?S=lcqdt0lbrfq0k,1,2,任期満了,"50,972",63.75%,62.39%,15625,桜井 勝延,66,男,無所属,元,農業,False
2022-01-23,2022-01-16,美濃加茂市長選挙,岐阜県,https://seijiyama.jp/area/card/3624/79LmDD/M?S=lcqdt0lbrfm0k,1,2,任期満了,"42,191",58.8%,38.62%,16307,藤井 浩人,37,男,無所属,元,慶應義塾大学大学院メディアデザイン研究科付属メディアデザイン研究所リサーチャー、元市長,True
2022-01-23,2022-01-16,美濃加茂市長選挙,岐阜県,https://seijiyama.jp/area/card/3624/79LmDD/M?S=lcqdt0lbrfm0k,1,2,任期満了,"42,191",58.8%,38.62%,8325,伊藤 誠一,65,男,無所属,現,美濃加茂市長,False
2022-01-23,2022-01-16,二戸市長選挙,岩手県,https://seijiyama.jp/area/card/3624/4aRwKh/M?S=lcqdt0lbreq0k,1,2,任期満了,"22,313",46.71%,,7788,藤原 淳,69,男,無所属,現,二戸市長,True
2022-01-23,2022-01-16,二戸市長選挙,岩手県,https://seijiyama.jp/area/card/3624/4aRwKh/M?S=lcqdt0lbreq0k,1,2,任期満了,"22,313",46.71%,,2551,西野 省史,82,男,無所属,新,無職、元市議,False
2022-01-23,2022-01-18,穴水町議会議員補欠選挙,石川県,https://seijiyama.jp/area/card/3624/a0jZ4c/M?S=lcqdt0lcsbo0k,1,1,辞職,"6,979",,72.12%,,小谷 政一,64,男,無所属,新,無職,True
2022-01-23,2022-01-18,八重瀬町議会議員補欠選挙,沖縄県,https://seijiyama.jp/area/card/3624/C3u98i/M?S=lcqdt0lckir0k,1,1,辞職,"24,735",,36.04%,,豊川 翔平,29,男,無所属,新,合同会社Syma代表,True
2022-01-23,2022-01-18,草津町議会議員補欠選挙,群馬県,https://seijiyama.jp/area/card/3624/aERkiH/M?S=lcqdt0lckam0k,2,3,死去、解職,"5,239",56.46%,69.49%,1506,安斎 努,59,男,無所属,新,会社役員,True
2022-01-23,2022-01-18,草津町議会議員補欠選挙,群馬県,https://seijiyama.jp/area/card/3624/aERkiH/M?S=lcqdt0lckam0k,2,3,死去、解職,"5,239",56.46%,69.49%,1097,小林 純一,49,男,無所属,元,個人事業主,True
2022-01-23,2022-01-18,草津町議会議員補欠選挙,群馬県,https://seijiyama.jp/area/card/3624/aERkiH/M?S=lcqdt0lckam0k,2,3,死去、解職,"5,239",56.46%,69.49%,178,井田 剛文,60,男,無所属,新,自営業,False
2022-01-23,2022-01-18,喬木村議会議員再選挙,長野県,https://seijiyama.jp/area/card/3624/GispeK/M?S=lcqdt0lbtiq0k,2,1,定数割れによる当選人不足,"5,111",,,,松村 光洋,63,男,無所属,新,農業,True
2022-01-23,2022-01-18,八重瀬町長選挙,沖縄県,https://seijiyama.jp/area/card/3624/b8vTKi/M?S=lcqdt0lbscn0k,1,1,任期満了,"24,735",,63%,,新垣 安弘,66,男,無所属,現,八重瀬町長,True
2022-01-23,2022-01-18,南部町長選挙,青森県,https://seijiyama.jp/area/card/3624/84jbEa/M?S=lcqdt0lbsar0k,1,1,任期満了,"15,322",,,,工藤 祐直,66,男,無所属,現,南部町長,True
2022-01-23,2022-01-18,中土佐町議会議員選挙,高知県,https://seijiyama.jp/area/card/3624/7gC8ki/M?S=lcqdt0lbrjl0k,12,12,任期満了,"5,671",,65.43%,,中城 重則,72,男,無所属,現,農業,True
2022-01-23,2022-01-18,中土佐町議会議員選挙,高知県,https://seijiyama.jp/area/card/3624/7gC8ki/M?S=lcqdt0lbrjl0k,12,12,任期満了,"5,671",,65.43%,,窪田 和教,70,男,共産,現,無職,True
2022-01-23,2022-01-18,中土佐町議会議員選挙,高知県,https://seijiyama.jp/area/card/3624/7gC8ki/M?S=lcqdt0lbrjl0k,12,12,任期満了,"5,671",,65.43%,,浜田 和昭,49,男,無所属,新,自営業,True
2022-01-23,2022-01-18,中土佐町議会議員選挙,高知県,https://seijiyama.jp/area/card/3624/7gC8ki/M?S=lcqdt0lbrjl0k,12,12,任期満了,"5,671",,65.43%,,岡 伊三男,74,男,無所属,現,会社員,True
2022-01-23,2022-01-18,中土佐町議会議員選挙,高知県,https://seijiyama.jp/area/card/3624/7gC8ki/M?S=lcqdt0lbrjl0k,12,12,任期満了,"5,671",,65.43%,,下元 良之,65,男,無所属,新,会社員,True
2022-01-23,2022-01-18,中土佐町議会議員選挙,高知県,https://seijiyama.jp/area/card/3624/7gC8ki/M?S=lcqdt0lbrjl0k,12,12,任期満了,"5,671",,65.43%,,佐竹 敏彦,70,男,無所属,現,無職,True
2022-01-23,2022-01-18,中土佐町議会議員選挙,高知県,https://seijiyama.jp/area/card/3624/7gC8ki/M?S=lcqdt0lbrjl0k,12,12,任期満了,"5,671",,65.43%,,金子 裕之,48,男,無所属,新,会社役員,True
2022-01-23,2022-01-18,中土佐町議会議員選挙,高知県,https://seijiyama.jp/area/card/3624/7gC8ki/M?S=lcqdt0lbrjl0k,12,12,任期満了,"5,671",,65.43%,,山本 建生,75,男,無所属,現,無職,True
2022-01-23,2022-01-18,中土佐町議会議員選挙,高知県,https://seijiyama.jp/area/card/3624/7gC8ki/M?S=lcqdt0lbrjl0k,12,12,任期満了,"5,671",,65.43%,,福永 守恭,67,男,無所属,現,農業,True
2022-01-23,2022-01-18,中土佐町議会議員選挙,高知県,https://seijiyama.jp/area/card/3624/7gC8ki/M?S=lcqdt0lbrjl0k,12,12,任期満了,"5,671",,65.43%,,中野 大地,40,男,無所属,新,農業,True
2022-01-23,2022-01-18,中土佐町議会議員選挙,高知県,https://seijiyama.jp/area/card/3624/7gC8ki/M?S=lcqdt0lbrjl0k,12,12,任期満了,"5,671",,65.43%,,下元 道夫,70,男,無所属,現,農業,True
2022-01-23,2022-01-18,中土佐町議会議員選挙,高知県,https://seijiyama.jp/area/card/3624/7gC8ki/M?S=lcqdt0lbrjl0k,12,12,任期満了,"5,671",,65.43%,,高橋 雄造,72,男,無所属,現,警備員,True
2022-01-23,2022-01-18,中土佐町長選挙,高知県,https://seijiyama.jp/area/card/3624/IbLxc6/M?S=lcqdt0lbrjk0k,1,1,任期満了,"5,671",,,,池田 洋光,67,男,無所属,現,中土佐町長,True
2022-01-23,2022-01-18,勝浦町長選挙,徳島県,https://seijiyama.jp/area/card/3624/91hmef/M?S=lcqdt0lbrit0k,1,1,任期満了,"4,394",,81.5%,,野上 武典,65,男,無所属,現,勝浦町長,True
2022-01-23,2022-01-18,紀宝町長選挙,三重県,https://seijiyama.jp/area/card/3624/j4Bukk/M?S=lcqdt0lbrio0k,1,1,任期満了,"9,048",,64.06%,,西田 健,73,男,無所属,現,紀宝町長,True
2022-01-23,2022-01-18,多気町長選挙,三重県,https://seijiyama.jp/area/card/3624/iDPx8j/M?S=lcqdt0lbrin0k,1,1,任期満了,"11,854",,,,久保 行央,74,男,無所属,現,多気町長,True
2022-01-23,2022-01-18,美里町長選挙,宮城県,https://seijiyama.jp/area/card/3624/cjJbDc/M?S=lcqdt0lbrhr0k,1,1,任期満了,"20,599",,,,相沢 清一,69,男,無所属,現,農業、美里町長,True
2022-01-23,2022-01-18,穴水町長選挙,石川県,https://seijiyama.jp/area/card/3624/jGjdKh/M?S=lcqdt0lbrgt0k,1,1,任期満了,"6,979",,,,吉村 光輝,51,男,無所属,新,団体役員、元町議,True
2022-01-23,2022-01-18,東洋町議会議員選挙,高知県,https://seijiyama.jp/area/card/3624/FCHtG7/M?S=lcqdt0lbrgl0k,9,9,任期満了,"2,073",,,,小野 正路,76,男,無所属,現,神職,True
2022-01-23,2022-01-18,東洋町議会議員選挙,高知県,https://seijiyama.jp/area/card/3624/FCHtG7/M?S=lcqdt0lbrgl0k,9,9,任期満了,"2,073",,,,西岡 尚宏,64,男,無所属,現,製炭業,True
2022-01-23,2022-01-18,東洋町議会議員選挙,高知県,https://seijiyama.jp/area/card/3624/FCHtG7/M?S=lcqdt0lbrgl0k,9,9,任期満了,"2,073",,,,今宮 裕明,71,男,無所属,現,建築業,True
2022-01-23,2022-01-18,東洋町議会議員選挙,高知県,https://seijiyama.jp/area/card/3624/FCHtG7/M?S=lcqdt0lbrgl0k,9,9,任期満了,"2,073",,,,福島 登,62,男,無所属,現,飲食業,True
2022-01-23,2022-01-18,東洋町議会議員選挙,高知県,https://seijiyama.jp/area/card/3624/FCHtG7/M?S=lcqdt0lbrgl0k,9,9,任期満了,"2,073",,,,武山 裕一,58,男,無所属,現,自営業,True
2022-01-23,2022-01-18,東洋町議会議員選挙,高知県,https://seijiyama.jp/area/card/3624/FCHtG7/M?S=lcqdt0lbrgl0k,9,9,任期満了,"2,073",,,,田島 毅三夫,74,男,無所属,現,農業,True
2022-01-23,2022-01-18,東洋町議会議員選挙,高知県,https://seijiyama.jp/area/card/3624/FCHtG7/M?S=lcqdt0lbrgl0k,9,9,任期満了,"2,073",,,,安岡 良仁,60,男,無所属,新,行政書士,True
2022-01-23,2022-01-18,東洋町議会議員選挙,高知県,https://seijiyama.jp/area/card/3624/FCHtG7/M?S=lcqdt0lbrgl0k,9,9,任期満了,"2,073",,,,高畠 俊彦,70,男,無所属,現,食品卸売,True
2022-01-23,2022-01-18,東洋町議会議員選挙,高知県,https://seijiyama.jp/area/card/3624/FCHtG7/M?S=lcqdt0lbrgl0k,9,9,任期満了,"2,073",,,,広田 斎史,55,男,無所属,新,自営業,True
2022-01-23,2022-01-18,洋野町長選挙,岩手県,https://seijiyama.jp/area/card/3624/bDUNDb/M?S=lcqdt0lbrfp0k,1,1,任期満了,"14,023",,,,岡本 正善,54,男,無所属,新,自営林業,True
2022-01-23,2022-01-18,里庄町長選挙,岡山県,https://seijiyama.jp/area/card/3624/hJa4d1/M?S=lcqdt0lbrfn0k,1,1,任期満了,"9,107",,,,加藤 泰久,61,男,無所属,現,里庄町長,True
2022-01-23,2022-01-18,岩泉町長選挙,岩手県,https://seijiyama.jp/area/card/3624/3BcFj1/M?S=lcqdt0lbrfl0k,1,1,任期満了,"7,663",,,,中居 健一,67,男,無所属,現,岩泉町長,True
2022-01-23,2022-01-18,喬木村長選挙,長野県,https://seijiyama.jp/area/card/3624/baGSiG/M?S=lcqdt0lbret0k,1,1,任期満了,"5,111",,,,市瀬 直史,63,男,無所属,現,喬木村長,True
2022-01-23,2022-01-16,裾野市議会議員補欠選挙,静岡県,https://seijiyama.jp/area/card/3624/3cLL1d/M?S=lcqdt0lcsbm0k,1,1,辞職,"42,069",,54.53%,,木村 典由,47,男,無所属,新,有限会社木村商店取締役,True
2022-01-23,2022-01-16,二戸市議会議員補欠選挙,岩手県,https://seijiyama.jp/area/card/3624/3f2U76/M?S=lcqdt0lcsbk0k,1,1,辞職,"22,446",,,,戸来 守和,41,男,無所属,新,会社役員,True
2022-01-23,2022-01-16,綾部市議会議員補欠選挙,京都府,https://seijiyama.jp/area/card/3624/1K1rfC/M?S=lcqdt0lckhq0k,1,1,死去,"27,636",,58.95%,,松本 幸子,63,女,無所属,元,無職,True
2022-01-23,2022-01-16,五泉市議会議員補欠選挙,新潟県,https://seijiyama.jp/area/card/3624/faJVDI/M?S=lcqdt0lckds0k,1,1,辞職,"41,827",,56.89%,,大橋 建太,29,男,無所属,新,会社員,True
2022-01-23,2022-01-16,深谷市長選挙,埼玉県,https://seijiyama.jp/area/card/3624/BCb023/M?S=lcqdt0lbsbk0k,1,1,任期満了,"119,021",,31.22%,,小島 進,61,男,無所属,現,深谷市長,True
2022-01-23,2022-01-16,平川市長選挙,青森県,https://seijiyama.jp/area/card/3624/228h5C/M?S=lcqdt0lbrhp0k,1,1,任期満了,"26,318",,57.26%,,長尾 忠行,72,男,無所属,現,農業、平川市長,True
2022-01-23,2022-01-16,北斗市長選挙,北海道,https://seijiyama.jp/area/card/3624/0Hb305/M?S=lcqdt0lbrfk0k,1,1,任期満了,"38,254",,49.86%,,池田 達雄,62,男,無所属,現,北斗市長,True
2022-01-23,2022-01-16,枕崎市長選挙,鹿児島県,https://seijiyama.jp/area/card/3624/JbKE9I/M?S=lcqdt0lbres0k,1,1,任期満了,"17,247",,63.39%,,前田 祝成,57,男,無所属,現,枕崎市長,True
2022-01-16,2022-01-11,長南町長選挙,千葉県,https://seijiyama.jp/area/card/3624/4i5FG2/M?S=lcqdt0lbrgp0k,1,2,任期満了,"6,801",67.65%,,2591,平野 貞夫,70,男,無所属,現,長南町長,True
2022-01-16,2022-01-11,長南町長選挙,千葉県,https://seijiyama.jp/area/card/3624/4i5FG2/M?S=lcqdt0lbrgp0k,1,2,任期満了,"6,801",67.65%,,1975,大倉 正幸,59,男,無所属,新,建築業、元町議,False
2022-01-16,2022-01-11,大多喜町長選挙,千葉県,https://seijiyama.jp/area/card/3624/GdBI2d/M?S=lcqdt0lbrfr0k,1,2,任期満了,"7,532",58.01%,,3533,平林 昇,66,男,無所属,新,会社役員,True
2022-01-16,2022-01-11,大多喜町長選挙,千葉県,https://seijiyama.jp/area/card/3624/GdBI2d/M?S=lcqdt0lbrfr0k,1,2,任期満了,"7,532",58.01%,,769,麻生 剛,66,男,無所属,新,学校法人理事、元町議,False
2022-01-16,2022-01-09,美濃市長選挙,岐阜県,https://seijiyama.jp/area/card/3624/i8q7D5/M?S=lcqdt0lbrer0k,1,2,任期満了,"16,813",57.54%,,4933,武藤 鉄弘,69,男,無所属（自民、公明推薦）,現,美濃市長,True
2022-01-16,2022-01-09,美濃市長選挙,岐阜県,https://seijiyama.jp/area/card/3624/i8q7D5/M?S=lcqdt0lbrer0k,1,2,任期満了,"16,813",57.54%,,4665,村井 和仁,55,男,無所属,新,無職、元市職員,False
2022-01-16,2022-01-11,九度山町議会議員補欠選挙,和歌山県,https://seijiyama.jp/area/card/3624/FI8QEc/M?S=lcqdt0lckjq0k,2,2,死去、辞職,"3,605",,74.59%,,森 一司,63,男,無所属,元,建築業,True
2022-01-16,2022-01-11,九度山町議会議員補欠選挙,和歌山県,https://seijiyama.jp/area/card/3624/FI8QEc/M?S=lcqdt0lckjq0k,2,2,死去、辞職,"3,605",,74.59%,,松本 孝太郎,40,男,無所属,新,鍼灸整骨院経営,True
2022-01-16,2022-01-11,北島町議会議員補欠選挙,徳島県,https://seijiyama.jp/area/card/3624/38-kKf/M?S=lcqdt0lckjl0k,1,1,辞職,"19,143",,40.57%,,夷谷 大輔,32,男,無所属,新,農業,True
2022-01-16,2022-01-11,富士川町長選挙,山梨県,https://seijiyama.jp/area/card/3624/436q3A/M?S=lcqdt0lckim0k,1,1,辞職,"12,511",,71.53%,,望月 利樹,53,男,無所属,新,無職、元山梨県議,True
2022-01-16,2022-01-11,北島町長選挙,徳島県,https://seijiyama.jp/area/card/3624/Fi4i18/M?S=lcqdt0lbreo0k,1,1,任期満了,"19,143",,,,古川 保博,72,男,無所属,現,北島町長,True
2022-01-16,2022-01-11,高森町長選挙,長野県,https://seijiyama.jp/area/card/3624/FcoAj3/M?S=lcqdt0lbren0k,1,1,任期満了,"10,570",,,,壬生 照玄,52,男,無所属,現,特別職地方公務員（高森町長）,True
2022-01-15,2022-01-10,和寒町長選挙,北海道,https://seijiyama.jp/area/card/3624/hewn0I/M?S=lcqdt0lbrep0k,1,1,任期満了,"2,737",,,,奥山 盛,61,男,無所属,現,和寒町長,True
2022-01-16,2022-01-07,山梨県議会議員補欠選挙（西八代・南巨摩選挙区）,山梨県,https://seijiyama.jp/area/card/3624/ffwEA4/M?S=lcqdt0lckio0k,2,2,辞職,"42,858",,,,長沢 健,55,男,無所属,新,無職、元富士川町議,True
2022-01-16,2022-01-07,山梨県議会議員補欠選挙（西八代・南巨摩選挙区）,山梨県,https://seijiyama.jp/area/card/3624/ffwEA4/M?S=lcqdt0lckio0k,2,2,辞職,"42,858",,,,笠井 辰生,57,男,無所属,新,有限会社表現社代表取締役、元市川三郷町議,True
