"投票日","選挙名","市区町村","都道府県","議会議員","首長","補欠選挙","候補者数","年齢中央値","年齢最小値","男性数","女性数","新人割合","65歳以上割合","自民公明割合","共産社民割合","無所属割合"
"2015-01-11","武雄市長選挙","武雄市","佐賀県",0,1,0,2,38,38,1,0,1,0,0,0,1
"2015-01-11","長岡京市議会議員補欠選挙","長岡京市","京都府",1,0,1,4,58.5,52,1,1,1,0.5,0.5,0.5,0
"2015-01-11","長岡京市長選挙","長岡京市","京都府",0,1,0,3,41,41,1,0,1,0,0,0,0
"2015-01-11","馬路村議会議員選挙","馬路村","高知県",1,0,0,9,60.5,43,7,1,0.375,0.125,0,0,1
"2015-01-18","上峰町議会議員選挙","上峰町","佐賀県",1,0,0,12,65.5,35,9,1,0.3,0.5,0,0,1
"2015-01-18","倶知安町長選挙","倶知安町","北海道",0,1,0,2,51,51,1,0,1,0,0,0,1
"2015-01-18","八千代町議会議員補欠選挙","八千代町","茨城県",1,0,1,1,67,67,0,1,0,1,0,1,0
"2015-01-18","八千代町長選挙","八千代町","茨城県",0,1,0,3,77,77,1,0,0,1,0,0,1
"2015-01-18","垂水市長選挙","垂水市","鹿児島県",0,1,0,2,47,47,1,0,0,0,0,0,1
"2015-01-18","宇検村長選挙","宇検村","鹿児島県",0,1,0,1,64,64,1,0,0,0,0,0,1
"2015-01-18","川島町長選挙","川島町","埼玉県",0,1,0,2,66,66,1,0,1,1,0,0,1
"2015-01-18","御坊市議会議員選挙","御坊市","和歌山県",1,0,0,18,58,37,14,0,0.142857142857143,0.142857142857143,0.428571428571429,0.142857142857143,0.428571428571429
"2015-01-18","恩納村長選挙","恩納村","沖縄県",0,1,0,2,49,49,1,0,1,0,0,0,1
"2015-01-18","我孫子市議会議員補欠選挙","我孫子市","千葉県",1,0,1,2,53.5,33,2,0,1,0.5,0.5,0,0.5
"2015-01-18","我孫子市長選挙","我孫子市","千葉県",0,1,0,2,57,57,1,0,0,0,0,0,1
"2015-01-18","横瀬町長選挙","横瀬町","埼玉県",0,1,0,2,49,49,1,0,1,0,0,0,1
"2015-01-18","清水町議会議員選挙","清水町","北海道",1,0,0,14,67,46,12,1,0.230769230769231,0.615384615384615,0.0769230769230769,0.0769230769230769,0.846153846153846
"2015-01-18","筑前町議会議員選挙","筑前町","福岡県",1,0,0,16,63,45,14,2,0.3125,0.3125,0.0625,0.0625,0.875
"2015-01-18","苓北町議会議員選挙","苓北町","熊本県",1,0,0,13,68,52,11,1,0.333333333333333,0.75,0,0.0833333333333333,0.916666666666667
"2015-01-18","苓北町長選挙","苓北町","熊本県",0,1,0,1,67,67,1,0,0,1,0,0,1
"2015-01-18","赤穂市長選挙","赤穂市","兵庫県",0,1,0,3,64,64,1,0,1,0,0,0,1
"2015-01-18","軽米町長選挙","軽米町","岩手県",0,1,0,3,60,60,1,0,0,0,0,0,1
"2015-01-25","かすみがうら市議会議員選挙","かすみがうら市","茨城県",1,0,0,18,61.5,39,15,1,0.1875,0.4375,0.125,0.0625,0.8125
"2015-01-25","上野原市議会議員選挙","上野原市","山梨県",1,0,0,17,66,55,14,2,0.125,0.6875,0.0625,0.0625,0.8125
"2015-01-25","下関市議会議員選挙","下関市","山口県",1,0,0,39,57,30,30,4,0.235294117647059,0.176470588235294,0.617647058823529,0.147058823529412,0.205882352941176
"2015-01-25","中央市議会議員選挙","中央市","山梨県",1,0,0,19,62.5,31,16,2,0.111111111111111,0.388888888888889,0.111111111111111,0.0555555555555556,0.833333333333333
"2015-01-25","中山町長選挙","中山町","山形県",0,1,0,2,55,55,1,0,1,0,0,0,1
"2015-01-25","亀岡市議会議員選挙","亀岡市","京都府",1,0,0,27,59,37,20,4,0.25,0.291666666666667,0.166666666666667,0.166666666666667,0.666666666666667
"2015-01-25","五所川原市議会議員選挙","五所川原市","青森県",1,0,0,27,64.5,42,25,1,0.0384615384615385,0.5,0.0384615384615385,0.0769230769230769,0.884615384615385
"2015-01-25","北九州市議会議員補欠選挙（若松区選挙区）","北九州市","福岡県",1,0,1,4,49,49,1,0,1,0,0,1,0
"2015-01-25","北九州市長選挙","北九州市","福岡県",0,1,0,3,61,61,1,0,0,0,1,0,0
"2015-01-25","四万十町議会議員選挙","四万十町","高知県",1,0,0,20,63.5,45,16,2,NA,0.388888888888889,0.0555555555555556,0.0555555555555556,0.888888888888889
"2015-01-25","大木町長選挙","大木町","福岡県",0,1,0,1,62,62,1,0,0,0,0,0,1
"2015-01-25","小諸市議会議員選挙","小諸市","長野県",1,0,0,23,62,50,15,4,0.315789473684211,0.263157894736842,0.105263157894737,0.157894736842105,0.736842105263158
"2015-01-25","平群町長選挙","平群町","奈良県",0,1,0,2,69,69,1,0,0,1,0,0,1
"2015-01-25","弥彦村長選挙","弥彦村","新潟県",0,1,0,2,69,69,1,0,1,1,0,0,1
"2015-01-25","本宮市長選挙","本宮市","福島県",0,1,0,3,60,60,1,0,0,0,0,0,1
"2015-01-25","河北町長選挙","河北町","山形県",0,1,0,2,72,72,1,0,0,1,0,0,1
"2015-01-25","甲府市長選挙","甲府市","山梨県",0,1,0,4,55,55,1,0,1,0,0,0,1
"2015-01-25","筑紫野市長選挙","筑紫野市","福岡県",0,1,0,1,72,72,1,0,0,1,1,0,0
"2015-01-25","西ノ島町長選挙","西ノ島町","島根県",0,1,0,1,63,63,1,0,0,0,0,0,1
"2015-01-25","西興部村長選挙","西興部村","北海道",0,1,0,2,57,57,1,0,1,0,0,0,1
"2015-01-25","軽井沢町長選挙","軽井沢町","長野県",0,1,0,1,63,63,1,0,0,0,0,0,1
"2015-01-25","阿蘇市議会議員選挙","阿蘇市","熊本県",1,0,0,21,63,51,19,1,0.15,0.4,0.05,0.05,0.9
"2015-02-01","つがる市議会議員選挙","つがる市","青森県",1,0,0,25,65,42,18,2,0.1,0.55,0,0,1
"2015-02-01","一宮市長選挙","一宮市","愛知県",0,1,0,5,48,48,1,0,1,0,0,0,1
"2015-02-01","三川町長選挙","三川町","山形県",0,1,0,1,62,62,1,0,0,0,0,0,1
"2015-02-01","上毛町議会議員選挙","上毛町","福岡県",1,0,0,13,62.5,38,12,0,0.25,0.333333333333333,0,0.0833333333333333,0.916666666666667
"2015-02-01","嘉島町議会議員選挙","嘉島町","熊本県",1,0,0,12,64,45,11,0,0.545454545454545,0.454545454545455,0,0,1
"2015-02-01","嘉島町長選挙","嘉島町","熊本県",0,1,0,1,68,68,1,0,0,1,0,0,1
"2015-02-01","嘉手納町長選挙","嘉手納町","沖縄県",0,1,0,1,62,62,1,0,0,0,0,0,1
"2015-02-01","守山市議会議員補欠選挙","守山市","滋賀県",1,0,1,1,41,41,1,0,1,0,0,0,1
"2015-02-01","守山市長選挙","守山市","滋賀県",0,1,0,1,42,42,1,0,0,0,1,0,0
"2015-02-01","安城市長選挙","安城市","愛知県",0,1,0,2,56,56,1,0,0,0,0,0,1
"2015-02-01","小牧市長選挙","小牧市","愛知県",0,1,0,3,39,39,1,0,0,0,0,0,1
"2015-02-01","小野市長選挙","小野市","兵庫県",0,1,0,1,68,68,NA,NA,0,1,0,0,1
"2015-02-01","弥富市長選挙","弥富市","愛知県",0,1,0,1,67,67,1,0,0,1,0,0,1
"2015-02-01","池田町議会議員補欠選挙","池田町","岐阜県",1,0,1,2,59,59,1,0,0,0,0,1,0
"2015-02-01","池田町長選挙","池田町","岐阜県",0,1,0,1,66,66,1,0,0,1,0,0,1
"2015-02-01","焼津市議会議員選挙","焼津市","静岡県",1,0,0,23,62,44,18,3,0.285714285714286,0.428571428571429,0.0952380952380952,0.0952380952380952,0.761904761904762
"2015-02-01","田原市議会議員選挙","田原市","愛知県",1,0,0,18,58,41,17,1,0.277777777777778,0.222222222222222,0.0555555555555556,0.0555555555555556,0.888888888888889
"2015-02-01","知内町議会議員補欠選挙","知内町","北海道",1,0,1,1,69,69,1,0,0,1,0,0,1
"2015-02-01","知内町長選挙","知内町","北海道",0,1,0,1,63,63,1,0,0,0,0,0,1
"2015-02-01","紀宝町議会議員選挙","紀宝町","三重県",1,0,0,15,60,38,11,2,0.153846153846154,0.461538461538462,0,0.0769230769230769,0.923076923076923
"2015-02-01","菰野町議会議員補欠選挙","菰野町","三重県",1,0,1,1,32,32,1,0,0,0,0,0,1
"2015-02-01","菰野町長選挙","菰野町","三重県",0,1,0,1,43,43,1,0,0,0,0,0,1
"2015-02-01","豊根村長選挙","豊根村","愛知県",0,1,0,2,64,64,1,0,0,0,0,0,1
"2015-02-01","那珂市長選挙","那珂市","茨城県",0,1,0,2,65,65,1,0,0,1,0,0,1
"2015-02-01","須坂市議会議員選挙","須坂市","長野県",1,0,0,21,61,51,18,2,0.3,0.25,0.05,0.15,0.8
"2015-02-07","増毛町長選挙","増毛町","北海道",0,1,0,2,60,60,1,0,1,0,0,0,1
"2015-02-08","九重町議会議員選挙","九重町","大分県",1,0,0,14,63,54,11,2,0.153846153846154,0.307692307692308,0,0,1
"2015-02-08","多度津町議会議員選挙","多度津町","香川県",1,0,0,16,65.5,41,12,2,0,0.571428571428571,0.0714285714285714,0.0714285714285714,0.857142857142857
"2015-02-08","多度津町長選挙","多度津町","香川県",0,1,0,2,65,65,1,0,0,1,0,0,1
"2015-02-08","太良町長選挙","太良町","佐賀県",0,1,0,1,68,68,1,0,0,1,0,0,1
"2015-02-08","奈義町議会議員選挙","奈義町","岡山県",1,0,0,11,65,53,9,1,0.1,0.6,0,0.1,0.9
"2015-02-08","奈義町長選挙","奈義町","岡山県",0,1,0,1,65,65,1,0,1,1,0,0,1
"2015-02-08","富谷町議会議員補欠選挙","富谷町","宮城県",1,0,1,4,48.5,42,NA,NA,1,0,0,0,1
"2015-02-08","富谷町長選挙","富谷町","宮城県",0,1,0,2,50,50,NA,NA,1,0,0,0,1
"2015-02-08","新島村議会議員選挙","新島村","東京都",1,0,0,13,67.5,36,10,0,0.2,0.7,0.1,0,0.9
"2015-02-08","日高町議会議員選挙","日高町","和歌山県",1,0,0,13,55,43,9,2,0.454545454545455,0.181818181818182,0,0.0909090909090909,0.909090909090909
"2015-02-08","昭和町長選挙","昭和町","山梨県",0,1,0,1,72,72,1,0,0,1,0,0,1
"2015-02-08","木島平村長選挙","木島平村","長野県",0,1,0,2,58,58,1,0,1,0,0,0,1
"2015-02-08","渋川市議会議員選挙","渋川市","群馬県",1,0,0,23,63,34,21,1,0.227272727272727,0.454545454545455,0.0454545454545455,0.0909090909090909,0.863636363636364
"2015-02-08","潮来市議会議員補欠選挙","潮来市","茨城県",1,0,1,3,37,37,1,0,0,0,0,0,1
"2015-02-08","潮来市長選挙","潮来市","茨城県",0,1,0,3,52,52,1,0,1,0,0,0,1
"2015-02-08","瑞浪市議会議員選挙","瑞浪市","岐阜県",1,0,0,20,61.5,26,14,2,0.3125,0.4375,0.0625,0.0625,0.875
"2015-02-08","生坂村長選挙","生坂村","長野県",0,1,0,2,58,58,1,0,0,0,0,0,1
"2015-02-08","美浜町議会議員選挙","美浜町","和歌山県",1,0,0,12,59.5,32,8,2,0.4,0.3,0,0.1,0.9
"2015-02-08","美浜町長選挙","美浜町","和歌山県",0,1,0,2,59,59,1,0,0,0,0,0,1
"2015-02-08","舞鶴市長選挙","舞鶴市","京都府",0,1,0,2,64,64,1,0,0,0,1,0,0
"2015-02-08","豊見城市議会議員選挙","豊見城市","沖縄県",1,0,0,28,52,28,20,4,0.333333333333333,0.0833333333333333,0.125,0.208333333333333,0.666666666666667
"2015-02-08","陸前高田市長選挙","陸前高田市","岩手県",0,1,0,2,50,50,1,0,0,0,0,0,1
"2015-02-15","みやま市長選挙","みやま市","福岡県",0,1,0,3,76,76,1,0,0,1,0,0,1
"2015-02-15","井川町議会議員補欠選挙","井川町","秋田県",1,0,1,2,72,65,2,0,1,1,0,0,1
"2015-02-15","井川町長選挙","井川町","秋田県",0,1,0,3,33,33,1,0,1,0,0,0,1
"2015-02-15","厚木市長選挙","厚木市","神奈川県",0,1,0,2,65,65,1,0,0,1,0,0,1
"2015-02-15","和気町議会議員選挙","和気町","岡山県",1,0,0,14,65,59,11,1,0.166666666666667,0.5,0.0833333333333333,0.0833333333333333,0.75
"2015-02-15","大豊町議会議員選挙","大豊町","高知県",1,0,0,12,66,62,10,0,0.1,0.7,0,0.1,0.9
"2015-02-15","大野市議会議員選挙","大野市","福井県",1,0,0,18,63,41,17,1,0.222222222222222,0.444444444444444,0.111111111111111,0.111111111111111,0.777777777777778
"2015-02-15","松野町議会議員選挙","松野町","愛媛県",1,0,0,8,68,56,7,0,0.142857142857143,0.714285714285714,0,0,1
"2015-02-15","清川村長選挙","清川村","神奈川県",0,1,0,1,67,67,1,0,0,1,0,0,1
"2015-02-15","甲佐町議会議員選挙","甲佐町","熊本県",1,0,0,13,62.5,31,12,0,0.166666666666667,0.416666666666667,0,0.0833333333333333,0.916666666666667
"2015-02-15","篠山市長選挙","篠山市","兵庫県",0,1,0,1,60,60,1,0,0,0,0,0,1
"2015-02-15","豊後高田市議会議員選挙","豊後高田市","大分県",1,0,0,24,65,42,16,2,0.333333333333333,0.5,0.0555555555555556,0.111111111111111,0.833333333333333
"2015-02-15","那須町議会議員選挙","那須町","栃木県",1,0,0,19,58.5,43,14,2,0.5,0.1875,0.0625,0.0625,0.875
"2015-02-22","吉川市長選挙","吉川市","埼玉県",0,1,0,2,44,44,1,0,1,0,0,0,1
"2015-02-22","国東市長選挙","国東市","大分県",0,1,0,2,66,66,1,0,0,1,0,0,1
"2015-02-22","山ノ内町長選挙","山ノ内町","長野県",0,1,0,1,67,67,1,0,0,1,0,0,1
"2015-02-22","御代田町長選挙","御代田町","長野県",0,1,0,2,58,58,1,0,0,0,0,0,1
"2015-02-22","戸沢村長選挙","戸沢村","山形県",0,1,0,1,61,61,1,0,0,0,0,0,1
"2015-02-22","由良町議会議員選挙","由良町","和歌山県",1,0,0,10,57.5,50,8,2,0.3,0.2,0,0.1,0.9
"2015-02-22","美浜町議会議員補欠選挙","美浜町","福井県",1,0,1,2,62,62,1,0,1,0,0,0,1
"2015-02-22","美浜町長選挙","美浜町","福井県",0,1,0,2,71,71,1,0,0,1,0,0,1
"2015-02-22","門川町議会議員選挙","門川町","宮崎県",1,0,0,14,63,50,13,1,0.0714285714285714,0.428571428571429,0.0714285714285714,0.0714285714285714,0.857142857142857
"2015-02-22","鳥栖市長選挙","鳥栖市","佐賀県",0,1,0,3,59,59,1,0,0,0,0,0,1
"2015-02-28","北竜町議会議員選挙","北竜町","北海道",1,0,0,8,58.5,49,8,0,0.25,0.375,0,0,1
"2015-02-28","東川町議会議員選挙","東川町","北海道",1,0,0,13,63.5,50,10,2,0.25,0.416666666666667,0.0833333333333333,0.0833333333333333,0.833333333333333
"2015-02-28","東川町長選挙","東川町","北海道",0,1,0,1,64,64,1,0,0,0,0,0,1
"2015-02-28","秩父別町議会議員選挙","秩父別町","北海道",1,0,0,10,62,56,9,0,0.333333333333333,0.333333333333333,0,0,1
"2015-02-28","秩父別町長選挙","秩父別町","北海道",0,1,0,1,68,68,1,0,0,1,0,0,1
"2015-02-28","長沼町議会議員選挙","長沼町","北海道",1,0,0,15,62,41,13,1,0.0714285714285714,0.357142857142857,0.0714285714285714,0.0714285714285714,0.857142857142857
"2015-03-01","台東区長選挙","台東区","東京都",0,1,0,6,72,72,1,0,1,1,1,0,0
"2015-04-12","さいたま市議会議員選挙","さいたま市","埼玉県",1,0,0,NA,52,27,50,10,0.216666666666667,0.116666666666667,0.55,0.133333333333333,0.0833333333333333
"2015-04-12","京都市議会議員選挙","京都市","京都府",1,0,0,NA,49,25,NA,NA,0.313432835820896,0.119402985074627,0.477611940298507,0.26865671641791,0.0149253731343284
"2015-04-12","千葉市議会議員選挙","千葉市","千葉県",1,0,0,NA,51,27,41,9,0.14,0.26,0.48,0.14,0.14
"2015-04-12","名古屋市議会議員選挙","名古屋市","愛知県",1,0,0,NA,51,25,58,15,0.246575342465753,0.0958904109589041,0.465753424657534,0.164383561643836,0
"2015-04-12","堺市議会議員選挙","堺市","大阪府",1,0,0,NA,53.5,27,NA,NA,0.166666666666667,0.125,0.395833333333333,0.125,0.145833333333333
"2015-04-12","大阪市議会議員選挙","大阪市","大阪府",1,0,0,NA,50,29,66,13,0.20253164556962,0.126582278481013,0.468354430379747,0.113924050632911,0.0253164556962025
"2015-04-12","岡山市議会議員選挙","岡山市","岡山県",1,0,0,NA,56,34,41,5,0.130434782608696,0.217391304347826,0.391304347826087,0.108695652173913,0.391304347826087
"2015-04-12","川崎市議会議員選挙","川崎市","神奈川県",1,0,0,NA,51.5,26,NA,NA,0.2,0.116666666666667,0.533333333333333,0.183333333333333,0.05
"2015-04-12","広島市議会議員選挙","広島市","広島県",1,0,0,NA,60,34,46,8,0.111111111111111,0.259259259259259,0.592592592592593,0.111111111111111,0.259259259259259
"2015-04-12","広島市長選挙","広島市","広島県",0,1,0,5,62,62,1,0,0,0,1,0,0
"2015-04-12","新潟市議会議員選挙","新潟市","新潟県",1,0,0,NA,58,28,NA,NA,0.235294117647059,0.294117647058824,0.313725490196078,0.137254901960784,0.411764705882353
"2015-04-12","札幌市議会議員選挙","札幌市","北海道",1,0,0,NA,54,26,52,16,0.264705882352941,0.220588235294118,0.5,0.117647058823529,0.0588235294117647
"2015-04-12","札幌市長選挙","札幌市","北海道",0,1,0,5,59,59,1,0,1,0,0,0,0
"2015-04-12","横浜市議会議員選挙","横浜市","神奈川県",1,0,0,NA,51,33,68,12,0.125,0.1375,0.5875,0.1125,0.05
"2015-04-12","浜松市議会議員選挙","浜松市","静岡県",1,0,0,NA,56,27,NA,NA,0.304347826086957,0.130434782608696,0.260869565217391,0.108695652173913,0.565217391304348
"2015-04-12","浜松市長選挙","浜松市","静岡県",0,1,0,2,57,57,1,0,0,0,0,0,1
"2015-04-12","熊本市議会議員選挙","熊本市","熊本県",1,0,0,NA,60,34,NA,NA,0.125,0.291666666666667,0.458333333333333,0.0625,0.416666666666667
"2015-04-12","相模原市議会議員選挙","相模原市","神奈川県",1,0,0,NA,54.5,25,37,9,0.239130434782609,0.217391304347826,0.478260869565217,0.130434782608696,0.217391304347826
"2015-04-12","相模原市長選挙","相模原市","神奈川県",0,1,0,2,70,70,1,0,0,1,1,0,0
"2015-04-12","神戸市議会議員選挙","神戸市","兵庫県",1,0,0,NA,58,32,54,15,0.217391304347826,0.188405797101449,0.449275362318841,0.173913043478261,0.0289855072463768
"2015-04-12","福岡市議会議員選挙","福岡市","福岡県",1,0,0,NA,53,28,56,6,0.17741935483871,0.0967741935483871,0.451612903225806,0.112903225806452,0.129032258064516
"2015-04-12","静岡市長選挙","静岡市","静岡県",0,1,0,3,53,53,1,0,0,0,1,0,0
"2015-04-26","あさぎり町長選挙","あさぎり町","熊本県",0,1,0,2,67,67,1,0,0,1,0,0,1
"2015-04-26","あま市議会議員選挙","あま市","愛知県",1,0,0,31,60.5,38,23,1,0.291666666666667,0.333333333333333,0.125,0.0833333333333333,0.791666666666667
"2015-04-26","あわら市議会議員補欠選挙","あわら市","福井県",1,0,1,2,69,69,1,0,1,1,0,0,1
"2015-04-26","あわら市長選挙","あわら市","福井県",0,1,0,2,60,60,1,0,0,0,0,0,1
"2015-04-26","えりも町議会議員選挙","えりも町","北海道",1,0,0,12,63,36,11,0,0,0.363636363636364,0.0909090909090909,0,0.909090909090909
"2015-04-26","おいらせ町議会議員選挙","おいらせ町","青森県",1,0,0,19,62,50,NA,NA,0.1875,0.3125,0,0,1
"2015-04-26","おおい町議会議員選挙","おおい町","福井県",1,0,0,16,66,36,12,2,0.285714285714286,0.642857142857143,0,0,1
"2015-04-26","さぬき市議会議員選挙","さぬき市","香川県",1,0,0,22,63,34,19,2,0.142857142857143,0.476190476190476,0.0952380952380952,0.0476190476190476,0.857142857142857
"2015-04-26","すさみ町議会議員選挙","すさみ町","和歌山県",1,0,0,16,59,36,9,1,0.5,0,0,0.1,0.9
"2015-04-26","すさみ町長選挙","すさみ町","和歌山県",0,1,0,2,65,65,1,0,0,1,0,0,1
"2015-04-26","せたな町議会議員選挙","せたな町","北海道",1,0,0,13,63,45,12,0,0.166666666666667,0.25,0,0.0833333333333333,0.916666666666667
"2015-04-26","ふじみ野市議会議員選挙","ふじみ野市","埼玉県",1,0,0,23,56,29,16,5,0.238095238095238,0.238095238095238,0.19047619047619,0.238095238095238,0.523809523809524
"2015-04-26","みどり市議会議員選挙","みどり市","群馬県",1,0,0,21,64,37,16,4,0.1,0.5,0.1,0.05,0.85
"2015-04-26","みやこ町議会議員選挙","みやこ町","福岡県",1,0,0,18,64,29,15,1,0.125,0.4375,0,0.0625,0.9375
"2015-04-26","みよし市議会議員選挙","みよし市","愛知県",1,0,0,22,61.5,33,NA,NA,0.3,0.4,0.1,0.05,0.8
"2015-04-26","ニセコ町議会議員選挙","ニセコ町","北海道",1,0,0,11,62,45,9,1,0.4,0.3,0,0.1,0.9
"2015-04-26","一宮市議会議員選挙","一宮市","愛知県",1,0,0,53,59,28,33,5,0.289473684210526,0.342105263157895,0.157894736842105,0.0789473684210526,0.736842105263158
"2015-04-26","七戸町議会議員選挙","七戸町","青森県",1,0,0,17,66,45,NA,NA,0.1875,0.5625,0,0.0625,0.9375
"2015-04-26","七飯町議会議員選挙","七飯町","北海道",1,0,0,23,63,32,17,1,0.166666666666667,0.444444444444444,0.111111111111111,0.0555555555555556,0.833333333333333
"2015-04-26","三原村議会議員選挙","三原村","高知県",1,0,0,9,61,50,NA,NA,0.25,0.5,0,0,1
"2015-04-26","三宅町議会議員選挙","三宅町","奈良県",1,0,0,14,68.5,30,9,1,0.6,0.6,0,0.1,0.9
"2015-04-26","三島市議会議員選挙","三島市","静岡県",1,0,0,26,57,38,NA,NA,0.272727272727273,0.181818181818182,0.136363636363636,0.0909090909090909,0.727272727272727
"2015-04-26","三島村議会議員選挙","三島村","鹿児島県",1,0,0,7,63,51,6,1,0.142857142857143,0.285714285714286,0,0,1
"2015-04-26","三島町長選挙","三島町","福島県",0,1,0,1,63,63,1,0,1,0,0,0,1
"2015-04-26","三木市議会議員選挙","三木市","兵庫県",1,0,0,NA,56,27,14,2,0.25,0.25,0.125,0.125,0.5625
"2015-04-26","三木町議会議員選挙","三木町","香川県",1,0,0,17,65,49,NA,NA,0.25,0.5625,0.0625,0.125,0.8125
"2015-04-26","三次市長選挙","三次市","広島県",0,1,0,1,68,68,1,0,0,1,0,0,1
"2015-04-26","三浦市議会議員選挙","三浦市","神奈川県",1,0,0,14,57,37,9,4,0.230769230769231,0.153846153846154,0.307692307692308,0.230769230769231,0.461538461538462
"2015-04-26","三笠市議会議員選挙","三笠市","北海道",1,0,0,10,57,33,10,0,0.3,0.1,0.1,0.1,0.8
"2015-04-26","三笠市長選挙","三笠市","北海道",0,1,0,1,64,64,1,0,1,0,0,0,1
"2015-04-26","三股町議会議員選挙","三股町","宮崎県",1,0,0,14,62,30,11,1,0.25,0.333333333333333,0.0833333333333333,0.166666666666667,0.75
"2015-04-26","三芳町議会議員選挙","三芳町","埼玉県",1,0,0,17,50,34,11,4,0.333333333333333,0.0666666666666667,0.2,0.2,0.533333333333333
"2015-04-26","三郷町議会議員選挙","三郷町","奈良県",1,0,0,15,65,40,10,3,NA,0.538461538461538,0,0.230769230769231,0.769230769230769
"2015-04-26","三鷹市議会議員選挙","三鷹市","東京都",1,0,0,31,51,38,23,5,0.107142857142857,0.107142857142857,0.285714285714286,0.142857142857143,0.392857142857143
"2015-04-26","三鷹市長選挙","三鷹市","東京都",0,1,0,2,63,63,0,1,0,0,0,0,1
"2015-04-26","上ノ国町議会議員選挙","上ノ国町","北海道",1,0,0,12,71,64,9,0,0.111111111111111,0.888888888888889,0,0,1
"2015-04-26","上三川町長選挙","上三川町","栃木県",0,1,0,2,52,52,1,0,0,0,0,0,1
"2015-04-26","上北山村議会議員選挙","上北山村","奈良県",1,0,0,7,67,60,6,0,0.166666666666667,0.5,0,0,1
"2015-04-26","上士幌町議会議員選挙","上士幌町","北海道",1,0,0,11,65,53,8,3,0.272727272727273,0.545454545454545,0,0.0909090909090909,0.909090909090909
"2015-04-26","上小阿仁村議会議員選挙","上小阿仁村","秋田県",1,0,0,9,64,54,6,2,0.375,0.5,0,0,1
"2015-04-26","上小阿仁村長選挙","上小阿仁村","秋田県",0,1,0,3,60,60,1,0,1,0,0,0,1
"2015-04-26","上山市議会議員選挙","上山市","山形県",1,0,0,18,59,33,13,2,0.266666666666667,0.133333333333333,0,0.133333333333333,0.866666666666667
"2015-04-26","上山市長選挙","上山市","山形県",0,1,0,1,68,68,1,0,0,1,0,0,1
"2015-04-26","上松町議会議員選挙","上松町","長野県",1,0,0,10,63,55,9,1,0.4,0.5,0,0,1
"2015-04-26","上牧町議会議員選挙","上牧町","奈良県",1,0,0,14,58.5,45,9,3,0.25,0.25,0.25,0.166666666666667,0.583333333333333
"2015-04-26","上野村議会議員選挙","上野村","群馬県",1,0,0,9,64,38,8,0,0.375,0.25,0,0,1
"2015-04-26","下北山村議会議員選挙","下北山村","奈良県",1,0,0,9,65.5,34,8,0,0.125,0.625,0,0,1
"2015-04-26","下北山村長選挙","下北山村","奈良県",0,1,0,1,61,61,1,0,1,0,0,0,1
"2015-04-26","下川町議会議員選挙","下川町","北海道",1,0,0,9,63,41,8,0,0.625,0.5,0,0,1
"2015-04-26","下川町長選挙","下川町","北海道",0,1,0,1,60,60,1,0,1,0,0,0,1
"2015-04-26","下市町議会議員選挙","下市町","奈良県",1,0,0,11,60,33,NA,NA,0.25,0.25,0,0.125,0.875
"2015-04-26","下條村議会議員選挙","下條村","長野県",1,0,0,10,65,59,10,0,0.5,0.6,0,0.1,0.9
"2015-04-26","下田市議会議員選挙","下田市","静岡県",1,0,0,17,64,47,NA,NA,0.307692307692308,0.461538461538462,0.0769230769230769,0.0769230769230769,0.846153846153846
"2015-04-26","下諏訪町議会議員選挙","下諏訪町","長野県",1,0,0,14,64,44,10,3,0.230769230769231,0.461538461538462,0.0769230769230769,0.230769230769231,0.692307692307692
"2015-04-26","世田谷区議会議員選挙","世田谷区","東京都",1,0,0,82,51,25,34,16,0.2,0.1,0.52,0.12,0.18
"2015-04-26","世田谷区長選挙","世田谷区","東京都",0,1,0,2,59,59,1,0,0,0,0,0,1
"2015-04-26","中之条町議会議員選挙","中之条町","群馬県",1,0,0,19,62.5,38,16,2,0.166666666666667,0.222222222222222,0.0555555555555556,0.111111111111111,0.833333333333333
"2015-04-26","中井町議会議員選挙","中井町","神奈川県",1,0,0,13,64.5,45,10,2,0.5,0.5,0,0.0833333333333333,0.916666666666667
"2015-04-26","中央区議会議員選挙","中央区","東京都",1,0,0,48,52.5,29,21,9,0.166666666666667,0.166666666666667,0.533333333333333,0.133333333333333,0.233333333333333
"2015-04-26","中央区長選挙","中央区","東京都",0,1,0,5,74,74,1,0,0,1,0,0,1
"2015-04-26","中川町議会議員選挙","中川町","北海道",1,0,0,9,70,36,8,0,0.375,0.75,0,0,1
"2015-04-26","中川町長選挙","中川町","北海道",0,1,0,2,65,65,1,0,0,1,0,0,1
"2015-04-26","中札内村議会議員選挙","中札内村","北海道",1,0,0,10,65.5,48,7,1,0.375,0.625,0,0,1
"2015-04-26","中津川市議会議員選挙","中津川市","岐阜県",1,0,0,26,61,44,NA,NA,0.285714285714286,0.285714285714286,0.0952380952380952,0.0476190476190476,0.857142857142857
"2015-04-26","中津市議会議員選挙","中津市","大分県",1,0,0,27,59,41,NA,NA,0.230769230769231,0.192307692307692,0.115384615384615,0.115384615384615,0.769230769230769
"2015-04-26","中種子町議会議員選挙","中種子町","鹿児島県",1,0,0,15,63,49,12,2,0.214285714285714,0.357142857142857,0,0,1
"2015-04-26","中種子町長選挙","中種子町","鹿児島県",0,1,0,2,53,53,1,0,1,0,0,0,1
"2015-04-26","中野区議会議員選挙","中野区","東京都",1,0,0,59,45.5,28,33,9,0.261904761904762,0.0952380952380952,0.523809523809524,0.166666666666667,0.142857142857143
"2015-04-26","中頓別町議会議員選挙","中頓別町","北海道",1,0,0,9,58.5,31,7,1,0.375,0.375,0,0.125,0.875
"2015-04-26","中頓別町長選挙","中頓別町","北海道",0,1,0,2,54,54,1,0,1,0,0,0,1
"2015-04-26","串間市議会議員選挙","串間市","宮崎県",1,0,0,23,64,32,14,1,0.0666666666666667,0.466666666666667,0.133333333333333,0.0666666666666667,0.8
"2015-04-26","丹波山村議会議員選挙","丹波山村","山梨県",1,0,0,8,62,33,8,0,0.25,0.375,0,0,1
"2015-04-26","久御山町議会議員選挙","久御山町","京都府",1,0,0,16,59,32,11,3,0.357142857142857,0.357142857142857,0.142857142857143,0.142857142857143,0.714285714285714
"2015-04-26","久留米市議会議員選挙","久留米市","福岡県",1,0,0,NA,57,27,32,6,0.263157894736842,0.289473684210526,0.289473684210526,0.0526315789473684,0.631578947368421
"2015-04-26","乙部町議会議員選挙","乙部町","北海道",1,0,0,10,64.5,49,9,1,0.2,0.5,0,0.1,0.9
"2015-04-26","乙部町長選挙","乙部町","北海道",0,1,0,1,70,70,1,0,0,1,0,0,1
"2015-04-26","九度山町議会議員選挙","九度山町","和歌山県",1,0,0,11,64.5,49,9,1,0.2,0.5,0,0.1,0.9
"2015-04-26","五條市長選挙","五條市","奈良県",0,1,0,1,53,53,1,0,0,0,0,0,1
"2015-04-26","五霞町議会議員選挙","五霞町","茨城県",1,0,0,12,64,37,9,1,0.3,0.5,0,0,1
"2015-04-26","五霞町長選挙","五霞町","茨城県",0,1,0,1,68,68,1,0,0,1,0,0,1
"2015-04-26","京極町議会議員選挙","京極町","北海道",1,0,0,11,59.5,48,9,1,0.3,0.2,0,0,1
"2015-04-26","京極町長選挙","京極町","北海道",0,1,0,1,63,63,1,0,0,0,0,0,1
"2015-04-26","京田辺市議会議員選挙","京田辺市","京都府",1,0,0,20,60,35,16,4,0.15,0.4,0.1,0.25,0.55
"2015-04-26","京田辺市長選挙","京田辺市","京都府",0,1,0,3,67,67,1,0,0,1,0,0,1
"2015-04-26","人吉市議会議員選挙","人吉市","熊本県",1,0,0,22,58.5,35,NA,NA,0.111111111111111,0.166666666666667,0.0555555555555556,0.111111111111111,0.833333333333333
"2015-04-26","人吉市長選挙","人吉市","熊本県",0,1,0,3,37,37,NA,NA,1,0,0,0,1
"2015-04-26","今金町議会議員選挙","今金町","北海道",1,0,0,13,64,44,10,2,0.166666666666667,0.5,0.0833333333333333,0,0.916666666666667
"2015-04-26","今金町長選挙","今金町","北海道",0,1,0,2,65,65,1,0,0,1,0,0,1
"2015-04-26","伊万里市議会議員選挙","伊万里市","佐賀県",1,0,0,30,59,37,23,1,0.291666666666667,0.25,0.166666666666667,0.0416666666666667,0.791666666666667
"2015-04-26","伊丹市議会議員選挙","伊丹市","兵庫県",1,0,0,37,52,29,21,7,0.178571428571429,0.107142857142857,0.285714285714286,0.178571428571429,0.392857142857143
"2015-04-26","伊勢原市議会議員選挙","伊勢原市","神奈川県",1,0,0,27,54,30,17,4,0.333333333333333,0.142857142857143,0.142857142857143,0.0952380952380952,0.619047619047619
"2015-04-26","伊奈町議会議員選挙","伊奈町","埼玉県",1,0,0,19,62,39,12,4,0.25,0.3125,0.1875,0.1875,0.5625
"2015-04-26","伊達市議会議員選挙","伊達市","北海道",1,0,0,NA,63,31,17,1,0.166666666666667,0.388888888888889,0.111111111111111,0.0555555555555556,0.833333333333333
"2015-04-26","伊達市長選挙","伊達市","北海道",0,1,0,1,64,64,1,0,0,0,0,0,1
"2015-04-26","佐世保市議会議員選挙","佐世保市","長崎県",1,0,0,40,62,31,32,1,0.151515151515152,0.303030303030303,0.333333333333333,0.121212121212121,0.424242424242424
"2015-04-26","佐世保市長選挙","佐世保市","長崎県",0,1,0,1,66,66,1,0,0,1,0,0,1
"2015-04-26","佐井村議会議員選挙","佐井村","青森県",1,0,0,8,66,60,NA,NA,0,0.625,0,0,1
"2015-04-26","佐倉市議会議員選挙","佐倉市","千葉県",1,0,0,35,61,33,18,10,0.214285714285714,0.285714285714286,0.142857142857143,0.0714285714285714,0.571428571428571
"2015-04-26","佐倉市長選挙","佐倉市","千葉県",0,1,0,3,65,65,1,0,0,1,0,0,1
"2015-04-26","佐那河内村議会議員選挙","佐那河内村","徳島県",1,0,0,12,66,45,8,0,0.375,0.625,0,0,1
"2015-04-26","倶知安町議会議員選挙","倶知安町","北海道",1,0,0,21,59,39,14,2,0.375,0.25,0.0625,0.0625,0.875
"2015-04-26","八女市議会議員選挙","八女市","福岡県",1,0,0,29,61,53,24,2,0.153846153846154,0.153846153846154,0.0769230769230769,0.0769230769230769,0.846153846153846
"2015-04-26","八尾市議会議員選挙","八尾市","大阪府",1,0,0,32,57.5,26,NA,NA,0.214285714285714,0.285714285714286,0.321428571428571,0.214285714285714,0.321428571428571
"2015-04-26","八尾市長選挙","八尾市","大阪府",0,1,0,2,58,58,1,0,0,0,0,0,1
"2015-04-26","八幡市議会議員選挙","八幡市","京都府",1,0,0,25,57,40,17,4,0.333333333333333,0.142857142857143,0.285714285714286,0.238095238095238,0.380952380952381
"2015-04-26","八戸市議会議員選挙","八戸市","青森県",1,0,0,43,62,29,27,5,0.15625,0.3125,0.4375,0.09375,0.21875
"2015-04-26","八王子市議会議員選挙","八王子市","東京都",1,0,0,51,48.5,30,30,10,0.225,0.05,0.55,0.15,0.15
"2015-04-26","六ヶ所村議会議員選挙","六ヶ所村","青森県",1,0,0,19,63,38,18,0,0.111111111111111,0.444444444444444,0,0,1
"2015-04-26","六戸町議会議員選挙","六戸町","青森県",1,0,0,13,62,51,12,0,0.0833333333333333,0.333333333333333,0,0,1
"2015-04-26","内灘町議会議員選挙","内灘町","石川県",1,0,0,17,59,26,NA,NA,0.230769230769231,0.230769230769231,0.230769230769231,0.153846153846154,0.615384615384615
"2015-04-26","函南町議会議員選挙","函南町","静岡県",1,0,0,18,61.5,42,NA,NA,0.125,0.3125,0.0625,0.125,0.75
"2015-04-26","函館市議会議員選挙","函館市","北海道",1,0,0,33,60,36,21,9,0.133333333333333,0.333333333333333,0.3,0.1,0.433333333333333
"2015-04-26","函館市長選挙","函館市","北海道",0,1,0,2,65,65,1,0,0,1,0,0,1
"2015-04-26","刈羽村議会議員選挙","刈羽村","新潟県",1,0,0,13,63.5,44,NA,NA,0.333333333333333,0.416666666666667,0,0.0833333333333333,0.916666666666667
"2015-04-26","初山別村議会議員選挙","初山別村","北海道",1,0,0,9,67.5,59,6,2,0.125,0.75,0,0,1
"2015-04-26","初山別村長選挙","初山別村","北海道",0,1,0,1,57,57,1,0,0,0,0,0,1
"2015-04-26","別府市議会議員選挙","別府市","大分県",1,0,0,32,61,31,25,0,0.16,0.36,0.56,0.08,0.36
"2015-04-26","別府市長選挙","別府市","大分県",0,1,0,5,40,40,1,0,1,0,0,0,1
"2015-04-26","別海町議会議員選挙","別海町","北海道",1,0,0,17,65,38,15,1,0.1875,0.5625,0.0625,0.125,0.8125
"2015-04-26","別海町長選挙","別海町","北海道",0,1,0,2,65,65,1,0,0,1,0,0,1
"2015-04-26","利根町議会議員選挙","利根町","茨城県",1,0,0,15,69,50,10,2,0.166666666666667,0.666666666666667,0.0833333333333333,0,0.916666666666667
"2015-04-26","加茂市議会議員選挙","加茂市","新潟県",1,0,0,22,64,42,NA,NA,0.222222222222222,0.444444444444444,0.0555555555555556,0.0555555555555556,0.888888888888889
"2015-04-26","加茂市長選挙","加茂市","新潟県",0,1,0,2,78,78,1,0,0,1,0,0,1
"2015-04-26","加須市議会議員選挙","加須市","埼玉県",1,0,0,34,65,40,19,9,0.0714285714285714,0.535714285714286,0.142857142857143,0.142857142857143,0.642857142857143
"2015-04-26","勝浦市議会議員選挙","勝浦市","千葉県",1,0,0,17,62,37,NA,NA,0.1875,0.25,0,0.0625,0.9375
"2015-04-26","北上市長選挙","北上市","岩手県",0,1,0,1,60,60,1,0,0,0,0,0,1
"2015-04-26","北区議会議員選挙","北区","東京都",1,0,0,50,53,30,30,10,0.075,0.175,0.575,0.25,0.025
"2015-04-26","北区長選挙","北区","東京都",0,1,0,3,80,80,1,0,0,1,0,0,1
"2015-04-26","北塩原村議会議員選挙","北塩原村","福島県",1,0,0,11,62,54,9,1,0.1,0.4,0,0.1,0.9
"2015-04-26","北島町議会議員選挙","北島町","徳島県",1,0,0,14,68,47,14,0,0,0.642857142857143,0.0714285714285714,0.0714285714285714,0.857142857142857
"2015-04-26","北川村議会議員選挙","北川村","高知県",1,0,0,10,67,48,8,0,0.25,0.625,0,0,1
"2015-04-26","北川村長選挙","北川村","高知県",0,1,0,1,53,53,NA,NA,1,0,0,0,1
"2015-04-26","北広島市議会議員選挙","北広島市","北海道",1,0,0,30,60.5,41,14,8,0.272727272727273,0.318181818181818,0.227272727272727,0.136363636363636,0.409090909090909
"2015-04-26","北斗市議会議員選挙","北斗市","北海道",1,0,0,24,65,45,20,2,0.0909090909090909,0.545454545454545,0.0909090909090909,0.0909090909090909,0.818181818181818
"2015-04-26","北本市議会議員選挙","北本市","埼玉県",1,0,0,25,63.5,29,15,5,0.2,0.35,0.2,0.1,0.6
"2015-04-26","北本市長選挙","北本市","埼玉県",0,1,0,2,68,68,1,0,1,1,0,0,1
"2015-04-26","北相木村議会議員選挙","北相木村","長野県",1,0,0,9,60.5,55,8,0,0.5,0.25,0,0,1
"2015-04-26","十津川村議会議員選挙","十津川村","奈良県",1,0,0,10,60,38,9,0,0.111111111111111,0.222222222222222,0,0,1
"2015-04-26","千代田区議会議員選挙","千代田区","東京都",1,0,0,38,55,35,20,5,0.28,0.16,0.48,0.12,0.32
"2015-04-26","千歳市議会議員補欠選挙","千歳市","北海道",1,0,1,5,49,44,3,0,1,0,0.666666666666667,0,0.333333333333333
"2015-04-26","千歳市長選挙","千歳市","北海道",0,1,0,1,73,73,1,0,0,1,0,0,1
"2015-04-26","半田市議会議員選挙","半田市","愛知県",1,0,0,25,51.5,39,19,3,0.0909090909090909,0.0454545454545455,0.136363636363636,0.0909090909090909,0.727272727272727
"2015-04-26","南アルプス市議会議員補欠選挙","南アルプス市","山梨県",1,0,1,2,67.5,67,2,0,1,1,0,0,1
"2015-04-26","南アルプス市長選挙","南アルプス市","山梨県",0,1,0,2,66,66,1,0,1,1,0,0,1
"2015-04-26","南会津町議会議員選挙","南会津町","福島県",1,0,0,21,63.5,40,17,1,0.277777777777778,0.444444444444444,0.0555555555555556,0,0.944444444444444
"2015-04-26","南富良野町議会議員選挙","南富良野町","北海道",1,0,0,8,62,48,8,0,0,0.375,0,0,1
"2015-04-26","南小国町議会議員選挙","南小国町","熊本県",1,0,0,12,60.5,49,10,0,0.4,0.2,0,0.1,0.9
"2015-04-26","南小国町長選挙","南小国町","熊本県",0,1,0,2,42,42,1,0,1,0,0,0,1
"2015-04-26","南幌町議会議員選挙","南幌町","北海道",1,0,0,13,61,56,7,4,0.181818181818182,0.0909090909090909,0.0909090909090909,0.0909090909090909,0.818181818181818
"2015-04-26","南牧村議会議員選挙","南牧村","長野県",1,0,0,7,60,55,7,0,0.714285714285714,0.142857142857143,0,0.142857142857143,0.857142857142857
"2015-04-26","南相木村議会議員選挙","南相木村","長野県",1,0,0,9,65.5,60,8,0,0.5,0.5,0,0,1
"2015-04-26","南種子町議会議員選挙","南種子町","鹿児島県",1,0,0,16,65.5,60,NA,NA,0.3,0.6,0,0,1
"2015-04-26","南種子町長選挙","南種子町","鹿児島県",0,1,0,2,78,78,1,0,0,1,0,0,1
"2015-04-26","南箕輪村議会議員選挙","南箕輪村","長野県",1,0,0,11,65,48,8,2,0,0.7,0.1,0.1,0.8
"2015-04-26","南足柄市議会議員選挙","南足柄市","神奈川県",1,0,0,18,62,42,16,0,0.3125,0.4375,0.125,0.0625,0.8125
"2015-04-26","南足柄市長選挙","南足柄市","神奈川県",0,1,0,2,66,66,1,0,0,1,0,0,1
"2015-04-26","南部町長選挙","南部町","山梨県",0,1,0,1,63,63,1,0,0,0,0,0,1
"2015-04-26","占冠村議会議員選挙","占冠村","北海道",1,0,0,9,70,48,7,1,0.125,0.75,0,0,1
"2015-04-26","印西市議会議員選挙","印西市","千葉県",1,0,0,30,56,40,16,6,0.227272727272727,0.0454545454545455,0.136363636363636,0.0909090909090909,0.727272727272727
"2015-04-26","厚岸町議会議員選挙","厚岸町","北海道",1,0,0,15,66,43,11,2,0.153846153846154,0.538461538461538,0.0769230769230769,0.153846153846154,0.769230769230769
"2015-04-26","厚沢部町議会議員選挙","厚沢部町","北海道",1,0,0,10,64,43,10,0,0,0.4,0,0.1,0.9
"2015-04-26","厚沢部町長選挙","厚沢部町","北海道",0,1,0,1,71,71,1,0,0,1,0,0,1
"2015-04-26","厚真町議会議員選挙","厚真町","北海道",1,0,0,12,60,52,10,1,0.272727272727273,0.363636363636364,0,0.0909090909090909,0.909090909090909
"2015-04-26","原村議会議員選挙","原村","長野県",1,0,0,13,66,45,8,3,0.363636363636364,0.545454545454545,0,0.181818181818182,0.818181818181818
"2015-04-26","取手市議会議員補欠選挙","取手市","茨城県",1,0,1,4,40.5,39,1,1,1,0,0,0.5,0.5
"2015-04-26","取手市長選挙","取手市","茨城県",0,1,0,3,55,55,1,0,0,0,0,0,1
"2015-04-26","古平町議会議員選挙","古平町","北海道",1,0,0,11,67.5,37,10,0,0.3,0.6,0,0.1,0.9
"2015-04-26","古殿町長選挙","古殿町","福島県",0,1,0,1,56,56,1,0,0,0,0,0,1
"2015-04-26","古河市議会議員選挙","古河市","茨城県",1,0,0,34,63.5,30,23,1,0.0833333333333333,0.375,0.166666666666667,0.0416666666666667,0.791666666666667
"2015-04-26","古賀市議会議員選挙","古賀市","福岡県",1,0,0,22,63,47,14,5,0.368421052631579,0.421052631578947,0.105263157894737,0.105263157894737,0.736842105263158
"2015-04-26","台東区議会議員選挙","台東区","東京都",1,0,0,42,54,31,26,6,0.1875,0.21875,0.46875,0.125,0.21875
"2015-04-26","合志市議会議員選挙","合志市","熊本県",1,0,0,27,60,35,16,3,0.263157894736842,0.105263157894737,0.0526315789473684,0.0526315789473684,0.894736842105263
"2015-04-26","吉富町議会議員選挙","吉富町","福岡県",1,0,0,13,60.5,44,9,1,0.1,0.3,0,0.1,0.9
"2015-04-26","吉富町長選挙","吉富町","福岡県",0,1,0,1,62,62,1,0,0,0,0,0,1
"2015-04-26","吉岡町議会議員選挙","吉岡町","群馬県",1,0,0,17,64.5,43,15,1,0.5,0.5,0.0625,0.0625,0.875
"2015-04-26","吉岡町長選挙","吉岡町","群馬県",0,1,0,2,74,74,1,0,0,1,0,0,1
"2015-04-26","吉田町議会議員選挙","吉田町","静岡県",1,0,0,16,66,49,9,4,0.307692307692308,0.538461538461538,0,0.0769230769230769,0.923076923076923
"2015-04-26","吉田町長選挙","吉田町","静岡県",0,1,0,2,71,71,1,0,0,1,0,0,1
"2015-04-26","吉見町議会議員選挙","吉見町","埼玉県",1,0,0,14,65,40,11,3,0.142857142857143,0.571428571428571,0.142857142857143,0.142857142857143,0.714285714285714
"2015-04-26","名寄市議会議員選挙","名寄市","北海道",1,0,0,18,60,40,14,4,0.277777777777778,0.166666666666667,0.111111111111111,0.111111111111111,0.777777777777778
"2015-04-26","向日市長選挙","向日市","京都府",0,1,0,2,50,50,1,0,1,0,0,0,1
"2015-04-26","吹田市議会議員選挙","吹田市","大阪府",1,0,0,50,52,28,NA,NA,0.305555555555556,0.0555555555555556,0.361111111111111,0.194444444444444,0.138888888888889
"2015-04-26","吹田市長選挙","吹田市","大阪府",0,1,0,4,57,57,NA,NA,1,0,0,0,1
"2015-04-26","呉市議会議員選挙","呉市","広島県",1,0,0,35,59,28,29,3,0.1875,0.25,0.125,0.09375,0.71875
"2015-04-26","周南市議会議員補欠選挙","周南市","山口県",1,0,1,3,33,33,0,1,1,0,0,0,1
"2015-04-26","周南市長選挙","周南市","山口県",0,1,0,2,62,62,1,0,0,0,0,0,1
"2015-04-26","和光市議会議員選挙","和光市","埼玉県",1,0,0,20,57.5,34,13,5,0.333333333333333,0.222222222222222,0.166666666666667,0.166666666666667,0.555555555555556
"2015-04-26","和寒町議会議員選挙","和寒町","北海道",1,0,0,11,55.5,43,9,1,0.3,0.1,0,0,1
"2015-04-26","和木町議会議員選挙","和木町","山口県",1,0,0,11,59.5,52,6,4,0.3,0.2,0,0.1,0.9
"2015-04-26","和束町議会議員選挙","和束町","京都府",1,0,0,11,64,47,9,1,0.2,0.5,0.1,0.1,0.8
"2015-04-26","和歌山市議会議員選挙","和歌山市","和歌山県",1,0,0,47,52.5,33,NA,NA,0.131578947368421,0.157894736842105,0.315789473684211,0.131578947368421,0.421052631578947
"2015-04-26","品川区議会議員選挙","品川区","東京都",1,0,0,54,50.5,29,29,11,0.15,0.075,0.475,0.175,0.15
"2015-04-26","善通寺市議会議員選挙","善通寺市","香川県",1,0,0,18,62,39,NA,NA,0.3125,0.4375,0.375,0.0625,0.5625
"2015-04-26","喜多方市議会議員選挙","喜多方市","福島県",1,0,0,26,62,32,23,3,0.230769230769231,0.346153846153846,0.0769230769230769,0.0769230769230769,0.846153846153846
"2015-04-26","喜茂別町議会議員選挙","喜茂別町","北海道",1,0,0,9,64,29,9,0,0.111111111111111,0.333333333333333,0,0,1
"2015-04-26","嘉麻市議会議員選挙","嘉麻市","福岡県",1,0,0,22,66,37,18,0,0.111111111111111,0.666666666666667,0.111111111111111,0.111111111111111,0.777777777777778
"2015-04-26","四日市市議会議員選挙","四日市市","三重県",1,0,0,46,54.5,33,32,2,0.235294117647059,0.117647058823529,0.235294117647059,0.0882352941176471,0.588235294117647
"2015-04-26","四條畷市議会議員選挙","四條畷市","大阪府",1,0,0,16,57,40,NA,NA,0,0.0833333333333333,0.25,0.0833333333333333,0.583333333333333
"2015-04-26","国分寺市議会議員選挙","国分寺市","東京都",1,0,0,29,45.5,31,17,7,0.208333333333333,0.0833333333333333,0.291666666666667,0.166666666666667,0.333333333333333
"2015-04-26","国立市議会議員選挙","国立市","東京都",1,0,0,30,53,27,14,8,0.318181818181818,0.0909090909090909,0.409090909090909,0.181818181818182,0.318181818181818
"2015-04-26","国立市長選挙","国立市","東京都",0,1,0,2,67,67,1,0,0,1,0,0,1
"2015-04-26","土佐町議会議員選挙","土佐町","高知県",1,0,0,12,65.5,57,10,0,0.3,0.7,0,0.2,0.8
"2015-04-26","土佐町長選挙","土佐町","高知県",0,1,0,2,59,59,1,0,1,0,0,0,1
"2015-04-26","土岐市議会議員選挙","土岐市","岐阜県",1,0,0,19,62.5,30,15,3,0.277777777777778,0.388888888888889,0.111111111111111,0.0555555555555556,0.833333333333333
"2015-04-26","土岐市長選挙","土岐市","岐阜県",0,1,0,2,60,60,1,0,0,0,0,0,1
"2015-04-26","土庄町議会議員選挙","土庄町","香川県",1,0,0,17,66,36,12,0,0.5,0.583333333333333,0,0.0833333333333333,0.916666666666667
"2015-04-26","土浦市議会議員選挙","土浦市","茨城県",1,0,0,41,62,44,26,2,0.214285714285714,0.392857142857143,0.142857142857143,0.0714285714285714,0.785714285714286
"2015-04-26","坂出市議会議員選挙","坂出市","香川県",1,0,0,22,59,42,NA,NA,0.15,0.25,0.75,0.05,0.15
"2015-04-26","坂城町議会議員選挙","坂城町","長野県",1,0,0,15,66,56,11,3,0.285714285714286,0.642857142857143,0.0714285714285714,0.142857142857143,0.785714285714286
"2015-04-26","坂城町長選挙","坂城町","長野県",0,1,0,1,68,68,1,0,0,1,0,0,1
"2015-04-26","坂町議会議員選挙","坂町","広島県",1,0,0,12,66,36,NA,NA,0.25,0.75,0,0,1
"2015-04-26","坂祝町議会議員選挙","坂祝町","岐阜県",1,0,0,11,65,38,9,1,0.3,0.5,0.1,0.1,0.8
"2015-04-26","坂祝町長選挙","坂祝町","岐阜県",0,1,0,2,59,59,1,0,0,0,0,0,1
"2015-04-26","垂井町議会議員選挙","垂井町","岐阜県",1,0,0,16,63,29,12,1,0.384615384615385,0.461538461538462,0.0769230769230769,0,0.923076923076923
"2015-04-26","垂井町長選挙","垂井町","岐阜県",0,1,0,3,60,60,1,0,0,0,0,0,1
"2015-04-26","垂水市議会議員選挙","垂水市","鹿児島県",1,0,0,16,64,54,14,0,0.142857142857143,0.5,0.0714285714285714,0.0714285714285714,0.857142857142857
"2015-04-26","城陽市議会議員選挙","城陽市","京都府",1,0,0,25,60,37,14,6,0.35,0.3,0.3,0.2,0.35
"2015-04-26","基山町議会議員選挙","基山町","佐賀県",1,0,0,13,61,47,10,3,0.307692307692308,0.384615384615385,0,0.230769230769231,0.769230769230769
"2015-04-26","塩尻市議会議員選挙","塩尻市","長野県",1,0,0,20,62,37,16,2,0.277777777777778,0.388888888888889,0.111111111111111,0.111111111111111,0.777777777777778
"2015-04-26","増毛町議会議員選挙","増毛町","北海道",1,0,0,12,61,34,10,1,0.272727272727273,0.363636363636364,0,0,0.909090909090909
"2015-04-26","墨田区議会議員選挙","墨田区","東京都",1,0,0,42,52,27,22,10,0.25,0.125,0.625,0.15625,0.09375
"2015-04-26","墨田区長選挙","墨田区","東京都",0,1,0,3,53,53,1,0,1,0,0,0,1
"2015-04-26","士幌町議会議員選挙","士幌町","北海道",1,0,0,12,62.5,46,NA,NA,0.0833333333333333,0.416666666666667,0,0.166666666666667,0.833333333333333
"2015-04-26","壮瞥町議会議員選挙","壮瞥町","北海道",1,0,0,9,60,49,9,0,0.111111111111111,0.222222222222222,0.111111111111111,0,0.888888888888889
"2015-04-26","壮瞥町長選挙","壮瞥町","北海道",0,1,0,1,66,66,1,0,0,1,0,0,1
"2015-04-26","夕張市議会議員選挙","夕張市","北海道",1,0,0,9,62,26,7,2,0.444444444444444,0.111111111111111,0.111111111111111,0.111111111111111,0.666666666666667
"2015-04-26","夕張市長選挙","夕張市","北海道",0,1,0,1,34,34,1,0,0,0,0,0,1
"2015-04-26","外ヶ浜町議会議員選挙","外ヶ浜町","青森県",1,0,0,13,62,52,11,0,0,0.363636363636364,0,0.181818181818182,0.818181818181818
"2015-04-26","多久市議会議員選挙","多久市","佐賀県",1,0,0,16,61.5,29,14,2,0.125,0.375,0.0625,0.0625,0.875
"2015-04-26","多古町議会議員選挙","多古町","千葉県",1,0,0,15,61,45,10,4,0.142857142857143,0.285714285714286,0,0.142857142857143,0.857142857142857
"2015-04-26","多摩市議会議員選挙","多摩市","東京都",1,0,0,37,53.5,33,16,10,0.307692307692308,0.192307692307692,0.384615384615385,0.230769230769231,0.192307692307692
"2015-04-26","多治見市議会議員選挙","多治見市","岐阜県",1,0,0,27,62,27,20,4,0.166666666666667,0.333333333333333,0.25,0.0416666666666667,0.666666666666667
"2015-04-26","多治見市長選挙","多治見市","岐阜県",0,1,0,1,62,62,1,0,0,0,0,0,1
"2015-04-26","多良木町議会議員選挙","多良木町","熊本県",1,0,0,14,63,57,10,2,0.25,0.25,0,0.0833333333333333,0.916666666666667
"2015-04-26","大任町議会議員選挙","大任町","福岡県",1,0,0,11,65,45,NA,NA,0.181818181818182,0.545454545454545,0,0,1
"2015-04-26","大分市長選挙","大分市","大分県",0,1,0,2,57,57,1,0,1,0,0,0,1
"2015-04-26","大口町議会議員選挙","大口町","愛知県",1,0,0,16,67,53,14,1,0.266666666666667,0.6,0.0666666666666667,0.133333333333333,0.8
"2015-04-26","大和市議会議員選挙","大和市","神奈川県",1,0,0,36,48.5,28,22,6,0.321428571428571,0.214285714285714,0.428571428571429,0.142857142857143,0.285714285714286
"2015-04-26","大和市長選挙","大和市","神奈川県",0,1,0,4,66,66,1,0,0,1,0,0,1
"2015-04-26","大和郡山市議会議員選挙","大和郡山市","奈良県",1,0,0,29,59,29,18,4,0.181818181818182,0.272727272727273,0.136363636363636,0.181818181818182,0.545454545454545
"2015-04-26","大和高田市議会議員選挙","大和高田市","奈良県",1,0,0,25,53.5,36,16,2,0.333333333333333,0.222222222222222,0.166666666666667,0.111111111111111,0.611111111111111
"2015-04-26","大和高田市長選挙","大和高田市","奈良県",0,1,0,1,64,64,1,0,0,0,0,0,1
"2015-04-26","大垣市議会議員選挙","大垣市","岐阜県",1,0,0,29,58.5,28,NA,NA,0.181818181818182,0.318181818181818,0.681818181818182,0.0909090909090909,0.181818181818182
"2015-04-26","大島町議会議員選挙","大島町","東京都",1,0,0,18,67,47,13,1,0.142857142857143,0.642857142857143,0.285714285714286,0.214285714285714,0.5
"2015-04-26","大島町長選挙","大島町","東京都",0,1,0,2,59,59,1,0,1,0,0,0,1
"2015-04-26","大崎上島町長選挙","大崎上島町","広島県",0,1,0,2,62,62,1,0,0,0,0,0,1
"2015-04-26","大崎町議会議員選挙","大崎町","鹿児島県",1,0,0,14,62.5,49,12,0,0.166666666666667,0.416666666666667,0,0.0833333333333333,0.916666666666667
"2015-04-26","大川市議会議員選挙","大川市","福岡県",1,0,0,18,63,43,14,3,0.235294117647059,0.294117647058824,0.0588235294117647,0,0.941176470588235
"2015-04-26","大川村議会議員選挙","大川村","高知県",1,0,0,6,70.5,58,6,0,0,0.666666666666667,0,0.166666666666667,0.833333333333333
"2015-04-26","大府市議会議員選挙","大府市","愛知県",1,0,0,23,55,37,13,6,0.263157894736842,0.157894736842105,0.105263157894737,0.105263157894737,0.736842105263158
"2015-04-26","大木町議会議員選挙","大木町","福岡県",1,0,0,13,63,38,11,1,0.333333333333333,0.333333333333333,0,0,1
"2015-04-26","大村市議会議員選挙","大村市","長崎県",1,0,0,32,61,26,23,2,0.2,0.24,0.28,0.04,0.64
"2015-04-26","大桑村議会議員選挙","大桑村","長野県",1,0,0,11,66.5,60,9,1,0.1,0.7,0,0.2,0.8
"2015-04-26","大樹町議会議員選挙","大樹町","北海道",1,0,0,13,64.5,35,12,0,0.0833333333333333,0.5,0,0.0833333333333333,0.916666666666667
"2015-04-26","大樹町長選挙","大樹町","北海道",0,1,0,2,56,56,1,0,1,0,0,0,1
"2015-04-26","大治町議会議員選挙","大治町","愛知県",1,0,0,12,58.5,45,11,1,0.0833333333333333,0.333333333333333,0.166666666666667,0.0833333333333333,0.75
"2015-04-26","大津市議会議員選挙","大津市","滋賀県",1,0,0,50,56.5,33,NA,NA,0.236842105263158,0.184210526315789,0.289473684210526,0.131578947368421,0.473684210526316
"2015-04-26","大淀町議会議員選挙","大淀町","奈良県",1,0,0,14,65,54,10,2,0.25,0.583333333333333,0.333333333333333,0.0833333333333333,0.583333333333333
"2015-04-26","大牟田市議会議員選挙","大牟田市","福岡県",1,0,0,NA,54,28,20,5,0.2,0.16,0.44,0.16,0.36
"2015-04-26","大田区議会議員選挙","大田区","東京都",1,0,0,65,51.5,27,39,11,0.2,0.12,0.56,0.18,0.08
"2015-04-26","大田区長選挙","大田区","東京都",0,1,0,2,72,72,1,0,0,1,0,0,1
"2015-04-26","大町市議会議員選挙","大町市","長野県",1,0,0,18,64.5,42,14,2,0.1875,0.5,0.0625,0.125,0.8125
"2015-04-26","大町町議会議員選挙","大町町","佐賀県",1,0,0,13,67.5,51,8,2,0.2,0.5,0.1,0.1,0.8
"2015-04-26","大町町長選挙","大町町","佐賀県",0,1,0,3,58,58,1,0,1,0,0,0,1
"2015-04-26","大蔵村議会議員選挙","大蔵村","山形県",1,0,0,11,65,42,9,1,0.2,0.5,0,0.1,0.9
"2015-04-26","大蔵村長選挙","大蔵村","山形県",0,1,0,1,64,64,1,0,0,0,0,0,1
"2015-04-26","大衡村議会議員選挙","大衡村","宮城県",1,0,0,15,59.5,47,13,1,0.0714285714285714,0.428571428571429,0,0,1
"2015-04-26","大衡村長選挙","大衡村","宮城県",0,1,0,2,66,66,1,0,1,1,0,0,1
"2015-04-26","大野城市議会議員選挙","大野城市","福岡県",1,0,0,27,58,38,15,5,0.45,0.1,0.25,0.05,0.7
"2015-04-26","大野町議会議員選挙","大野町","岐阜県",1,0,0,11,59,39,NA,NA,0.3,0.4,0.1,0,0.9
"2015-04-26","大間町議会議員選挙","大間町","青森県",1,0,0,11,64.5,37,10,0,0.2,0.5,0,0,1
"2015-04-26","大阪狭山市議会議員選挙","大阪狭山市","大阪府",1,0,0,18,57,35,NA,NA,0.333333333333333,0.333333333333333,0.266666666666667,0.2,0.4
"2015-04-26","大阪狭山市長選挙","大阪狭山市","大阪府",0,1,0,1,43,43,1,0,1,0,0,0,1
"2015-04-26","大館市議会議員選挙","大館市","秋田県",1,0,0,37,65,37,26,2,0.214285714285714,0.535714285714286,0.0714285714285714,0.0714285714285714,0.857142857142857
"2015-04-26","大館市長選挙","大館市","秋田県",0,1,0,2,47,47,1,0,1,0,0,0,1
"2015-04-26","大鹿村議会議員選挙","大鹿村","長野県",1,0,0,9,64,50,5,3,0.25,0.5,0,0.125,0.875
"2015-04-26","天塩町議会議員選挙","天塩町","北海道",1,0,0,11,64,42,9,0,0.222222222222222,0.222222222222222,0,0,1
"2015-04-26","天塩町長選挙","天塩町","北海道",0,1,0,1,74,74,1,0,0,1,0,0,1
"2015-04-26","天川村長選挙","天川村","奈良県",0,1,0,3,57,57,1,0,0,0,0,0,1
"2015-04-26","天理市議会議員選挙","天理市","奈良県",1,0,0,22,61.5,34,17,1,0.166666666666667,0.222222222222222,0.111111111111111,0.0555555555555556,0.777777777777778
"2015-04-26","太子町議会議員選挙","太子町","兵庫県",1,0,0,19,60.5,39,14,2,0.1875,0.25,0.125,0.0625,0.8125
"2015-04-26","太宰府市議会議員選挙","太宰府市","福岡県",1,0,0,28,54,33,16,2,0.5,0.166666666666667,0.111111111111111,0.166666666666667,0.722222222222222
"2015-04-26","太宰府市長選挙","太宰府市","福岡県",0,1,0,2,65,65,1,0,1,1,0,0,1
"2015-04-26","太田市議会議員選挙","太田市","群馬県",1,0,0,31,55,33,24,6,0.3,0.266666666666667,0.133333333333333,0.0666666666666667,0.8
"2015-04-26","奈井江町議会議員選挙","奈井江町","北海道",1,0,0,9,61,52,6,3,0.222222222222222,0.222222222222222,0.111111111111111,0.111111111111111,0.777777777777778
"2015-04-26","奈半利町議会議員選挙","奈半利町","高知県",1,0,0,12,65.5,57,NA,NA,0,0.6,0,0.1,0.9
"2015-04-26","奥尻町議会議員選挙","奥尻町","北海道",1,0,0,9,59.5,50,8,0,0.25,0.375,0,0,1
"2015-04-26","姫島村議会議員選挙","姫島村","大分県",1,0,0,8,64.5,42,8,0,0.375,0.5,0,0,1
"2015-04-26","姫路市議会議員選挙","姫路市","兵庫県",1,0,0,57,56,28,42,5,0.276595744680851,0.148936170212766,0.340425531914894,0.0638297872340425,0.531914893617021
"2015-04-26","姫路市長選挙","姫路市","兵庫県",0,1,0,2,73,73,1,0,0,1,0,0,1
"2015-04-26","嬬恋村議会議員選挙","嬬恋村","群馬県",1,0,0,14,64.5,60,10,2,0.0833333333333333,0.5,0.0833333333333333,0.0833333333333333,0.833333333333333
"2015-04-26","嬬恋村長選挙","嬬恋村","群馬県",0,1,0,1,67,67,1,0,0,1,0,0,1
"2015-04-26","宇佐市議会議員選挙","宇佐市","大分県",1,0,0,28,62,31,22,2,0.166666666666667,0.291666666666667,0.0416666666666667,0.0833333333333333,0.875
"2015-04-26","宇多津町議会議員選挙","宇多津町","香川県",1,0,0,12,58,30,NA,NA,0.2,0.3,0.1,0,0.9
"2015-04-26","宇治市議会議員選挙","宇治市","京都府",1,0,0,40,53.5,29,22,6,0.321428571428571,0.178571428571429,0.392857142857143,0.25,0.142857142857143
"2015-04-26","宇部市議会議員選挙","宇部市","山口県",1,0,0,34,58,28,NA,NA,0.178571428571429,0.25,0.214285714285714,0.178571428571429,0.607142857142857
"2015-04-26","宇都宮市議会議員選挙","宇都宮市","栃木県",1,0,0,57,57,36,39,6,0.266666666666667,0.311111111111111,0.377777777777778,0.0666666666666667,0.511111111111111
"2015-04-26","守口市議会議員選挙","守口市","大阪府",1,0,0,26,53,32,NA,NA,0.272727272727273,0.0454545454545455,0.409090909090909,0.181818181818182,0.318181818181818
"2015-04-26","安中市議会議員選挙","安中市","群馬県",1,0,0,25,59,35,19,3,0.318181818181818,0.136363636363636,0.0909090909090909,0.0909090909090909,0.818181818181818
"2015-04-26","安八町長選挙","安八町","岐阜県",0,1,0,1,59,59,1,0,0,0,0,0,1
"2015-04-26","安城市議会議員選挙","安城市","愛知県",1,0,0,33,56.5,29,24,4,0.178571428571429,0.142857142857143,0.107142857142857,0.0714285714285714,0.821428571428571
"2015-04-26","安堵町議会議員選挙","安堵町","奈良県",1,0,0,12,65,39,10,0,0.2,0.6,0,0.1,0.9
"2015-04-26","安田町議会議員選挙","安田町","高知県",1,0,0,10,62.5,34,10,0,0.1,0.3,0,0,1
"2015-04-26","宝塚市議会議員選挙","宝塚市","兵庫県",1,0,0,NA,53.5,36,17,9,0.192307692307692,0.0769230769230769,0.269230769230769,0.230769230769231,0.346153846153846
"2015-04-26","室戸市議会議員選挙","室戸市","高知県",1,0,0,17,65,48,11,2,0.153846153846154,0.538461538461538,0.153846153846154,0,0.846153846153846
"2015-04-26","室蘭市議会議員選挙","室蘭市","北海道",1,0,0,23,58.5,33,19,3,0.0909090909090909,0.318181818181818,0.181818181818182,0.0909090909090909,0.636363636363636
"2015-04-26","室蘭市長選挙","室蘭市","北海道",0,1,0,2,37,37,1,0,0,0,0,0,1
"2015-04-26","宮崎市議会議員選挙","宮崎市","宮崎県",1,0,0,66,58,28,NA,NA,0.15,0.2,0.2,0.15,0.6
"2015-04-26","宿毛市議会議員選挙","宿毛市","高知県",1,0,0,16,62.5,44,11,3,0.357142857142857,0.428571428571429,0.142857142857143,0.142857142857143,0.714285714285714
"2015-04-26","寄居町議会議員選挙","寄居町","埼玉県",1,0,0,20,61.5,43,13,3,0.1875,0.375,0.125,0.125,0.75
"2015-04-26","富加町議会議員選挙","富加町","岐阜県",1,0,0,10,61.5,37,8,0,0.5,0.375,0,0,1
"2015-04-26","富士吉田市議会議員選挙","富士吉田市","山梨県",1,0,0,23,61,28,19,1,0.2,0.25,0.05,0.05,0.9
"2015-04-26","富士吉田市長選挙","富士吉田市","山梨県",0,1,0,2,66,66,1,0,0,1,0,0,1
"2015-04-26","富士宮市議会議員選挙","富士宮市","静岡県",1,0,0,24,58,34,NA,NA,0.181818181818182,0.181818181818182,0.136363636363636,0.0909090909090909,0.727272727272727
"2015-04-26","富士宮市長選挙","富士宮市","静岡県",0,1,0,2,68,68,NA,NA,0,1,0,0,1
"2015-04-26","富士市議会議員選挙","富士市","静岡県",1,0,0,39,58,35,NA,NA,0.15625,0.25,0.15625,0.03125,0.75
"2015-04-26","富士見町議会議員選挙","富士見町","長野県",1,0,0,13,62,51,10,1,0.363636363636364,0.363636363636364,0,0.0909090909090909,0.909090909090909
"2015-04-26","富岡市議会議員選挙","富岡市","群馬県",1,0,0,21,61,51,18,0,0.277777777777778,0.388888888888889,0.0555555555555556,0.0555555555555556,0.888888888888889
"2015-04-26","富田林市議会議員選挙","富田林市","大阪府",1,0,0,24,51,34,14,5,0.210526315789474,0.263157894736842,0.473684210526316,0.157894736842105,0.263157894736842
"2015-04-26","富田林市長選挙","富田林市","大阪府",0,1,0,1,64,64,1,0,0,0,0,0,1
"2015-04-26","富良野市議会議員選挙","富良野市","北海道",1,0,0,20,60,32,16,2,0.166666666666667,0.111111111111111,0.0555555555555556,0,0.888888888888889
"2015-04-26","富里市議会議員選挙","富里市","千葉県",1,0,0,20,66.5,28,14,4,0.111111111111111,0.666666666666667,0.166666666666667,0.0555555555555556,0.777777777777778
"2015-04-26","寒河江市議会議員選挙","寒河江市","山形県",1,0,0,19,62.5,39,NA,NA,0.25,0.1875,0.125,0.125,0.75
"2015-04-26","寝屋川市議会議員選挙","寝屋川市","大阪府",1,0,0,37,47,26,NA,NA,0.37037037037037,0.0740740740740741,0.37037037037037,0.185185185185185,0.185185185185185
"2015-04-26","寝屋川市長選挙","寝屋川市","大阪府",0,1,0,3,66,66,1,0,1,1,0,0,1
"2015-04-26","小値賀町議会議員選挙","小値賀町","長崎県",1,0,0,9,63.5,57,8,0,0.125,0.375,0,0,1
"2015-04-26","小値賀町長選挙","小値賀町","長崎県",0,1,0,2,69,69,1,0,0,1,0,0,1
"2015-04-26","小千谷市議会議員選挙","小千谷市","新潟県",1,0,0,18,58.5,39,NA,NA,0.4375,0.1875,0.0625,0.0625,0.875
"2015-04-26","小国町議会議員選挙","小国町","山形県",1,0,0,11,64,49,8,2,0.3,0.5,0,0,1
"2015-04-26","小国町議会議員選挙","小国町","熊本県",1,0,0,13,59.5,31,11,1,0.25,0.166666666666667,0,0.0833333333333333,0.916666666666667
"2015-04-26","小国町長選挙","小国町","熊本県",0,1,0,1,46,46,1,0,0,0,0,0,1
"2015-04-26","小山市議会議員選挙","小山市","栃木県",1,0,0,32,54.5,33,24,6,0.2,0.233333333333333,0.133333333333333,0.0333333333333333,0.8
"2015-04-26","小山町議会議員選挙","小山町","静岡県",1,0,0,15,66,63,NA,NA,0.230769230769231,0.538461538461538,0.230769230769231,0.0769230769230769,0.692307692307692
"2015-04-26","小山町長選挙","小山町","静岡県",0,1,0,1,67,67,1,0,0,1,0,0,1
"2015-04-26","小布施町議会議員選挙","小布施町","長野県",1,0,0,14,63.5,33,11,3,0.142857142857143,0.428571428571429,0,0.0714285714285714,0.928571428571429
"2015-04-26","小平市議会議員選挙","小平市","東京都",1,0,0,34,53.5,29,18,10,0.285714285714286,0.142857142857143,0.392857142857143,0.178571428571429,0.142857142857143
"2015-04-26","小平町議会議員選挙","小平町","北海道",1,0,0,9,60.5,47,7,1,0.5,0.25,0,0,1
"2015-04-26","小松島市議会議員選挙","小松島市","徳島県",1,0,0,20,64,27,NA,NA,0.117647058823529,0.470588235294118,0.0588235294117647,0.0588235294117647,0.882352941176471
"2015-04-26","小松市議会議員選挙","小松市","石川県",1,0,0,28,58,35,21,1,0.0454545454545455,0.363636363636364,0.727272727272727,0.0454545454545455,0.227272727272727
"2015-04-26","小林市議会議員選挙","小林市","宮崎県",1,0,0,23,61.5,31,NA,NA,0.1,0.35,0.05,0.1,0.85
"2015-04-26","小樽市議会議員選挙","小樽市","北海道",1,0,0,28,57,28,21,4,0.28,0.12,0.48,0.2,0.12
"2015-04-26","小樽市長選挙","小樽市","北海道",0,1,0,3,42,42,1,0,1,0,0,0,1
"2015-04-26","小浜市議会議員選挙","小浜市","福井県",1,0,0,18,61.5,46,NA,NA,0.166666666666667,0.333333333333333,0.0555555555555556,0.0555555555555556,0.888888888888889
"2015-04-26","小清水町議会議員選挙","小清水町","北海道",1,0,0,10,66,42,10,0,0.1,0.6,0,0.1,0.9
"2015-04-26","小田原市議会議員選挙","小田原市","神奈川県",1,0,0,31,59,37,23,5,0.178571428571429,0.25,0.142857142857143,0.107142857142857,0.714285714285714
"2015-04-26","小笠原村議会議員選挙","小笠原村","東京都",1,0,0,9,66,43,8,0,0.25,0.625,0.125,0,0.875
"2015-04-26","小菅村議会議員選挙","小菅村","山梨県",1,0,0,8,61,53,NA,NA,0.625,0.375,0,0,1
"2015-04-26","小谷村長選挙","小谷村","長野県",0,1,0,1,65,65,1,0,0,1,0,0,1
"2015-04-26","小野市議会議員選挙","小野市","兵庫県",1,0,0,NA,58,29,12,4,0.25,0.3125,0.125,0.0625,0.8125
"2015-04-26","尾張旭市議会議員選挙","尾張旭市","愛知県",1,0,0,26,56,38,17,4,0.285714285714286,0.19047619047619,0.142857142857143,0.0952380952380952,0.714285714285714
"2015-04-26","尾道市議会議員選挙","尾道市","広島県",1,0,0,32,64,35,NA,NA,0.137931034482759,0.448275862068966,0.137931034482759,0.137931034482759,0.724137931034483
"2015-04-26","尾道市長選挙","尾道市","広島県",0,1,0,3,62,62,1,0,0,0,0,0,1
"2015-04-26","山ノ内町議会議員選挙","山ノ内町","長野県",1,0,0,14,64,43,NA,NA,0.214285714285714,0.285714285714286,0.0714285714285714,0.0714285714285714,0.857142857142857
"2015-04-26","山中湖村議会議員選挙","山中湖村","山梨県",1,0,0,15,62,52,NA,NA,0.333333333333333,0.0833333333333333,0,0,1
"2015-04-26","山北町議会議員選挙","山北町","神奈川県",1,0,0,14,68,41,9,5,0.214285714285714,0.642857142857143,0.0714285714285714,0.0714285714285714,0.857142857142857
"2015-04-26","山形市議会議員選挙","山形市","山形県",1,0,0,43,59,31,28,5,0.0909090909090909,0.303030303030303,0.393939393939394,0.151515151515152,0.363636363636364
"2015-04-26","山武市議会議員選挙","山武市","千葉県",1,0,0,25,63.5,35,20,2,0.136363636363636,0.454545454545455,0.136363636363636,0.0454545454545455,0.818181818181818
"2015-04-26","山江村議会議員選挙","山江村","熊本県",1,0,0,12,63,56,10,0,0.3,0.4,0,0,1
"2015-04-26","山県市議会議員補欠選挙","山県市","岐阜県",1,0,1,4,63,30,2,1,1,0,0,0.333333333333333,0.666666666666667
"2015-04-26","山県市長選挙","山県市","岐阜県",0,1,0,1,63,63,1,0,0,0,0,0,1
"2015-04-26","岐阜市議会議員選挙","岐阜市","岐阜県",1,0,0,50,58.5,34,33,5,0.0789473684210526,0.263157894736842,0.5,0.0789473684210526,0.368421052631579
"2015-04-26","岡垣町議会議員選挙","岡垣町","福岡県",1,0,0,16,65,34,11,2,0.307692307692308,0.615384615384615,0.0769230769230769,0.0769230769230769,0.769230769230769
"2015-04-26","岡谷市議会議員選挙","岡谷市","長野県",1,0,0,21,59.5,32,NA,NA,0.5,0.222222222222222,0.0555555555555556,0.166666666666667,0.777777777777778
"2015-04-26","岩倉市議会議員選挙","岩倉市","愛知県",1,0,0,18,55,41,NA,NA,0.333333333333333,0.0666666666666667,0.133333333333333,0.133333333333333,0.6
"2015-04-26","岩内町議会議員選挙","岩内町","北海道",1,0,0,20,65,48,14,2,0.25,0.5625,0.125,0.125,0.75
"2015-04-26","岩見沢市議会議員選挙","岩見沢市","北海道",1,0,0,26,60,26,21,1,0.136363636363636,0.272727272727273,0.0909090909090909,0.0909090909090909,0.772727272727273
"2015-04-26","岬町議会議員選挙","岬町","大阪府",1,0,0,14,63,40,11,1,0.166666666666667,0.5,0.0833333333333333,0.0833333333333333,0.75
"2015-04-26","岸和田市議会議員選挙","岸和田市","大阪府",1,0,0,32,55.5,26,NA,NA,0.269230769230769,0.230769230769231,0.346153846153846,0.192307692307692,0.461538461538462
"2015-04-26","川上村議会議員選挙","川上村","奈良県",1,0,0,9,62.5,56,8,0,0.25,0.375,0,0.125,0.875
"2015-04-26","川上村議会議員選挙","川上村","長野県",1,0,0,12,62.5,53,12,0,0.916666666666667,0.166666666666667,0,0.0833333333333333,0.916666666666667
"2015-04-26","川北町議会議員選挙","川北町","石川県",1,0,0,11,66,44,10,0,0.4,0.6,0,0,1
"2015-04-26","川北町長選挙","川北町","石川県",0,1,0,1,61,61,1,0,0,0,0,0,1
"2015-04-26","川南町議会議員選挙","川南町","宮崎県",1,0,0,14,66,41,10,3,0.461538461538462,0.615384615384615,0.0769230769230769,0.0769230769230769,0.846153846153846
"2015-04-26","川南町長選挙","川南町","宮崎県",0,1,0,1,55,55,1,0,0,0,0,0,1
"2015-04-26","川口市議会議員選挙","川口市","埼玉県",1,0,0,57,51,34,31,11,0.261904761904762,0.0714285714285714,0.619047619047619,0.142857142857143,0.166666666666667
"2015-04-26","川場村議会議員選挙","川場村","群馬県",1,0,0,11,63,42,9,1,0.4,0.4,0,0,1
"2015-04-26","川場村長選挙","川場村","群馬県",0,1,0,1,51,51,1,0,1,0,0,0,1
"2015-04-26","川島町議会議員選挙","川島町","埼玉県",1,0,0,17,64.5,42,12,2,0.285714285714286,0.5,0.0714285714285714,0.0714285714285714,0.857142857142857
"2015-04-26","川崎町議会議員選挙","川崎町","福岡県",1,0,0,23,62,36,13,3,0.25,0.5,0.125,0,0.875
"2015-04-26","川崎町長選挙","川崎町","福岡県",0,1,0,2,73,73,1,0,0,1,0,0,1
"2015-04-26","川棚町議会議員選挙","川棚町","長崎県",1,0,0,15,63,38,13,1,0.142857142857143,0.428571428571429,0.0714285714285714,0.0714285714285714,0.857142857142857
"2015-04-26","川西町議会議員選挙","川西町","奈良県",1,0,0,15,65.5,38,11,1,0.25,0.5,0,0.0833333333333333,0.916666666666667
"2015-04-26","川西町議会議員選挙","川西町","山形県",1,0,0,16,62,49,15,0,0.333333333333333,0.4,0,0.0666666666666667,0.933333333333333
"2015-04-26","川越市議会議員選挙","川越市","埼玉県",1,0,0,47,53.5,28,28,8,0.277777777777778,0.25,0.388888888888889,0.166666666666667,0.388888888888889
"2015-04-26","川越町議会議員選挙","川越町","三重県",1,0,0,13,58,50,10,2,0.25,0.25,0.0833333333333333,0,0.916666666666667
"2015-04-26","市川市議会議員選挙","市川市","千葉県",1,0,0,60,56,26,35,7,0.19047619047619,0.214285714285714,0.30952380952381,0.142857142857143,0.452380952380952
"2015-04-26","市貝町議会議員選挙","市貝町","栃木県",1,0,0,13,65.5,54,11,1,0.166666666666667,0.75,0,0,1
"2015-04-26","帯広市議会議員選挙","帯広市","北海道",1,0,0,35,57,28,24,5,0.275862068965517,0.241379310344828,0.275862068965517,0.103448275862069,0.517241379310345
"2015-04-26","常滑市議会議員選挙","常滑市","愛知県",1,0,0,22,56,39,16,2,0.222222222222222,0.277777777777778,0.111111111111111,0.0555555555555556,0.777777777777778
"2015-04-26","常総市議会議員選挙","常総市","茨城県",1,0,0,22,62,30,18,4,0.181818181818182,0.318181818181818,0.136363636363636,0.0909090909090909,0.772727272727273
"2015-04-26","幌加内町議会議員選挙","幌加内町","北海道",1,0,0,10,65,33,9,0,0.111111111111111,0.555555555555556,0,0.111111111111111,0.888888888888889
"2015-04-26","幌加内町長選挙","幌加内町","北海道",0,1,0,2,59,59,1,0,1,0,0,0,1
"2015-04-26","幌延町議会議員選挙","幌延町","北海道",1,0,0,8,61,44,8,0,0.125,0.125,0,0.125,0.875
"2015-04-26","幕別町議会議員選挙","幕別町","北海道",1,0,0,21,56.5,28,15,5,0.3,0.25,0.05,0.2,0.7
"2015-04-26","幕別町長選挙","幕別町","北海道",0,1,0,2,59,59,1,0,1,0,0,0,1
"2015-04-26","平取町議会議員選挙","平取町","北海道",1,0,0,13,62,49,11,1,0.25,0.416666666666667,0,0,1
"2015-04-26","平塚市議会議員選挙","平塚市","神奈川県",1,0,0,31,60.5,32,23,5,0.107142857142857,0.214285714285714,0.321428571428571,0.107142857142857,0.535714285714286
"2015-04-26","平塚市長選挙","平塚市","神奈川県",0,1,0,2,57,57,1,0,0,0,0,0,1
"2015-04-26","平生町議会議員選挙","平生町","山口県",1,0,0,13,67.5,35,9,3,0.0833333333333333,0.666666666666667,0,0.0833333333333333,0.916666666666667
"2015-04-26","平群町議会議員選挙","平群町","奈良県",1,0,0,14,65,40,NA,NA,0.25,0.583333333333333,0.0833333333333333,0.25,0.666666666666667
"2015-04-26","幸手市議会議員選挙","幸手市","埼玉県",1,0,0,21,58,53,11,4,0.133333333333333,0.4,0.2,0.0666666666666667,0.666666666666667
"2015-04-26","幸田町議会議員選挙","幸田町","愛知県",1,0,0,16,68,60,14,2,0.25,0.8125,0.0625,0.0625,0.875
"2015-04-26","広川町議会議員補欠選挙","広川町","福岡県",1,0,1,2,62,62,1,0,0,0,0,1,0
"2015-04-26","広川町長選挙","広川町","福岡県",0,1,0,1,66,66,1,0,0,1,0,0,1
"2015-04-26","府中市議会議員選挙","府中市","東京都",1,0,0,38,52.5,30,24,6,0.233333333333333,0.166666666666667,0.366666666666667,0.166666666666667,0.3
"2015-04-26","延岡市議会議員選挙","延岡市","宮崎県",1,0,0,35,59,41,NA,NA,0.241379310344828,0.103448275862069,0.206896551724138,0.137931034482759,0.482758620689655
"2015-04-26","弘前市議会議員選挙","弘前市","青森県",1,0,0,36,62,32,26,2,0.0714285714285714,0.428571428571429,0.0714285714285714,0.142857142857143,0.785714285714286
"2015-04-26","弥彦村議会議員選挙","弥彦村","新潟県",1,0,0,12,66,60,9,1,0.3,0.8,0.1,0,0.9
"2015-04-26","当別町議会議員選挙","当別町","北海道",1,0,0,16,63,35,13,2,0.266666666666667,0.466666666666667,0.133333333333333,0.0666666666666667,0.8
"2015-04-26","当麻町議会議員選挙","当麻町","北海道",1,0,0,11,64,33,9,1,0.3,0.4,0.1,0.1,0.8
"2015-04-26","彦根市議会議員選挙","彦根市","滋賀県",1,0,0,32,56,31,20,4,0.291666666666667,0.25,0.125,0.0833333333333333,0.708333333333333
"2015-04-26","御船町議会議員選挙","御船町","熊本県",1,0,0,17,63,52,13,1,0.214285714285714,0.428571428571429,0,0,1
"2015-04-26","御船町長選挙","御船町","熊本県",0,1,0,2,49,49,1,0,1,0,0,0,1
"2015-04-26","御蔵島村議会議員選挙","御蔵島村","東京都",1,0,0,6,63,53,6,0,0.333333333333333,0.5,0,0.166666666666667,0.833333333333333
"2015-04-26","徳島市議会議員選挙","徳島市","徳島県",1,0,0,37,58,37,NA,NA,0.133333333333333,0.3,0.366666666666667,0.166666666666667,0.366666666666667
"2015-04-26","忍野村議会議員選挙","忍野村","山梨県",1,0,0,20,63,50,NA,NA,0.357142857142857,0.357142857142857,0,0,1
"2015-04-26","志免町議会議員選挙","志免町","福岡県",1,0,0,14,63.5,46,10,4,0.214285714285714,0.357142857142857,0.142857142857143,0.0714285714285714,0.785714285714286
"2015-04-26","志免町長選挙","志免町","福岡県",0,1,0,2,61,61,1,0,1,0,0,0,1
"2015-04-26","志賀町議会議員選挙","志賀町","石川県",1,0,0,16,59.5,37,16,0,0.0625,0.1875,0.25,0.0625,0.6875
"2015-04-26","忠岡町議会議員選挙","忠岡町","大阪府",1,0,0,13,63,36,10,2,0.0833333333333333,0.5,0.25,0.25,0.5
"2015-04-26","恵庭市議会議員選挙","恵庭市","北海道",1,0,0,26,58,31,18,3,0.142857142857143,0.19047619047619,0.666666666666667,0.0476190476190476,0.285714285714286
"2015-04-26","愛別町議会議員選挙","愛別町","北海道",1,0,0,11,61,54,8,1,0.222222222222222,0.222222222222222,0,0,1
"2015-04-26","成田市議会議員選挙","成田市","千葉県",1,0,0,33,60,34,28,2,0.133333333333333,0.266666666666667,0.133333333333333,0.1,0.766666666666667
"2015-04-26","所沢市議会議員選挙","所沢市","埼玉県",1,0,0,40,53,26,26,7,0.0606060606060606,0.181818181818182,0.393939393939394,0.151515151515152,0.272727272727273
"2015-04-26","播磨町議会議員選挙","播磨町","兵庫県",1,0,0,15,61.5,39,9,5,0.0714285714285714,0.285714285714286,0.142857142857143,0.142857142857143,0.714285714285714
"2015-04-26","敦賀市議会議員選挙","敦賀市","福井県",1,0,0,26,56.5,35,NA,NA,0.333333333333333,0.166666666666667,0.0833333333333333,0.0416666666666667,0.833333333333333
"2015-04-26","敦賀市長選挙","敦賀市","福井県",0,1,0,2,54,54,1,0,1,0,0,0,1
"2015-04-26","文京区議会議員選挙","文京区","東京都",1,0,0,46,54.5,33,19,15,0.117647058823529,0.117647058823529,0.411764705882353,0.235294117647059,0.176470588235294
"2015-04-26","文京区長選挙","文京区","東京都",0,1,0,2,49,49,1,0,0,0,0,0,1
"2015-04-26","斑鳩町議会議員選挙","斑鳩町","奈良県",1,0,0,16,54,30,NA,NA,0.384615384615385,0,0.0769230769230769,0.153846153846154,0.769230769230769
"2015-04-26","斜里町議会議員選挙","斜里町","北海道",1,0,0,14,64,31,12,2,0.0714285714285714,0.5,0.0714285714285714,0.0714285714285714,0.857142857142857
"2015-04-26","斜里町長選挙","斜里町","北海道",0,1,0,2,64,64,1,0,0,0,0,0,1
"2015-04-26","新冠町議会議員選挙","新冠町","北海道",1,0,0,13,63.5,34,11,1,0.333333333333333,0.333333333333333,0.0833333333333333,0.0833333333333333,0.833333333333333
"2015-04-26","新十津川町議会議員選挙","新十津川町","北海道",1,0,0,12,64,42,8,3,0.454545454545455,0.454545454545455,0,0.0909090909090909,0.909090909090909
"2015-04-26","新十津川町長選挙","新十津川町","北海道",0,1,0,1,61,61,1,0,1,0,0,0,1
"2015-04-26","新宮市議会議員選挙","新宮市","和歌山県",1,0,0,18,58,27,NA,NA,0.117647058823529,0.352941176470588,0.176470588235294,0.0588235294117647,0.764705882352941
"2015-04-26","新宮町議会議員選挙","新宮町","福岡県",1,0,0,14,62,42,11,1,0.416666666666667,0.25,0.0833333333333333,0,0.916666666666667
"2015-04-26","新宮町長選挙","新宮町","福岡県",0,1,0,2,73,73,1,0,0,1,0,0,1
"2015-04-26","新宿区議会議員選挙","新宿区","東京都",1,0,0,52,47,27,29,9,0.210526315789474,0.0789473684210526,0.5,0.236842105263158,0.105263157894737
"2015-04-26","新富町議会議員選挙","新富町","宮崎県",1,0,0,15,63,55,NA,NA,0.142857142857143,0.428571428571429,0.0714285714285714,0.0714285714285714,0.857142857142857
"2015-04-26","新居浜市議会議員選挙","新居浜市","愛媛県",1,0,0,33,61.5,32,24,2,0.230769230769231,0.384615384615385,0.153846153846154,0.0769230769230769,0.769230769230769
"2015-04-26","新庄市議会議員選挙","新庄市","山形県",1,0,0,19,63.5,42,15,3,0.166666666666667,0.444444444444444,0.0555555555555556,0.0555555555555556,0.888888888888889
"2015-04-26","新庄村議会議員選挙","新庄村","岡山県",1,0,0,11,64.5,56,8,0,0.375,0.5,0,0,1
"2015-04-26","新得町議会議員選挙","新得町","北海道",1,0,0,15,63.5,38,11,1,0.416666666666667,0.416666666666667,0,0,1
"2015-04-26","新発田市議会議員選挙","新発田市","新潟県",1,0,0,29,61,39,NA,NA,0.222222222222222,0.37037037037037,0.0740740740740741,0.111111111111111,0.777777777777778
"2015-04-26","新篠津村議会議員選挙","新篠津村","北海道",1,0,0,8,59.5,42,8,0,0.625,0,0,0.125,0.875
"2015-04-26","日南市議会議員選挙","日南市","宮崎県",1,0,0,27,59,41,NA,NA,0.136363636363636,0.227272727272727,0.0909090909090909,0.272727272727273,0.636363636363636
"2015-04-26","日南町議会議員選挙","日南町","鳥取県",1,0,0,12,60,53,11,1,0.166666666666667,0.166666666666667,0,0.0833333333333333,0.916666666666667
"2015-04-26","日吉津村議会議員選挙","日吉津村","鳥取県",1,0,0,10,66,48,NA,NA,0.1,0.7,0,0.2,0.8
"2015-04-26","日吉津村長選挙","日吉津村","鳥取県",0,1,0,1,66,66,1,0,0,1,0,0,1
"2015-04-26","日向市議会議員選挙","日向市","宮崎県",1,0,0,25,60.5,33,20,2,0.272727272727273,0.454545454545455,0.0909090909090909,0.181818181818182,0.681818181818182
"2015-04-26","日田市議会議員選挙","日田市","大分県",1,0,0,32,61,32,21,1,0.363636363636364,0.272727272727273,0.0909090909090909,0.136363636363636,0.727272727272727
"2015-04-26","日立市議会議員選挙","日立市","茨城県",1,0,0,32,60.5,38,24,4,0.142857142857143,0.357142857142857,0.178571428571429,0.0714285714285714,0.642857142857143
"2015-04-26","日立市長選挙","日立市","茨城県",0,1,0,1,67,67,1,0,1,1,0,0,1
"2015-04-26","日進市議会議員選挙","日進市","愛知県",1,0,0,25,60.5,32,12,8,0.4,0.3,0.1,0.05,0.8
"2015-04-26","日野町議会議員選挙","日野町","滋賀県",1,0,0,16,62.5,31,NA,NA,0.285714285714286,0.285714285714286,0.0714285714285714,0.214285714285714,0.714285714285714
"2015-04-26","日野町議会議員選挙","日野町","鳥取県",1,0,0,13,63,57,10,0,0.3,0.4,0,0.1,0.9
"2015-04-26","日高市議会議員選挙","日高市","埼玉県",1,0,0,19,64,49,13,3,0.0625,0.5,0.125,0.0625,0.8125
"2015-04-26","旭川市議会議員選挙","旭川市","北海道",1,0,0,40,56.5,26,28,6,0.147058823529412,0.176470588235294,0.323529411764706,0.117647058823529,0.441176470588235
"2015-04-26","明和町長選挙","明和町","群馬県",0,1,0,2,57,57,1,0,1,0,0,0,1
"2015-04-26","明石市議会議員選挙","明石市","兵庫県",1,0,0,37,56,31,24,6,0.133333333333333,0.166666666666667,0.266666666666667,0.1,0.566666666666667
"2015-04-26","明石市長選挙","明石市","兵庫県",0,1,0,3,51,51,1,0,0,0,0,0,1
"2015-04-26","春日井市議会議員選挙","春日井市","愛知県",1,0,0,41,57,29,28,4,0.1875,0.3125,0.25,0.125,0.53125
"2015-04-26","春日市議会議員選挙","春日市","福岡県",1,0,0,25,55.5,44,15,5,0.3,0.15,0.3,0.05,0.6
"2015-04-26","春日市長選挙","春日市","福岡県",0,1,0,2,64,64,1,0,0,0,0,0,1
"2015-04-26","昭和町議会議員選挙","昭和町","山梨県",1,0,0,16,64.5,41,15,1,0.3125,0.5,0.0625,0,0.9375
"2015-04-26","昭島市議会議員選挙","昭島市","東京都",1,0,0,23,51,33,17,5,0.136363636363636,0.136363636363636,0.545454545454545,0.181818181818182,0.0909090909090909
"2015-04-26","時津町議会議員選挙","時津町","長崎県",1,0,0,20,59.5,42,14,2,0.125,0.3125,0.25,0.0625,0.625
"2015-04-26","更別村議会議員選挙","更別村","北海道",1,0,0,8,62,33,8,0,0.625,0.25,0,0,1
"2015-04-26","更別村長選挙","更別村","北海道",0,1,0,2,61,61,1,0,1,0,0,0,1
"2015-04-26","曽爾村議会議員選挙","曽爾村","奈良県",1,0,0,8,67,61,8,0,0.75,0.875,0,0,1
"2015-04-26","月形町議会議員選挙","月形町","北海道",1,0,0,10,61,48,9,1,0.3,0.3,0,0,1
"2015-04-26","朝倉市議会議員選挙","朝倉市","福岡県",1,0,0,21,62.5,47,14,4,0.222222222222222,0.388888888888889,0.0555555555555556,0.0555555555555556,0.888888888888889
"2015-04-26","朝日村議会議員選挙","朝日村","長野県",1,0,0,10,66,32,9,1,0.5,0.6,0,0.1,0.9
"2015-04-26","朝日村長選挙","朝日村","長野県",0,1,0,2,75,75,1,0,0,1,0,0,1
"2015-04-26","朝日町議会議員選挙","朝日町","三重県",1,0,0,14,63,35,11,0,0.272727272727273,0.454545454545455,0,0.0909090909090909,0.909090909090909
"2015-04-26","朝日町議会議員選挙","朝日町","山形県",1,0,0,12,64.5,54,NA,NA,0.166666666666667,0.5,0.0833333333333333,0.0833333333333333,0.833333333333333
"2015-04-26","朝日町長選挙","朝日町","三重県",0,1,0,2,64,64,1,0,1,0,0,0,1
"2015-04-26","木古内町議会議員選挙","木古内町","北海道",1,0,0,12,63.5,36,10,0,0.3,0.4,0,0.1,0.9
"2015-04-26","木城町議会議員選挙","木城町","宮崎県",1,0,0,13,65,38,9,1,0.4,0.6,0,0,1
"2015-04-26","木城町長選挙","木城町","宮崎県",0,1,0,2,61,61,1,0,1,0,0,0,1
"2015-04-26","木島平村議会議員選挙","木島平村","長野県",1,0,0,13,61.5,52,9,1,0.5,0.3,0,0.1,0.9
"2015-04-26","木更津市議会議員選挙","木更津市","千葉県",1,0,0,30,58.5,35,19,5,0.125,0.25,0.375,0.0833333333333333,0.5
"2015-04-26","木津川市議会議員選挙","木津川市","京都府",1,0,0,22,62.5,42,17,5,0.181818181818182,0.409090909090909,0.136363636363636,0.181818181818182,0.545454545454545
"2015-04-26","木津川市長選挙","木津川市","京都府",0,1,0,2,59,59,0,1,0,0,0,0,1
"2015-04-26","木祖村議会議員選挙","木祖村","長野県",1,0,0,13,64,32,10,0,0.3,0.5,0,0,1
"2015-04-26","杉並区議会議員選挙","杉並区","東京都",1,0,0,70,NA,NA,32,16,0.145833333333333,NA,NA,NA,NA
"2015-04-26","村山市議会議員補欠選挙","村山市","山形県",1,0,1,4,56,51,2,1,1,0,0.333333333333333,0,0.666666666666667
"2015-04-26","東かがわ市議会議員選挙","東かがわ市","香川県",1,0,0,19,63,29,NA,NA,0.277777777777778,0.444444444444444,0.111111111111111,0.111111111111111,0.722222222222222
"2015-04-26","東かがわ市長選挙","東かがわ市","香川県",0,1,0,2,63,63,NA,NA,0,0,0,0,1
"2015-04-26","東串良町議会議員選挙","東串良町","鹿児島県",1,0,0,10,64.5,52,9,1,0.3,0.5,0,0.1,0.9
"2015-04-26","東久留米市議会議員選挙","東久留米市","東京都",1,0,0,23,52.5,35,16,6,0.0454545454545455,0.0909090909090909,0.454545454545455,0.227272727272727,0.181818181818182
"2015-04-26","東伊豆町議会議員選挙","東伊豆町","静岡県",1,0,0,13,66.5,37,NA,NA,0.333333333333333,0.583333333333333,0.0833333333333333,0.0833333333333333,0.833333333333333
"2015-04-26","東吾妻町議会議員選挙","東吾妻町","群馬県",1,0,0,15,61,37,13,1,0.142857142857143,0.214285714285714,0.0714285714285714,0.0714285714285714,0.857142857142857
"2015-04-26","東員町長選挙","東員町","三重県",0,1,0,2,63,63,1,0,0,0,0,0,1
"2015-04-26","東大和市議会議員選挙","東大和市","東京都",1,0,0,27,50,40,17,5,0.136363636363636,0.136363636363636,0.409090909090909,0.136363636363636,0.318181818181818
"2015-04-26","東大和市長選挙","東大和市","東京都",0,1,0,2,65,65,1,0,0,1,0,0,1
"2015-04-26","東広島市議会議員選挙","東広島市","広島県",1,0,0,38,59.5,44,NA,NA,0.366666666666667,0.133333333333333,0.1,0.0666666666666667,0.833333333333333
"2015-04-26","東彼杵町議会議員選挙","東彼杵町","長崎県",1,0,0,14,64,49,11,0,0.272727272727273,0.454545454545455,0,0,1
"2015-04-26","東彼杵町長選挙","東彼杵町","長崎県",0,1,0,1,66,66,1,0,0,1,0,0,1
"2015-04-26","東成瀬村議会議員選挙","東成瀬村","秋田県",1,0,0,10,64,48,10,0,0.2,0.4,0,0.1,0.9
"2015-04-26","東村山市議会議員選挙","東村山市","東京都",1,0,0,32,55,29,15,10,0.32,0.16,0.32,0.16,0.4
"2015-04-26","東村山市長選挙","東村山市","東京都",0,1,0,2,53,53,1,0,0,0,0,0,1
"2015-04-26","東村長選挙","東村","沖縄県",0,1,0,2,74,74,1,0,0,1,0,0,1
"2015-04-26","東松山市議会議員選挙","東松山市","埼玉県",1,0,0,27,56,29,19,2,0.19047619047619,0.142857142857143,0.0952380952380952,0.142857142857143,0.761904761904762
"2015-04-26","東栄町議会議員選挙","東栄町","愛知県",1,0,0,12,66.5,57,9,1,0.4,0.7,0,0,1
"2015-04-26","東栄町長選挙","東栄町","愛知県",0,1,0,2,57,57,1,0,1,0,0,0,1
"2015-04-26","東洋町長選挙","東洋町","高知県",0,1,0,2,57,57,1,0,0,0,0,0,1
"2015-04-26","東浦町議会議員選挙","東浦町","愛知県",1,0,0,18,59,32,9,7,0.5625,0.25,0.125,0.125,0.6875
"2015-04-26","東神楽町議会議員選挙","東神楽町","北海道",1,0,0,13,62.5,48,11,1,0.25,0.333333333333333,0,0.0833333333333333,0.916666666666667
"2015-04-26","東通村議会議員選挙","東通村","青森県",1,0,0,15,64,42,14,0,0.0714285714285714,0.428571428571429,0,0,1
"2015-04-26","東郷町議会議員選挙","東郷町","愛知県",1,0,0,19,62,29,11,5,0.3125,0.4375,0.0625,0.0625,0.75
"2015-04-26","杵築市議会議員選挙","杵築市","大分県",1,0,0,21,63,37,18,0,0.277777777777778,0.333333333333333,0.0555555555555556,0.0555555555555556,0.888888888888889
"2015-04-26","松崎町議会議員選挙","松崎町","静岡県",1,0,0,10,65,37,NA,NA,0.375,0.5,0,0.125,0.875
"2015-04-26","松川町長選挙","松川町","長野県",0,1,0,1,66,66,1,0,0,1,0,0,1
"2015-04-26","松本市議会議員選挙","松本市","長野県",1,0,0,42,61,25,23,8,0.225806451612903,0.290322580645161,0.0967741935483871,0.129032258064516,0.774193548387097
"2015-04-26","松茂町議会議員選挙","松茂町","徳島県",1,0,0,14,63.5,55,11,1,0.25,0.416666666666667,0,0,1
"2015-04-26","板倉町議会議員選挙","板倉町","群馬県",1,0,0,14,64.5,39,10,2,0.416666666666667,0.5,0.0833333333333333,0,0.916666666666667
"2015-04-26","板柳町議会議員補欠選挙","板柳町","青森県",1,0,1,4,47,31,2,0,0.5,0,0,0,1
"2015-04-26","板柳町長選挙","板柳町","青森県",0,1,0,3,62,62,1,0,1,0,0,0,1
"2015-04-26","板橋区議会議員選挙","板橋区","東京都",1,0,0,62,51,30,35,11,0.152173913043478,0.108695652173913,0.565217391304348,0.217391304347826,0.0434782608695652
"2015-04-26","板橋区長選挙","板橋区","東京都",0,1,0,2,55,55,1,0,0,0,0,0,1
"2015-04-26","枕崎市議会議員選挙","枕崎市","鹿児島県",1,0,0,15,63.5,42,13,1,0.142857142857143,0.428571428571429,0,0.0714285714285714,0.928571428571429
"2015-04-26","枚方市議会議員選挙","枚方市","大阪府",1,0,0,46,54.5,31,25,7,0.125,0.15625,0.375,0.125,0.25
"2015-04-26","柏崎市議会議員選挙","柏崎市","新潟県",1,0,0,32,54.5,31,NA,NA,0.269230769230769,0.192307692307692,0.115384615384615,0.0769230769230769,0.807692307692308
"2015-04-26","栗山町議会議員選挙","栗山町","北海道",1,0,0,12,61,48,10,2,0.166666666666667,0.333333333333333,0.0833333333333333,0.0833333333333333,0.833333333333333
"2015-04-26","栗東市議会議員選挙","栗東市","滋賀県",1,0,0,19,59,36,15,3,0.277777777777778,0.222222222222222,0.166666666666667,0.111111111111111,0.722222222222222
"2015-04-26","根羽村議会議員選挙","根羽村","長野県",1,0,0,8,61.5,35,7,1,0.625,0.5,0,0,1
"2015-04-26","根羽村長選挙","根羽村","長野県",0,1,0,1,57,57,1,0,0,0,0,0,1
"2015-04-26","桐生市議会議員選挙","桐生市","群馬県",1,0,0,31,59,25,21,1,0.227272727272727,0.363636363636364,0.0909090909090909,0.0909090909090909,0.818181818181818
"2015-04-26","桐生市長選挙","桐生市","群馬県",0,1,0,3,64,64,1,0,0,0,0,0,1
"2015-04-26","桜井市議会議員選挙","桜井市","奈良県",1,0,0,19,51,40,16,0,0.125,0.25,0.3125,0.0625,0.5625
"2015-04-26","梼原町議会議員選挙","梼原町","高知県",1,0,0,9,64.5,50,8,0,0.125,0.5,0,0,1
"2015-04-26","森町議会議員選挙","森町","北海道",1,0,0,18,65,42,13,3,0.25,0.5625,0.0625,0.0625,0.875
"2015-04-26","椎葉村議会議員選挙","椎葉村","宮崎県",1,0,0,11,65,53,9,1,0.1,0.5,0,0,1
"2015-04-26","榛東村議会議員補欠選挙","榛東村","群馬県",1,0,1,2,67,67,1,0,1,1,0,0,1
"2015-04-26","榛東村長選挙","榛東村","群馬県",0,1,0,2,68,68,1,0,0,1,0,0,1
"2015-04-26","様似町議会議員選挙","様似町","北海道",1,0,0,12,65,53,9,1,0.1,0.6,0,0,1
"2015-04-26","標津町議会議員選挙","標津町","北海道",1,0,0,12,67,56,10,0,0.2,0.6,0,0.1,0.9
"2015-04-26","標茶町議会議員選挙","標茶町","北海道",1,0,0,15,66,61,12,1,0.153846153846154,0.692307692307692,0.0769230769230769,0.153846153846154,0.769230769230769
"2015-04-26","横浜町議会議員選挙","横浜町","青森県",1,0,0,12,65.5,47,10,0,0.2,0.5,0,0.1,0.9
"2015-04-26","横瀬町議会議員選挙","横瀬町","埼玉県",1,0,0,12,58,33,10,2,0.416666666666667,0.0833333333333333,0.0833333333333333,0.0833333333333333,0.75
"2015-04-26","横芝光町議会議員選挙","横芝光町","千葉県",1,0,0,18,62.5,37,15,1,0.3125,0.375,0.0625,0.0625,0.875
"2015-04-26","横須賀市議会議員選挙","横須賀市","神奈川県",1,0,0,54,54,29,35,6,0.24390243902439,0.121951219512195,0.414634146341463,0.0731707317073171,0.48780487804878
"2015-04-26","橋本市議会議員選挙","橋本市","和歌山県",1,0,0,24,57.5,28,17,3,0.1,0.2,0.15,0.1,0.75
"2015-04-26","檜原村議会議員選挙","檜原村","東京都",1,0,0,11,63,48,8,1,0.444444444444444,0.333333333333333,0.111111111111111,0,0.888888888888889
"2015-04-26","檜原村長選挙","檜原村","東京都",0,1,0,2,70,70,1,0,0,1,0,0,1
"2015-04-26","檜枝岐村議会議員選挙","檜枝岐村","福島県",1,0,0,8,64,54,8,0,0,0.5,0,0,1
"2015-04-26","檜枝岐村長選挙","檜枝岐村","福島県",0,1,0,1,64,64,1,0,0,0,0,0,1
"2015-04-26","歌志内市議会議員選挙","歌志内市","北海道",1,0,0,8,61.5,32,5,3,0.25,0.375,0.125,0.125,0.625
"2015-04-26","武蔵村山市議会議員選挙","武蔵村山市","東京都",1,0,0,23,53,35,17,3,0.25,0.2,0.35,0.15,0.4
"2015-04-26","武蔵野市議会議員選挙","武蔵野市","東京都",1,0,0,37,53,27,16,10,0.269230769230769,0.0384615384615385,0.192307692307692,0.115384615384615,0.5
"2015-04-26","武豊町議会議員選挙","武豊町","愛知県",1,0,0,18,58.5,44,14,2,0.25,0.1875,0.125,0.0625,0.8125
"2015-04-26","比布町議会議員選挙","比布町","北海道",1,0,0,9,56,43,8,1,0.222222222222222,0.222222222222222,0,0.111111111111111,0.888888888888889
"2015-04-26","毛呂山町議会議員選挙","毛呂山町","埼玉県",1,0,0,17,58.5,35,12,2,0.285714285714286,0.357142857142857,0.142857142857143,0.142857142857143,0.714285714285714
"2015-04-26","毛呂山町長選挙","毛呂山町","埼玉県",0,1,0,2,56,56,1,0,0,0,0,0,1
"2015-04-26","水上村議会議員選挙","水上村","熊本県",1,0,0,10,58.5,43,10,0,0.2,0.5,0,0,1
"2015-04-26","水上村長選挙","水上村","熊本県",0,1,0,2,60,60,1,0,1,0,0,0,1
"2015-04-26","水俣市議会議員選挙","水俣市","熊本県",1,0,0,20,61,43,14,2,0.3125,0.125,0.0625,0.125,0.8125
"2015-04-26","水巻町議会議員選挙","水巻町","福岡県",1,0,0,20,62.5,40,13,3,0.1875,0.4375,0.1875,0.1875,0.625
"2015-04-26","水戸市議会議員選挙","水戸市","茨城県",1,0,0,35,62.5,33,25,3,0.107142857142857,0.428571428571429,0.321428571428571,0.178571428571429,0.464285714285714
"2015-04-26","水戸市長選挙","水戸市","茨城県",0,1,0,2,49,49,1,0,0,0,0,0,1
"2015-04-26","江別市議会議員選挙","江別市","北海道",1,0,0,32,58,31,18,9,0.148148148148148,0.148148148148148,0.185185185185185,0.111111111111111,0.592592592592593
"2015-04-26","江別市長選挙","江別市","北海道",0,1,0,3,66,66,1,0,0,1,0,0,1
"2015-04-26","江北町議会議員選挙","江北町","佐賀県",1,0,0,13,63.5,41,9,1,0.2,0.5,0,0.1,0.9
"2015-04-26","江南市議会議員選挙","江南市","愛知県",1,0,0,27,60.5,32,19,3,0.318181818181818,0.409090909090909,0.136363636363636,0.181818181818182,0.636363636363636
"2015-04-26","江南市長選挙","江南市","愛知県",0,1,0,2,60,60,1,0,1,0,0,0,1
"2015-04-26","江戸川区議会議員選挙","江戸川区","東京都",1,0,0,58,54.5,27,33,11,0.181818181818182,0.227272727272727,0.590909090909091,0.113636363636364,0.113636363636364
"2015-04-26","江戸川区長選挙","江戸川区","東京都",0,1,0,3,79,79,1,0,0,1,0,0,1
"2015-04-26","江東区議会議員選挙","江東区","東京都",1,0,0,60,54,29,31,13,0.181818181818182,0.0681818181818182,0.5,0.159090909090909,0.159090909090909
"2015-04-26","江東区長選挙","江東区","東京都",0,1,0,3,71,71,1,0,0,1,0,0,1
"2015-04-26","池田市議会議員選挙","池田市","大阪府",1,0,0,32,58.5,35,NA,NA,0.409090909090909,0.227272727272727,0.318181818181818,0.136363636363636,0.318181818181818
"2015-04-26","池田町議会議員選挙","池田町","北海道",1,0,0,15,64,48,12,0,0.25,0.5,0,0.0833333333333333,0.916666666666667
"2015-04-26","池田町議会議員選挙","池田町","福井県",1,0,0,8,67,50,8,0,0.125,0.625,0,0.125,0.875
"2015-04-26","池田町議会議員選挙","池田町","長野県",1,0,0,12,66.5,44,10,2,0.166666666666667,0.75,0,0.166666666666667,0.833333333333333
"2015-04-26","河北町議会議員選挙","河北町","山形県",1,0,0,18,64,51,12,2,0.357142857142857,0.428571428571429,0.0714285714285714,0.142857142857143,0.785714285714286
"2015-04-26","河合町議会議員選挙","河合町","奈良県",1,0,0,16,64,53,NA,NA,0.230769230769231,0.461538461538462,0.0769230769230769,0.0769230769230769,0.692307692307692
"2015-04-26","河合町長選挙","河合町","奈良県",0,1,0,1,65,65,NA,NA,0,1,0,0,1
"2015-04-26","沼津市議会議員選挙","沼津市","静岡県",1,0,0,36,57,29,NA,NA,0.142857142857143,0.25,0.214285714285714,0.0714285714285714,0.714285714285714
"2015-04-26","沼田市議会議員選挙","沼田市","群馬県",1,0,0,25,57,40,19,1,0.35,0.15,0.05,0.1,0.85
"2015-04-26","沼田町議会議員選挙","沼田町","北海道",1,0,0,11,60,53,10,0,0.1,0.2,0,0.1,0.9
"2015-04-26","沼田町長選挙","沼田町","北海道",0,1,0,1,61,61,1,0,0,0,0,0,1
"2015-04-26","泉佐野市議会議員補欠選挙","泉佐野市","大阪府",1,0,1,2,49,49,1,0,1,0,0,0,1
"2015-04-26","泉佐野市長選挙","泉佐野市","大阪府",0,1,0,2,41,41,1,0,0,0,0,0,1
"2015-04-26","泉大津市議会議員選挙","泉大津市","大阪府",1,0,0,17,55,35,NA,NA,0.235294117647059,0.235294117647059,0.176470588235294,0.117647058823529,0.588235294117647
"2015-04-26","泊村議会議員選挙","泊村","北海道",1,0,0,11,62,50,9,0,0.222222222222222,0.222222222222222,0,0,1
"2015-04-26","泰阜村議会議員選挙","泰阜村","長野県",1,0,0,10,67,58,9,0,0.333333333333333,0.777777777777778,0,0.111111111111111,0.888888888888889
"2015-04-26","洞爺湖町議会議員選挙","洞爺湖町","北海道",1,0,0,15,62,38,14,0,0.0714285714285714,0.428571428571429,0.142857142857143,0.0714285714285714,0.785714285714286
"2015-04-26","津久見市議会議員選挙","津久見市","大分県",1,0,0,14,60,39,13,1,0.142857142857143,0.142857142857143,0.0714285714285714,0.0714285714285714,0.857142857142857
"2015-04-26","津奈木町議会議員選挙","津奈木町","熊本県",1,0,0,11,60.5,48,8,2,0.3,0.1,0,0.1,0.9
"2015-04-26","津山市議会議員選挙","津山市","岡山県",1,0,0,32,61.5,43,25,3,0.178571428571429,0.214285714285714,0.107142857142857,0.0714285714285714,0.75
"2015-04-26","津島市議会議員選挙","津島市","愛知県",1,0,0,26,60.5,26,17,3,0.2,0.2,0.1,0.1,0.75
"2015-04-26","津市長選挙","津市","三重県",0,1,0,1,53,53,1,0,0,0,0,0,1
"2015-04-26","津幡町議会議員選挙","津幡町","石川県",1,0,0,18,64.5,42,NA,NA,0.1875,0.5,0.125,0.0625,0.6875
"2015-04-26","流山市議会議員選挙","流山市","千葉県",1,0,0,37,53.5,26,21,7,0.285714285714286,0.142857142857143,0.321428571428571,0.178571428571429,0.428571428571429
"2015-04-26","流山市長選挙","流山市","千葉県",0,1,0,2,61,61,1,0,0,0,0,0,1
"2015-04-26","浜中町議会議員選挙","浜中町","北海道",1,0,0,13,65,60,11,1,0.333333333333333,0.5,0.0833333333333333,0.0833333333333333,0.833333333333333
"2015-04-26","浜頓別町議会議員選挙","浜頓別町","北海道",1,0,0,10,69.5,55,9,1,0.3,0.6,0,0.1,0.9
"2015-04-26","浦安市議会議員選挙","浦安市","千葉県",1,0,0,35,53,31,NA,NA,0.19047619047619,0.142857142857143,0.285714285714286,0.0952380952380952,0.476190476190476
"2015-04-26","浦幌町議会議員選挙","浦幌町","北海道",1,0,0,10,66.5,60,9,1,0.1,0.6,0,0.1,0.9
"2015-04-26","浦幌町長選挙","浦幌町","北海道",0,1,0,1,66,66,1,0,0,1,0,0,1
"2015-04-26","浦河町議会議員選挙","浦河町","北海道",1,0,0,18,65.5,30,15,3,0.111111111111111,0.555555555555556,0.0555555555555556,0.0555555555555556,0.888888888888889
"2015-04-26","浦臼町議会議員選挙","浦臼町","北海道",1,0,0,9,60,54,8,1,0.111111111111111,0.222222222222222,0,0.111111111111111,0.888888888888889
"2015-04-26","海士町議会議員選挙","海士町","島根県",1,0,0,10,72.5,59,8,2,0.1,0.8,0,0,1
"2015-04-26","深浦町議会議員選挙","深浦町","青森県",1,0,0,13,67.5,42,11,1,0.0833333333333333,0.583333333333333,0,0,1
"2015-04-26","深谷市議会議員選挙","深谷市","埼玉県",1,0,0,33,64,37,20,4,0.125,0.416666666666667,0.125,0.125,0.75
"2015-04-26","清水町議会議員選挙","清水町","静岡県",1,0,0,17,61,40,NA,NA,0.357142857142857,0.357142857142857,0.0714285714285714,0.142857142857143,0.785714285714286
"2015-04-26","清水町長選挙","清水町","静岡県",0,1,0,2,77,77,NA,NA,0,1,0,0,1
"2015-04-26","清瀬市議会議員選挙","清瀬市","東京都",1,0,0,23,53.5,39,11,9,0.1,0.3,0.35,0.2,0.3
"2015-04-26","清瀬市長選挙","清瀬市","東京都",0,1,0,2,63,63,1,0,0,0,0,0,1
"2015-04-26","清里町議会議員選挙","清里町","北海道",1,0,0,10,62,42,9,0,0.333333333333333,0.111111111111111,0,0,0.888888888888889
"2015-04-26","清里町長選挙","清里町","北海道",0,1,0,2,66,66,1,0,0,1,0,0,1
"2015-04-26","渋谷区議会議員選挙","渋谷区","東京都",1,0,0,50,52,39,27,7,0.205882352941176,0.0882352941176471,0.470588235294118,0.176470588235294,0.176470588235294
"2015-04-26","渋谷区長選挙","渋谷区","東京都",0,1,0,4,43,43,1,0,1,0,0,0,1
"2015-04-26","港区議会議員選挙","港区","東京都",1,0,0,47,47.5,30,23,11,0.235294117647059,0.0882352941176471,0.558823529411765,0.147058823529412,0.117647058823529
"2015-04-26","湖西市議会議員選挙","湖西市","静岡県",1,0,0,19,65.5,52,NA,NA,0.222222222222222,0.555555555555556,0.0555555555555556,0.0555555555555556,0.888888888888889
"2015-04-26","湯前町長選挙","湯前町","熊本県",0,1,0,1,56,56,1,0,0,0,0,0,1
"2015-04-26","湯沢町議会議員選挙","湯沢町","新潟県",1,0,0,14,66.5,43,NA,NA,0.166666666666667,0.583333333333333,0,0.0833333333333333,0.916666666666667
"2015-04-26","湯河原町議会議員補欠選挙","湯河原町","神奈川県",1,0,1,3,56,56,1,0,1,0,0,0,1
"2015-04-26","湯河原町長選挙","湯河原町","神奈川県",0,1,0,1,57,57,1,0,0,0,0,0,1
"2015-04-26","湯浅町議会議員選挙","湯浅町","和歌山県",1,0,0,13,60,41,8,2,0,0.3,0.1,0,0.9
"2015-04-26","滑川町議会議員選挙","滑川町","埼玉県",1,0,0,17,64.5,59,13,1,0.428571428571429,0.5,0,0.0714285714285714,0.928571428571429
"2015-04-26","滝上町議会議員選挙","滝上町","北海道",1,0,0,10,61,52,9,0,0.333333333333333,0.222222222222222,0,0,1
"2015-04-26","滝上町長選挙","滝上町","北海道",0,1,0,2,63,63,1,0,0,0,0,0,1
"2015-04-26","滝川市議会議員選挙","滝川市","北海道",1,0,0,20,60,45,17,1,0.166666666666667,0.222222222222222,0.166666666666667,0.111111111111111,0.666666666666667
"2015-04-26","滝川市長選挙","滝川市","北海道",0,1,0,1,60,60,1,0,0,0,0,0,1
"2015-04-26","瀬戸市議会議員選挙","瀬戸市","愛知県",1,0,0,34,54,41,21,5,0.269230769230769,0.153846153846154,0.269230769230769,0.115384615384615,0.538461538461538
"2015-04-26","瀬戸市長選挙","瀬戸市","愛知県",0,1,0,4,68,68,1,0,1,1,0,0,1
"2015-04-26","熊取町議会議員選挙","熊取町","大阪府",1,0,0,16,56.5,32,10,4,0.357142857142857,0.214285714285714,0.214285714285714,0.214285714285714,0.571428571428571
"2015-04-26","熊谷市議会議員選挙","熊谷市","埼玉県",1,0,0,34,57.5,25,25,5,0.266666666666667,0.266666666666667,0.133333333333333,0.1,0.666666666666667
"2015-04-26","熊野町議会議員選挙","熊野町","広島県",1,0,0,17,60,37,14,2,0.25,0.3125,0.0625,0,0.875
"2015-04-26","熱海市議会議員選挙","熱海市","静岡県",1,0,0,16,58,26,NA,NA,0.2,0.2,0.4,0.0666666666666667,0.333333333333333
"2015-04-26","片品村議会議員選挙","片品村","群馬県",1,0,0,13,58,52,11,1,0.333333333333333,0.333333333333333,0,0,1
"2015-04-26","牛久市議会議員選挙","牛久市","茨城県",1,0,0,27,61.5,29,13,9,0.227272727272727,0.318181818181818,0.181818181818182,0.136363636363636,0.545454545454545
"2015-04-26","牟岐町議会議員選挙","牟岐町","徳島県",1,0,0,9,67,35,7,1,0.125,0.625,0.125,0.125,0.625
"2015-04-26","牟岐町長選挙","牟岐町","徳島県",0,1,0,2,63,63,1,0,0,0,0,0,1
"2015-04-26","犬山市議会議員選挙","犬山市","愛知県",1,0,0,25,58,33,18,2,0.1,0.3,0.1,0.15,0.7
"2015-04-26","狛江市議会議員選挙","狛江市","東京都",1,0,0,27,52.5,37,13,9,0.227272727272727,0.0454545454545455,0.272727272727273,0.272727272727273,0.318181818181818
"2015-04-26","狭山市議会議員選挙","狭山市","埼玉県",1,0,0,31,52,25,18,4,0.136363636363636,0.136363636363636,0.181818181818182,0.136363636363636,0.681818181818182
"2015-04-26","猿払村議会議員選挙","猿払村","北海道",1,0,0,8,61,51,8,0,0.5,0.125,0,0,1
"2015-04-26","玉川村長選挙","玉川村","福島県",0,1,0,2,64,64,1,0,0,0,0,0,1
"2015-04-26","玉東町議会議員選挙","玉東町","熊本県",1,0,0,13,62.5,54,10,0,0.2,0.3,0,0,1
"2015-04-26","玉野市議会議員選挙","玉野市","岡山県",1,0,0,23,60,42,17,3,0.15,0.45,0.15,0.1,0.75
"2015-04-26","王寺町議会議員選挙","王寺町","奈良県",1,0,0,13,67.5,58,8,4,0.166666666666667,0.666666666666667,0.0833333333333333,0.166666666666667,0.666666666666667
"2015-04-26","玖珠町議会議員選挙","玖珠町","大分県",1,0,0,20,63.5,33,13,1,0.357142857142857,0.5,0.0714285714285714,0,0.928571428571429
"2015-04-26","珠洲市議会議員選挙","珠洲市","石川県",1,0,0,16,63,39,NA,NA,0.142857142857143,0.428571428571429,0.428571428571429,0,0.571428571428571
"2015-04-26","瑞穂市議会議員補欠選挙","瑞穂市","岐阜県",1,0,1,3,57,54,2,0,0.5,0,0,0,1
"2015-04-26","瑞穂市長選挙","瑞穂市","岐阜県",0,1,0,3,65,65,1,0,1,1,0,0,1
"2015-04-26","瑞穂町議会議員選挙","瑞穂町","東京都",1,0,0,20,61,46,14,2,0.375,0.3125,0.1875,0.0625,0.6875
"2015-04-26","甘楽町議会議員選挙","甘楽町","群馬県",1,0,0,12,67.5,57,NA,NA,0.25,0.833333333333333,0,0.0833333333333333,0.916666666666667
"2015-04-26","生駒市議会議員選挙","生駒市","奈良県",1,0,0,33,55,25,18,6,0.208333333333333,0.166666666666667,0.208333333333333,0.125,0.625
"2015-04-26","生駒市長選挙","生駒市","奈良県",0,1,0,3,41,41,1,0,1,0,0,0,1
"2015-04-26","産山村議会議員選挙","産山村","熊本県",1,0,0,9,63,41,8,0,0.125,0.25,0,0,1
"2015-04-26","田上町議会議員選挙","田上町","新潟県",1,0,0,14,64,30,13,1,0.214285714285714,0.428571428571429,0.0714285714285714,0,0.928571428571429
"2015-04-26","田原市長選挙","田原市","愛知県",0,1,0,3,66,66,1,0,1,1,0,0,1
"2015-04-26","田子町議会議員選挙","田子町","青森県",1,0,0,12,60,43,10,0,0.2,0.3,0,0,1
"2015-04-26","田尻町議会議員選挙","田尻町","大阪府",1,0,0,12,56,29,NA,NA,0.2,0,0.3,0.2,0.4
"2015-04-26","田川市議会議員選挙","田川市","福岡県",1,0,0,23,64.5,37,19,1,0.2,0.5,0.1,0.2,0.65
"2015-04-26","田川市長選挙","田川市","福岡県",0,1,0,4,58,58,1,0,1,0,0,0,1
"2015-04-26","田野町議会議員選挙","田野町","高知県",1,0,0,11,65,42,9,1,0.3,0.5,0,0.2,0.8
"2015-04-26","由仁町議会議員選挙","由仁町","北海道",1,0,0,11,63.5,55,10,0,0.2,0.5,0,0.1,0.9
"2015-04-26","由仁町長選挙","由仁町","北海道",0,1,0,1,58,58,1,0,1,0,0,0,1
"2015-04-26","甲府市議会議員選挙","甲府市","山梨県",1,0,0,44,56.5,30,29,3,0.28125,0.1875,0.15625,0.15625,0.6875
"2015-04-26","留寿都村議会議員選挙","留寿都村","北海道",1,0,0,13,63,49,10,0,0.4,0.4,0,0.1,0.9
"2015-04-26","留萌市議会議員選挙","留萌市","北海道",1,0,0,17,58.5,41,12,4,0.3125,0.25,0.125,0.0625,0.75
"2015-04-26","登別市議会議員選挙","登別市","北海道",1,0,0,21,55,34,15,4,0.263157894736842,0.263157894736842,0.157894736842105,0.105263157894737,0.631578947368421
"2015-04-26","白井市議会議員選挙","白井市","千葉県",1,0,0,28,63,35,13,8,0.380952380952381,0.333333333333333,0.19047619047619,0.0476190476190476,0.761904761904762
"2015-04-26","白井市長選挙","白井市","千葉県",0,1,0,2,59,59,1,0,0,0,0,0,1
"2015-04-26","白岡市議会議員選挙","白岡市","埼玉県",1,0,0,20,62.5,30,16,2,0.277777777777778,0.444444444444444,0.111111111111111,0.0555555555555556,0.833333333333333
"2015-04-26","白川村議会議員選挙","白川村","岐阜県",1,0,0,8,62,47,7,0,0.142857142857143,0.428571428571429,0,0,1
"2015-04-26","白川村長選挙","白川村","岐阜県",0,1,0,1,61,61,1,0,0,0,0,0,1
"2015-04-26","白糠町議会議員選挙","白糠町","北海道",1,0,0,13,67,43,11,2,0,0.615384615384615,0.0769230769230769,0.0769230769230769,0.846153846153846
"2015-04-26","白鷹町議会議員選挙","白鷹町","山形県",1,0,0,16,62,49,13,1,0.142857142857143,0.428571428571429,0.0714285714285714,0.0714285714285714,0.857142857142857
"2015-04-26","益城町議会議員選挙","益城町","熊本県",1,0,0,24,66,48,17,1,0.388888888888889,0.555555555555556,0.0555555555555556,0,0.944444444444444
"2015-04-26","益子町議会議員選挙","益子町","栃木県",1,0,0,17,61,46,14,2,0.4375,0.375,0.0625,0,0.9375
"2015-04-26","目黒区議会議員選挙","目黒区","東京都",1,0,0,49,50,31,21,15,0.277777777777778,0.111111111111111,0.527777777777778,0.138888888888889,0.166666666666667
"2015-04-26","直島町議会議員選挙","直島町","香川県",1,0,0,10,66,51,10,0,0.1,0.6,0,0,1
"2015-04-26","直方市議会議員選挙","直方市","福岡県",1,0,0,NA,61,34,18,1,0.315789473684211,0.263157894736842,0.105263157894737,0.157894736842105,0.684210526315789
"2015-04-26","直方市長選挙","直方市","福岡県",0,1,0,1,62,62,1,0,1,0,0,0,1
"2015-04-26","相生市議会議員選挙","相生市","兵庫県",1,0,0,16,61.5,38,14,0,0.0714285714285714,0.357142857142857,0.142857142857143,0.0714285714285714,0.785714285714286
"2015-04-26","真岡市議会議員選挙","真岡市","栃木県",1,0,0,25,58,42,NA,NA,0.238095238095238,0.333333333333333,0.0952380952380952,0.0476190476190476,0.857142857142857
"2015-04-26","真狩村議会議員選挙","真狩村","北海道",1,0,0,9,64.5,47,7,1,0.25,0.5,0,0,1
"2015-04-26","矢巾町議会議員選挙","矢巾町","岩手県",1,0,0,21,64,50,15,3,0.222222222222222,0.444444444444444,0.0555555555555556,0.111111111111111,0.833333333333333
"2015-04-26","矢巾町長選挙","矢巾町","岩手県",0,1,0,2,69,69,1,0,1,1,0,0,1
"2015-04-26","矢板市議会議員選挙","矢板市","栃木県",1,0,0,20,58.5,39,12,4,0.25,0.125,0.125,0,0.875
"2015-04-26","矢祭町長選挙","矢祭町","福島県",0,1,0,3,74,74,1,0,0,1,0,0,1
"2015-04-26","知多市議会議員選挙","知多市","愛知県",1,0,0,21,57.5,28,18,2,0.35,0.2,0.1,0.1,0.8
"2015-04-26","知夫村議会議員選挙","知夫村","島根県",1,0,0,8,63,39,7,1,0.5,0.5,0,0,1
"2015-04-26","石井町長選挙","石井町","徳島県",0,1,0,2,36,36,1,0,1,0,0,0,1
"2015-04-26","石岡市議会議員選挙","石岡市","茨城県",1,0,0,27,60.5,31,19,3,0.227272727272727,0.454545454545455,0.0909090909090909,0.0454545454545455,0.863636363636364
"2015-04-26","砂川市議会議員選挙","砂川市","北海道",1,0,0,14,58.5,37,13,1,0.285714285714286,0.285714285714286,0.142857142857143,0.0714285714285714,0.714285714285714
"2015-04-26","砂川市長選挙","砂川市","北海道",0,1,0,1,65,65,1,0,0,1,0,0,1
"2015-04-26","神山町議会議員補欠選挙","神山町","徳島県",1,0,1,1,57,57,1,0,1,0,0,0,1
"2015-04-26","神山町長選挙","神山町","徳島県",0,1,0,1,65,65,1,0,0,1,0,0,1
"2015-04-26","神川町議会議員選挙","神川町","埼玉県",1,0,0,14,61.5,47,11,3,0.5,0.285714285714286,0.0714285714285714,0.0714285714285714,0.857142857142857
"2015-04-26","神恵内村議会議員選挙","神恵内村","北海道",1,0,0,9,65,53,8,0,0.125,0.5,0,0,1
"2015-04-26","神戸町議会議員選挙","神戸町","岐阜県",1,0,0,11,61,34,9,1,0.2,0.2,0,0.1,0.9
"2015-04-26","神津島村議会議員選挙","神津島村","東京都",1,0,0,7,66,61,7,0,0,0.857142857142857,0,0,1
"2015-04-26","神流町議会議員補欠選挙","神流町","群馬県",1,0,1,1,62,62,1,0,1,0,0,0,1
"2015-04-26","神流町長選挙","神流町","群馬県",0,1,0,1,60,60,1,0,1,0,0,0,1
"2015-04-26","福井市議会議員選挙","福井市","福井県",1,0,0,39,58,29,NA,NA,0.21875,0.28125,0.28125,0.0625,0.625
"2015-04-26","福智町議会議員選挙","福智町","福岡県",1,0,0,23,64,41,19,1,0.15,0.45,0.05,0.05,0.9
"2015-04-26","福生市議会議員選挙","福生市","東京都",1,0,0,22,62,39,17,2,0.210526315789474,0.473684210526316,0.210526315789474,0.105263157894737,0.631578947368421
"2015-04-26","福知山市議会議員選挙","福知山市","京都府",1,0,0,33,61,41,24,2,0.307692307692308,0.307692307692308,0.153846153846154,0.192307692307692,0.576923076923077
"2015-04-26","秋田市議会議員選挙","秋田市","秋田県",1,0,0,47,59,31,35,4,0.230769230769231,0.307692307692308,0.230769230769231,0.102564102564103,0.615384615384615
"2015-04-26","稚内市議会議員選挙","稚内市","北海道",1,0,0,19,57,35,16,2,0.333333333333333,0.222222222222222,0.166666666666667,0.111111111111111,0.666666666666667
"2015-04-26","稚内市長選挙","稚内市","北海道",0,1,0,1,65,65,1,0,0,1,0,0,1
"2015-04-26","稲城市議会議員選挙","稲城市","東京都",1,0,0,25,50,32,16,6,0.318181818181818,0.136363636363636,0.272727272727273,0.0909090909090909,0.454545454545455
"2015-04-26","稲城市長選挙","稲城市","東京都",0,1,0,2,52,52,1,0,0,0,0,0,1
"2015-04-26","穴水町議会議員選挙","穴水町","石川県",1,0,0,13,67.5,45,9,1,0.2,0.7,0.3,0,0.7
"2015-04-26","立科町議会議員選挙","立科町","長野県",1,0,0,13,61.5,38,9,3,0.416666666666667,0.25,0.0833333333333333,0.0833333333333333,0.833333333333333
"2015-04-26","立科町長選挙","立科町","長野県",0,1,0,2,54,54,1,0,1,0,0,0,1
"2015-04-26","筑後市議会議員選挙","筑後市","福岡県",1,0,0,22,60,48,18,1,0.263157894736842,0.368421052631579,0.105263157894737,0.0526315789473684,0.842105263157895
"2015-04-26","筑紫野市議会議員選挙","筑紫野市","福岡県",1,0,0,24,63.5,29,18,4,0.454545454545455,0.454545454545455,0.136363636363636,0.0909090909090909,0.772727272727273
"2015-04-26","筑西市議会議員選挙","筑西市","茨城県",1,0,0,28,64.5,32,21,3,0.166666666666667,0.5,0.291666666666667,0.0833333333333333,0.583333333333333
"2015-04-26","箕輪町議会議員選挙","箕輪町","長野県",1,0,0,16,66,39,14,1,0.333333333333333,0.866666666666667,0.0666666666666667,0.133333333333333,0.8
"2015-04-26","篠栗町議会議員選挙","篠栗町","福岡県",1,0,0,14,64,50,12,0,0.333333333333333,0.416666666666667,0.0833333333333333,0.0833333333333333,0.833333333333333
"2015-04-26","米沢市議会議員選挙","米沢市","山形県",1,0,0,28,53.5,27,21,3,0.291666666666667,0.125,0.125,0.0833333333333333,0.75
"2015-04-26","粟島浦村議会議員選挙","粟島浦村","新潟県",1,0,0,7,66,63,7,0,0.142857142857143,0.714285714285714,0,0,1
"2015-04-26","糸田町議会議員選挙","糸田町","福岡県",1,0,0,14,67,44,11,1,0.166666666666667,0.583333333333333,0.0833333333333333,0.0833333333333333,0.833333333333333
"2015-04-26","糸田町長選挙","糸田町","福岡県",0,1,0,2,68,68,1,0,1,1,0,0,1
"2015-04-26","紀美野町議会議員選挙","紀美野町","和歌山県",1,0,0,13,65.5,52,11,1,0.0833333333333333,0.666666666666667,0.0833333333333333,0.166666666666667,0.75
"2015-04-26","結城市議会議員選挙","結城市","茨城県",1,0,0,21,65.5,40,16,2,0.222222222222222,0.555555555555556,0.0555555555555556,0.0555555555555556,0.888888888888889
"2015-04-26","網走市議会議員選挙","網走市","北海道",1,0,0,20,46.5,32,13,3,0.25,0.0625,0.125,0.0625,0.625
"2015-04-26","綾瀬市議会議員選挙","綾瀬市","神奈川県",1,0,0,22,55.5,27,15,5,0.25,0.15,0.25,0.1,0.55
"2015-04-26","綾町議会議員選挙","綾町","宮崎県",1,0,0,12,64,39,9,1,0.3,0.4,0.1,0.1,0.8
"2015-04-26","練馬区議会議員選挙","練馬区","東京都",1,0,0,70,49.5,26,38,12,0.18,0.14,0.6,0.12,0.08
"2015-04-26","置戸町議会議員選挙","置戸町","北海道",1,0,0,10,62.5,52,10,0,0.2,0.5,0,0,1
"2015-04-26","羅臼町議会議員選挙","羅臼町","北海道",1,0,0,10,64,48,10,0,0.1,0.4,0,0.1,0.9
"2015-04-26","羅臼町長選挙","羅臼町","北海道",0,1,0,1,51,51,1,0,1,0,0,0,1
"2015-04-26","美幌町議会議員選挙","美幌町","北海道",1,0,0,16,62.5,56,11,3,0.214285714285714,0.357142857142857,0.142857142857143,0.0714285714285714,0.714285714285714
"2015-04-26","美幌町長選挙","美幌町","北海道",0,1,0,2,64,64,1,0,0,0,0,0,1
"2015-04-26","美浜町議会議員選挙","美浜町","愛知県",1,0,0,18,62.5,47,13,1,0.285714285714286,0.428571428571429,0,0.142857142857143,0.857142857142857
"2015-04-26","美浜町長選挙","美浜町","愛知県",0,1,0,2,61,61,1,0,1,0,0,0,1
"2015-04-26","美浦村長選挙","美浦村","茨城県",0,1,0,1,67,67,1,0,0,1,0,0,1
"2015-04-26","美深町議会議員選挙","美深町","北海道",1,0,0,11,61,39,11,0,0.272727272727273,0.363636363636364,0,0.0909090909090909,0.909090909090909
"2015-04-26","美深町長選挙","美深町","北海道",0,1,0,1,69,69,1,0,0,1,0,0,1
"2015-04-26","美濃市議会議員選挙","美濃市","岐阜県",1,0,0,14,64,54,NA,NA,0.307692307692308,0.461538461538462,0.230769230769231,0,0.769230769230769
"2015-04-26","美瑛町議会議員選挙","美瑛町","北海道",1,0,0,15,64,41,12,2,0.357142857142857,0.5,0,0.0714285714285714,0.928571428571429
"2015-04-26","美瑛町長選挙","美瑛町","北海道",0,1,0,2,62,62,1,0,0,0,0,0,1
"2015-04-26","美里町議会議員選挙","美里町","埼玉県",1,0,0,13,65,40,9,3,0.166666666666667,0.583333333333333,0.0833333333333333,0.0833333333333333,0.833333333333333
"2015-04-26","羽島市議会議員選挙","羽島市","岐阜県",1,0,0,20,61.5,27,NA,NA,0.277777777777778,0.277777777777778,0.222222222222222,0.0555555555555556,0.722222222222222
"2015-04-26","羽幌町議会議員選挙","羽幌町","北海道",1,0,0,13,62,35,10,1,0.181818181818182,0.363636363636364,0,0.0909090909090909,0.909090909090909
"2015-04-26","羽村市議会議員選挙","羽村市","東京都",1,0,0,20,59.5,43,15,3,0.111111111111111,0.333333333333333,0.222222222222222,0.111111111111111,0.555555555555556
"2015-04-26","羽生市議会議員選挙","羽生市","埼玉県",1,0,0,20,61.5,32,14,0,0.285714285714286,0.428571428571429,0.142857142857143,0.0714285714285714,0.785714285714286
"2015-04-26","習志野市議会議員選挙","習志野市","千葉県",1,0,0,38,56,28,25,5,0.166666666666667,0.166666666666667,0.166666666666667,0.1,0.633333333333333
"2015-04-26","習志野市長選挙","習志野市","千葉県",0,1,0,3,42,42,1,0,0,0,0,0,1
"2015-04-26","興部町議会議員選挙","興部町","北海道",1,0,0,10,67,52,9,1,0.1,0.6,0,0,1
"2015-04-26","興部町長選挙","興部町","北海道",0,1,0,1,57,57,1,0,0,0,0,0,1
"2015-04-26","舟形町議会議員選挙","舟形町","山形県",1,0,0,11,61,47,NA,NA,0.3,0.2,0,0,1
"2015-04-26","舟橋村議会議員選挙","舟橋村","富山県",1,0,0,8,61,42,NA,NA,0.375,0.375,0.25,0.125,0.625
"2015-04-26","船橋市議会議員選挙","船橋市","千葉県",1,0,0,73,50.5,27,NA,NA,0.38,0.14,0.42,0.16,0.3
"2015-04-26","芦別市議会議員選挙","芦別市","北海道",1,0,0,15,63,35,11,1,0.416666666666667,0.333333333333333,0.0833333333333333,0.0833333333333333,0.666666666666667
"2015-04-26","芦別市長選挙","芦別市","北海道",0,1,0,2,67,67,1,0,1,1,0,0,1
"2015-04-26","芦屋市議会議員選挙","芦屋市","兵庫県",1,0,0,32,54,27,15,6,0.19047619047619,0.19047619047619,0.333333333333333,0.142857142857143,0.380952380952381
"2015-04-26","芦屋市長選挙","芦屋市","兵庫県",0,1,0,3,65,65,1,0,0,1,0,0,1
"2015-04-26","芦屋町議会議員選挙","芦屋町","福岡県",1,0,0,13,67.5,44,12,0,0.166666666666667,0.583333333333333,0.0833333333333333,0.0833333333333333,0.833333333333333
"2015-04-26","芦屋町長選挙","芦屋町","福岡県",0,1,0,2,65,65,1,0,0,1,0,0,1
"2015-04-26","芳賀町議会議員選挙","芳賀町","栃木県",1,0,0,16,63.5,49,13,1,0.214285714285714,0.357142857142857,0.0714285714285714,0,0.928571428571429
"2015-04-26","芳賀町長選挙","芳賀町","栃木県",0,1,0,2,63,63,1,0,1,0,0,0,1
"2015-04-26","芽室町議会議員選挙","芽室町","北海道",1,0,0,18,57,39,13,3,0.375,0.3125,0.0625,0.125,0.8125
"2015-04-26","苫前町議会議員選挙","苫前町","北海道",1,0,0,10,62,51,7,1,0.625,0.25,0,0,1
"2015-04-26","苫前町長選挙","苫前町","北海道",0,1,0,2,73,73,1,0,0,1,0,0,1
"2015-04-26","苫小牧市議会議員選挙","苫小牧市","北海道",1,0,0,30,57,35,25,3,0.178571428571429,0.0357142857142857,0.321428571428571,0.142857142857143,0.392857142857143
"2015-04-26","茂木町議会議員選挙","茂木町","栃木県",1,0,0,14,64,47,13,1,0.214285714285714,0.357142857142857,0,0.0714285714285714,0.928571428571429
"2015-04-26","茅ヶ崎市議会議員選挙","茅ヶ崎市","神奈川県",1,0,0,40,55,28,20,8,0.285714285714286,0.107142857142857,0.321428571428571,0.0714285714285714,0.5
"2015-04-26","茅ヶ崎市長選挙","茅ヶ崎市","神奈川県",0,1,0,3,53,53,1,0,0,0,0,0,1
"2015-04-26","茅野市議会議員選挙","茅野市","長野県",1,0,0,20,62,41,16,2,0.388888888888889,0.333333333333333,0.0555555555555556,0.166666666666667,0.777777777777778
"2015-04-26","茅野市長選挙","茅野市","長野県",0,1,0,2,61,61,1,0,0,0,0,0,1
"2015-04-26","茨城町議会議員補欠選挙","茨城町","茨城県",1,0,1,2,47,47,1,0,1,0,0,0,1
"2015-04-26","茨城町長選挙","茨城町","茨城県",0,1,0,1,67,67,1,0,0,1,0,0,1
"2015-04-26","草津町議会議員選挙","草津町","群馬県",1,0,0,14,53.5,40,12,0,0.25,0.166666666666667,0.0833333333333333,0,0.916666666666667
"2015-04-26","荒尾市議会議員選挙","荒尾市","熊本県",1,0,0,22,61.5,33,16,2,0.333333333333333,0.277777777777778,0.111111111111111,0.277777777777778,0.611111111111111
"2015-04-26","荒川区議会議員選挙","荒川区","東京都",1,0,0,36,61,37,24,8,0.09375,0.15625,0.59375,0.1875,0.125
"2015-04-26","菊陽町議会議員選挙","菊陽町","熊本県",1,0,0,21,58.5,39,15,3,0.222222222222222,0.333333333333333,0.0555555555555556,0.0555555555555556,0.888888888888889
"2015-04-26","葉山町議会議員選挙","葉山町","神奈川県",1,0,0,19,51,40,7,7,0.285714285714286,0.357142857142857,0.0714285714285714,0.142857142857143,0.642857142857143
"2015-04-26","蒲郡市議会議員選挙","蒲郡市","愛知県",1,0,0,22,56.5,39,19,1,0,0.15,0.15,0.05,0.8
"2015-04-26","蓬田村議会議員選挙","蓬田村","青森県",1,0,0,10,63,53,8,0,0.25,0.375,0,0.125,0.875
"2015-04-26","蓮田市議会議員選挙","蓮田市","埼玉県",1,0,0,22,61.5,29,15,5,0.3,0.35,0.15,0.2,0.65
"2015-04-26","藤井寺市議会議員選挙","藤井寺市","大阪府",1,0,0,16,58,30,13,1,0.214285714285714,0.214285714285714,0.357142857142857,0.142857142857143,0.5
"2015-04-26","藤井寺市長選挙","藤井寺市","大阪府",0,1,0,2,73,73,NA,NA,0,1,0,0,1
"2015-04-26","藤岡市議会議員選挙","藤岡市","群馬県",1,0,0,22,55,32,NA,NA,0.2,0.2,0.1,0.05,0.85
"2015-04-26","藤沢市議会議員選挙","藤沢市","神奈川県",1,0,0,46,51.5,25,31,5,0.305555555555556,0.111111111111111,0.305555555555556,0.111111111111111,0.5
"2015-04-26","蘭越町議会議員選挙","蘭越町","北海道",1,0,0,13,65,54,8,2,0.4,0.5,0,0.1,0.9
"2015-04-26","蟹江町議会議員選挙","蟹江町","愛知県",1,0,0,17,62.5,39,13,1,0.214285714285714,0.357142857142857,0.0714285714285714,0.0714285714285714,0.785714285714286
"2015-04-26","行方市議会議員選挙","行方市","茨城県",1,0,0,24,60,36,20,0,0.15,0.35,0.05,0,0.95
"2015-04-26","行田市議会議員選挙","行田市","埼玉県",1,0,0,30,60.5,31,18,4,0.318181818181818,0.363636363636364,0.136363636363636,0.0909090909090909,0.772727272727273
"2015-04-26","行田市長選挙","行田市","埼玉県",0,1,0,1,64,64,1,0,0,0,0,0,1
"2015-04-26","西和賀町議会議員選挙","西和賀町","岩手県",1,0,0,13,63.5,48,11,1,0.25,0.416666666666667,0,0.0833333333333333,0.916666666666667
"2015-04-26","西宮市議会議員選挙","西宮市","兵庫県",1,0,0,60,57,27,NA,NA,0.24390243902439,0.195121951219512,0.365853658536585,0.146341463414634,0.390243902439024
"2015-04-26","西川町議会議員選挙","西川町","山形県",1,0,0,10,67,60,9,1,0.1,0.7,0,0.1,0.9
"2015-04-26","西目屋村議会議員選挙","西目屋村","青森県",1,0,0,7,63,45,NA,NA,0.166666666666667,0.5,0,0,1
"2015-04-26","西米良村議会議員選挙","西米良村","宮崎県",1,0,0,8,57,39,8,0,0.25,0.125,0,0,1
"2015-04-26","西粟倉村議会議員選挙","西粟倉村","岡山県",1,0,0,9,62.5,52,NA,NA,0.375,0.375,0,0,1
"2015-04-26","西興部村議会議員選挙","西興部村","北海道",1,0,0,8,62.5,60,6,2,0.25,0.375,0,0,1
"2015-04-26","訓子府町議会議員選挙","訓子府町","北海道",1,0,0,10,63,57,8,2,0.4,0.3,0,0.1,0.9
"2015-04-26","訓子府町長選挙","訓子府町","北海道",0,1,0,1,68,68,1,0,0,1,0,0,1
"2015-04-26","設楽町議会議員選挙","設楽町","愛知県",1,0,0,12,66,54,NA,NA,0.166666666666667,0.833333333333333,0,0.0833333333333333,0.916666666666667
"2015-04-26","調布市議会議員選挙","調布市","東京都",1,0,0,36,54,38,18,10,0.107142857142857,0.0714285714285714,0.285714285714286,0.178571428571429,0.357142857142857
"2015-04-26","諏訪市議会議員選挙","諏訪市","長野県",1,0,0,16,64,46,13,2,0.333333333333333,0.466666666666667,0.0666666666666667,0.133333333333333,0.8
"2015-04-26","諏訪市長選挙","諏訪市","長野県",0,1,0,1,56,56,0,1,1,0,0,0,1
"2015-04-26","諸塚村議会議員選挙","諸塚村","宮崎県",1,0,0,8,62.5,61,7,1,0.25,0.375,0,0,1
"2015-04-26","諸塚村長選挙","諸塚村","宮崎県",0,1,0,2,64,64,1,0,1,0,0,0,1
"2015-04-26","豊丘村議会議員選挙","豊丘村","長野県",1,0,0,15,61.5,48,12,2,0.357142857142857,0.428571428571429,0.0714285714285714,0.142857142857143,0.785714285714286
"2015-04-26","豊丘村長選挙","豊丘村","長野県",0,1,0,1,60,60,1,0,0,0,0,0,1
"2015-04-26","豊中市議会議員選挙","豊中市","大阪府",1,0,0,42,54,30,NA,NA,0.25,0.138888888888889,0.388888888888889,0.194444444444444,0.222222222222222
"2015-04-26","豊富町議会議員選挙","豊富町","北海道",1,0,0,11,61,51,10,0,0.2,0.3,0,0.1,0.9
"2015-04-26","豊富町長選挙","豊富町","北海道",0,1,0,2,66,66,1,0,0,1,0,0,1
"2015-04-26","豊山町議会議員選挙","豊山町","愛知県",1,0,0,11,62.5,28,NA,NA,0.4,0.4,0.1,0.1,0.8
"2015-04-26","豊島区議会議員選挙","豊島区","東京都",1,0,0,55,53.5,26,23,13,0.194444444444444,0.138888888888889,0.583333333333333,0.222222222222222,0.0833333333333333
"2015-04-26","豊島区長選挙","豊島区","東京都",0,1,0,3,77,77,1,0,0,1,0,0,1
"2015-04-26","豊川市議会議員選挙","豊川市","愛知県",1,0,0,34,59.5,36,26,4,0.2,0.333333333333333,0.2,0.0666666666666667,0.733333333333333
"2015-04-26","豊明市議会議員選挙","豊明市","愛知県",1,0,0,35,56.5,36,15,5,0.4,0.15,0.1,0.05,0.85
"2015-04-26","豊明市長選挙","豊明市","愛知県",0,1,0,3,46,46,1,0,1,0,0,0,1
"2015-04-26","豊根村議会議員選挙","豊根村","愛知県",1,0,0,10,64,60,NA,NA,0.375,0.375,0,0,1
"2015-04-26","豊橋市議会議員選挙","豊橋市","愛知県",1,0,0,42,54.5,31,31,5,0.166666666666667,0.0833333333333333,0.472222222222222,0.0833333333333333,0.388888888888889
"2015-04-26","豊田市議会議員選挙","豊田市","愛知県",1,0,0,52,56,39,42,3,0.311111111111111,0.2,0.0888888888888889,0.0444444444444444,0.866666666666667
"2015-04-26","豊郷町議会議員補欠選挙","豊郷町","滋賀県",1,0,1,2,61,61,NA,NA,1,0,0,0,1
"2015-04-26","豊郷町長選挙","豊郷町","滋賀県",0,1,0,3,67,67,1,0,0,1,0,0,1
"2015-04-26","豊頃町議会議員選挙","豊頃町","北海道",1,0,0,10,63,46,9,0,0.555555555555556,0.333333333333333,0,0.111111111111111,0.888888888888889
"2015-04-26","貝塚市議会議員選挙","貝塚市","大阪府",1,0,0,23,57.5,30,17,1,0.166666666666667,0,0.277777777777778,0,0.555555555555556
"2015-04-26","赤井川村議会議員選挙","赤井川村","北海道",1,0,0,11,63,42,7,1,0.375,0.5,0,0,1
"2015-04-26","赤井川村長選挙","赤井川村","北海道",0,1,0,1,68,68,1,0,0,1,0,0,1
"2015-04-26","赤平市議会議員選挙","赤平市","北海道",1,0,0,11,64.5,39,8,2,0.3,0.5,0.1,0.1,0.7
"2015-04-26","赤平市長選挙","赤平市","北海道",0,1,0,1,65,65,1,0,1,1,0,0,1
"2015-04-26","越谷市議会議員選挙","越谷市","埼玉県",1,0,0,44,49.5,25,24,8,0.1875,0.0625,0.375,0.09375,0.375
"2015-04-26","足利市議会議員選挙","足利市","栃木県",1,0,0,28,58,34,18,6,0.125,0.25,0.5,0.0416666666666667,0.416666666666667
"2015-04-26","足寄町議会議員選挙","足寄町","北海道",1,0,0,14,68,47,11,2,0.153846153846154,0.769230769230769,0.0769230769230769,0.0769230769230769,0.846153846153846
"2015-04-26","足寄町長選挙","足寄町","北海道",0,1,0,3,63,63,1,0,0,0,0,0,1
"2015-04-26","軽井沢町議会議員選挙","軽井沢町","長野県",1,0,0,22,61.5,41,11,5,0.375,0.25,0.125,0.0625,0.8125
"2015-04-26","軽米町議会議員選挙","軽米町","岩手県",1,0,0,17,64,52,13,1,0.357142857142857,0.357142857142857,0,0.0714285714285714,0.928571428571429
"2015-04-26","輪島市議会議員選挙","輪島市","石川県",1,0,0,19,64,44,NA,NA,0,0.411764705882353,0.647058823529412,0.0588235294117647,0.294117647058824
"2015-04-26","辰野町議会議員選挙","辰野町","長野県",1,0,0,16,67,49,11,3,0.285714285714286,0.642857142857143,0.0714285714285714,0.142857142857143,0.785714285714286
"2015-04-26","近江八幡市議会議員選挙","近江八幡市","滋賀県",1,0,0,28,63.5,32,21,3,0.291666666666667,0.458333333333333,0.0416666666666667,0.125,0.833333333333333
"2015-04-26","遠別町議会議員選挙","遠別町","北海道",1,0,0,11,72,57,9,0,0.222222222222222,0.555555555555556,0,0.111111111111111,0.888888888888889
"2015-04-26","遠賀町議会議員選挙","遠賀町","福岡県",1,0,0,15,63,37,12,1,0.307692307692308,0.230769230769231,0.0769230769230769,0.0769230769230769,0.846153846153846
"2015-04-26","邑楽町議会議員選挙","邑楽町","群馬県",1,0,0,16,65.5,45,13,1,0.214285714285714,0.571428571428571,0.0714285714285714,0.0714285714285714,0.857142857142857
"2015-04-26","那賀町長選挙","那賀町","徳島県",0,1,0,1,66,66,1,0,0,1,0,0,1
"2015-04-26","都留市議会議員選挙","都留市","山梨県",1,0,0,19,64,31,15,1,0.25,0.4375,0.0625,0.0625,0.875
"2015-04-26","都農町議会議員選挙","都農町","宮崎県",1,0,0,11,55.5,40,10,0,0.2,0.3,0,0,1
"2015-04-26","酒々井町議会議員選挙","酒々井町","千葉県",1,0,0,16,66,60,NA,NA,0.125,0.75,0.125,0.125,0.75
"2015-04-26","里庄町議会議員選挙","里庄町","岡山県",1,0,0,12,64,51,8,2,0.2,0.5,0,0.1,0.9
"2015-04-26","野々市市議会議員選挙","野々市市","石川県",1,0,0,16,58,31,13,2,0.333333333333333,0.4,0.0666666666666667,0.0666666666666667,0.866666666666667
"2015-04-26","野々市市長選挙","野々市市","石川県",0,1,0,1,54,54,1,0,0,0,0,0,1
"2015-04-26","野木町議会議員選挙","野木町","栃木県",1,0,0,18,64,54,13,1,0.357142857142857,0.357142857142857,0.0714285714285714,0,0.928571428571429
"2015-04-26","野辺地町議会議員選挙","野辺地町","青森県",1,0,0,16,65.5,52,NA,NA,0.166666666666667,0.5,0.0833333333333333,0,0.833333333333333
"2015-04-26","野迫川村議会議員選挙","野迫川村","奈良県",1,0,0,7,65,45,7,0,0.142857142857143,0.571428571428571,0,0,1
"2015-04-26","金山町議会議員選挙","金山町","山形県",1,0,0,12,61,48,10,0,0.3,0.4,0,0,1
"2015-04-26","金沢市議会議員選挙","金沢市","石川県",1,0,0,43,58.5,32,NA,NA,0.131578947368421,0.184210526315789,0.394736842105263,0.0789473684210526,0.5
"2015-04-26","釧路市議会議員選挙","釧路市","北海道",1,0,0,31,54.5,30,25,3,0.178571428571429,0.142857142857143,0.392857142857143,0.142857142857143,0.285714285714286
"2015-04-26","鈴鹿市議会議員選挙","鈴鹿市","三重県",1,0,0,38,59.5,41,29,3,0.25,0.1875,0.15625,0.09375,0.6875
"2015-04-26","鈴鹿市長選挙","鈴鹿市","三重県",0,1,0,2,44,44,0,1,0,0,0,0,1
"2015-04-26","銚子市議会議員選挙","銚子市","千葉県",1,0,0,21,63,30,16,3,0.315789473684211,0.368421052631579,0.105263157894737,0.157894736842105,0.736842105263158
"2015-04-26","鋸南町議会議員選挙","鋸南町","千葉県",1,0,0,14,63.5,54,11,1,0.25,0.416666666666667,0,0.0833333333333333,0.916666666666667
"2015-04-26","鋸南町長選挙","鋸南町","千葉県",0,1,0,1,68,68,1,0,0,1,0,0,1
"2015-04-26","錦町長選挙","錦町","熊本県",0,1,0,2,67,67,1,0,0,1,0,0,1
"2015-04-26","鎌ケ谷市議会議員選挙","鎌ケ谷市","千葉県",1,0,0,29,58.5,35,NA,NA,0.208333333333333,0.25,0.25,0.125,0.541666666666667
"2015-04-26","長万部町議会議員選挙","長万部町","北海道",1,0,0,15,61.5,39,9,1,0.4,0.3,0.1,0,0.9
"2015-04-26","長与町議会議員選挙","長与町","長崎県",1,0,0,18,57,44,NA,NA,0.125,0.3125,0.0625,0.125,0.625
"2015-04-26","長久手市議会議員選挙","長久手市","愛知県",1,0,0,24,54.5,35,11,7,0.333333333333333,0.111111111111111,0.111111111111111,0.0555555555555556,0.722222222222222
"2015-04-26","長井市議会議員選挙","長井市","山形県",1,0,0,20,60,40,NA,NA,0.4375,0.25,0.0625,0.0625,0.875
"2015-04-26","長南町議会議員選挙","長南町","千葉県",1,0,0,17,63,52,13,1,0.285714285714286,0.357142857142857,0.0714285714285714,0.0714285714285714,0.857142857142857
"2015-04-26","長岡市議会議員選挙","長岡市","新潟県",1,0,0,40,60,37,NA,NA,0.176470588235294,0.294117647058824,0.0882352941176471,0.117647058823529,0.764705882352941
"2015-04-26","長崎市議会議員選挙","長崎市","長崎県",1,0,0,54,57.5,34,38,2,0.25,0.2,0.275,0.125,0.425
"2015-04-26","長崎市長選挙","長崎市","長崎県",0,1,0,1,58,58,1,0,0,0,0,0,1
"2015-04-26","長瀞町議会議員選挙","長瀞町","埼玉県",1,0,0,11,67,36,9,1,0.3,0.8,0,0.1,0.9
"2015-04-26","長野原町議会議員選挙","長野原町","群馬県",1,0,0,11,64,56,NA,NA,0.3,0.2,0.1,0,0.9
"2015-04-26","門真市議会議員選挙","門真市","大阪府",1,0,0,27,52,25,16,5,0.238095238095238,0.142857142857143,0.476190476190476,0.19047619047619,0.238095238095238
"2015-04-26","開成町議会議員選挙","開成町","神奈川県",1,0,0,15,63,40,10,2,0.416666666666667,0.416666666666667,0.0833333333333333,0,0.833333333333333
"2015-04-26","開成町長選挙","開成町","神奈川県",0,1,0,2,59,59,1,0,0,0,0,0,1
"2015-04-26","関ケ原町議会議員選挙","関ケ原町","岐阜県",1,0,0,10,61,42,7,2,0.111111111111111,0.444444444444444,0,0.111111111111111,0.888888888888889
"2015-04-26","関市議会議員選挙","関市","岐阜県",1,0,0,27,64,52,23,0,0.0869565217391304,0.434782608695652,0.173913043478261,0.0869565217391304,0.739130434782609
"2015-04-26","阿久根市議会議員選挙","阿久根市","鹿児島県",1,0,0,23,60,43,15,1,0.25,0.3125,0,0,1
"2015-04-26","阿久比町議会議員選挙","阿久比町","愛知県",1,0,0,16,65,51,12,2,0.428571428571429,0.5,0.0714285714285714,0.0714285714285714,0.857142857142857
"2015-04-26","阿南町議会議員選挙","阿南町","長野県",1,0,0,12,67.5,56,11,1,0.333333333333333,0.75,0,0.166666666666667,0.833333333333333
"2015-04-26","陸別町議会議員選挙","陸別町","北海道",1,0,0,11,61,44,7,1,0.375,0.375,0,0.125,0.875
"2015-04-26","陸別町長選挙","陸別町","北海道",0,1,0,2,61,61,1,0,1,0,0,0,1
"2015-04-26","階上町議会議員選挙","階上町","青森県",1,0,0,16,63,44,14,0,0.357142857142857,0.428571428571429,0,0,1
"2015-04-26","雄武町議会議員選挙","雄武町","北海道",1,0,0,10,66.5,56,10,0,0.3,0.6,0,0.1,0.9
"2015-04-26","雨竜町議会議員選挙","雨竜町","北海道",1,0,0,9,62,56,9,0,0,0,0,0,1
"2015-04-26","雨竜町長選挙","雨竜町","北海道",0,1,0,2,54,54,1,0,1,0,0,0,1
"2015-04-26","青梅市議会議員選挙","青梅市","東京都",1,0,0,30,55.5,37,19,5,0.333333333333333,0.0833333333333333,0.291666666666667,0.125,0.5
"2015-04-26","鞍手町議会議員選挙","鞍手町","福岡県",1,0,0,13,61,50,13,0,0.0769230769230769,0.307692307692308,0.0769230769230769,0.153846153846154,0.769230769230769
"2015-04-26","音威子府村議会議員選挙","音威子府村","北海道",1,0,0,6,67.5,57,6,0,0,0.833333333333333,0,0,1
"2015-04-26","音威子府村長選挙","音威子府村","北海道",0,1,0,1,60,60,1,0,0,0,0,0,1
"2015-04-26","音更町議会議員選挙","音更町","北海道",1,0,0,23,64,37,16,4,0.4,0.5,0.05,0.2,0.75
"2015-04-26","須恵町議会議員選挙","須恵町","福岡県",1,0,0,19,63,47,13,1,0.285714285714286,0.357142857142857,0.142857142857143,0.0714285714285714,0.785714285714286
"2015-04-26","風間浦村議会議員選挙","風間浦村","青森県",1,0,0,9,60,47,NA,NA,0.375,0.375,0,0,0.875
"2015-04-26","風間浦村長選挙","風間浦村","青森県",0,1,0,2,54,54,NA,NA,0,0,0,0,1
"2015-04-26","飛島村議会議員選挙","飛島村","愛知県",1,0,0,13,60.5,51,10,0,0.2,0.3,0,0.1,0.9
"2015-04-26","飯塚市議会議員選挙","飯塚市","福岡県",1,0,0,32,57.5,33,27,1,0.214285714285714,0.178571428571429,0.142857142857143,0.0714285714285714,0.714285714285714
"2015-04-26","養老町議会議員選挙","養老町","岐阜県",1,0,0,15,66,39,11,2,0.0769230769230769,0.538461538461538,0,0.0769230769230769,0.923076923076923
"2015-04-26","館山市議会議員選挙","館山市","千葉県",1,0,0,20,60,43,16,2,0.0555555555555556,0.333333333333333,0.111111111111111,0.111111111111111,0.777777777777778
"2015-04-26","館林市長選挙","館林市","群馬県",0,1,0,1,67,67,1,0,0,1,0,0,1
"2015-04-26","駒ヶ根市議会議員選挙","駒ヶ根市","長野県",1,0,0,15,61,42,12,3,0.333333333333333,0.2,0.0666666666666667,0.133333333333333,0.733333333333333
"2015-04-26","高原町議会議員選挙","高原町","宮崎県",1,0,0,15,66,40,NA,NA,0.3,0.6,0,0.1,0.9
"2015-04-26","高山市議会議員選挙","高山市","岐阜県",1,0,0,25,62,41,22,2,0.208333333333333,0.416666666666667,0.0833333333333333,0.0833333333333333,0.833333333333333
"2015-04-26","高山村議会議員選挙","高山村","群馬県",1,0,0,11,66.5,60,9,1,0.2,0.8,0,0,1
"2015-04-26","高崎市議会議員選挙","高崎市","群馬県",1,0,0,50,NA,NA,NA,NA,NA,NA,0.131578947368421,0.0789473684210526,0.789473684210526
"2015-04-26","高崎市長選挙","高崎市","群馬県",0,1,0,2,68,68,1,0,0,1,0,0,1
"2015-04-26","高松市議会議員選挙","高松市","香川県",1,0,0,50,60,34,NA,NA,0.2,0.4,0.75,0.05,0.175
"2015-04-26","高松市長選挙","高松市","香川県",0,1,0,2,55,55,NA,NA,0,0,0,0,1
"2015-04-26","高森町議会議員選挙","高森町","熊本県",1,0,0,12,61,56,NA,NA,0.2,0.2,0,0,1
"2015-04-26","高森町長選挙","高森町","熊本県",0,1,0,1,48,48,1,0,0,0,0,0,1
"2015-04-26","高槻市議会議員選挙","高槻市","大阪府",1,0,0,45,53.5,27,NA,NA,0.205882352941176,0.147058823529412,0.382352941176471,0.147058823529412,0.205882352941176
"2015-04-26","高槻市長選挙","高槻市","大阪府",0,1,0,2,50,50,NA,NA,0,0,0,0,1
"2015-04-26","高浜市議会議員選挙","高浜市","愛知県",1,0,0,17,61,37,13,3,0.1875,0.25,0.125,0.0625,0.8125
"2015-04-26","高浜町議会議員選挙","高浜町","福井県",1,0,0,15,56.5,26,11,3,0.285714285714286,0.214285714285714,0.0714285714285714,0.0714285714285714,0.857142857142857
"2015-04-26","高知市議会議員選挙","高知市","高知県",1,0,0,42,60.5,34,27,7,0.0882352941176471,0.235294117647059,0.294117647058824,0.235294117647059,0.411764705882353
"2015-04-26","高石市議会議員選挙","高石市","大阪府",1,0,0,21,54.5,34,NA,NA,0.125,0.125,0.25,0.125,0.5625
"2015-04-26","高石市長選挙","高石市","大阪府",0,1,0,1,58,58,1,0,0,0,0,0,1
"2015-04-26","高野町議会議員選挙","高野町","和歌山県",1,0,0,11,62.5,54,9,1,0.2,0.4,0,0,1
"2015-04-26","鮫川村議会議員選挙","鮫川村","福島県",1,0,0,11,64,34,10,0,0.5,0.5,0,0,1
"2015-04-26","鳥羽市議会議員選挙","鳥羽市","三重県",1,0,0,17,61.5,36,13,1,0.214285714285714,0.357142857142857,0.0714285714285714,0.0714285714285714,0.857142857142857
"2015-04-26","鳩山町議会議員選挙","鳩山町","埼玉県",1,0,0,13,62,43,11,2,0.153846153846154,0.230769230769231,0.0769230769230769,0.0769230769230769,0.846153846153846
"2015-04-26","鳴沢村議会議員選挙","鳴沢村","山梨県",1,0,0,10,65.5,49,10,0,0.3,0.5,0,0,1
"2015-04-26","鴻巣市議会議員選挙","鴻巣市","埼玉県",1,0,0,33,58,36,19,7,0.269230769230769,0.192307692307692,0.230769230769231,0.115384615384615,0.653846153846154
"2015-04-26","鶴ヶ島市議会議員選挙","鶴ヶ島市","埼玉県",1,0,0,21,62,35,16,2,0.111111111111111,0.388888888888889,0.166666666666667,0.111111111111111,0.611111111111111
"2015-04-26","鶴居村議会議員選挙","鶴居村","北海道",1,0,0,11,64,49,9,0,0,0.333333333333333,0,0.111111111111111,0.888888888888889
"2015-04-26","鷹栖町議会議員選挙","鷹栖町","北海道",1,0,0,12,61.5,37,11,1,0.166666666666667,0.166666666666667,0,0,1
"2015-04-26","鹿島市議会議員選挙","鹿島市","佐賀県",1,0,0,19,59,30,15,1,0.1875,0.25,0.0625,0.0625,0.875
"2015-04-26","鹿嶋市議会議員選挙","鹿嶋市","茨城県",1,0,0,27,58.5,40,18,4,0.272727272727273,0.181818181818182,0.181818181818182,0.0909090909090909,0.681818181818182
"2015-04-26","鹿追町議会議員選挙","鹿追町","北海道",1,0,0,12,64,40,10,1,0.0909090909090909,0.454545454545455,0,0,1
"2015-04-26","鹿追町長選挙","鹿追町","北海道",0,1,0,1,75,75,1,0,0,1,0,0,1
"2015-04-26","黒滝村議会議員選挙","黒滝村","奈良県",1,0,0,7,66,54,6,0,0,0.666666666666667,0,0,1
"2015-04-26","黒潮町議会議員選挙","黒潮町","高知県",1,0,0,17,65,47,12,2,0.214285714285714,0.571428571428571,0,0.0714285714285714,0.928571428571429
"2015-04-26","黒石市議会議員選挙","黒石市","青森県",1,0,0,20,55.5,32,13,3,0.1875,0.25,0.125,0.0625,0.8125
"2015-04-26","龍ケ崎市議会議員選挙","龍ケ崎市","茨城県",1,0,0,28,54.5,35,17,5,0.318181818181818,0.181818181818182,0.181818181818182,0.0909090909090909,0.681818181818182
"2015-05-17","加西市議会議員選挙","加西市","兵庫県",1,0,0,19,63,30,15,0,0.0666666666666667,0.2,0.0666666666666667,0.0666666666666667,0.866666666666667
"2015-05-17","加西市長選挙","加西市","兵庫県",0,1,0,2,59,59,1,0,0,0,0,0,1
"2015-05-17","石狩市議会議員選挙","石狩市","北海道",1,0,0,24,62,33,18,4,0.181818181818182,0.363636363636364,0.136363636363636,0.136363636363636,0.590909090909091
"2015-05-17","石狩市長選挙","石狩市","北海道",0,1,0,1,69,69,1,0,0,1,0,0,1
"2015-05-17","足立区議会議員選挙","足立区","東京都",1,0,0,55,53,33,37,8,0.2,0.111111111111111,0.666666666666667,0.155555555555556,0.0666666666666667
"2015-05-17","足立区長選挙","足立区","東京都",0,1,0,2,56,56,0,1,0,0,1,0,0
"2015-05-17","輪之内町議会議員選挙","輪之内町","岐阜県",1,0,0,10,68,64,8,1,0,0.888888888888889,0,0.111111111111111,0.888888888888889
"2015-05-17","輪之内町長選挙","輪之内町","岐阜県",0,1,0,1,68,68,1,0,0,1,0,0,1
"2015-05-31","北茨城市長選挙","北茨城市","茨城県",0,1,0,2,70,70,1,0,0,1,0,0,1
"2015-05-31","島原市議会議員選挙","島原市","長崎県",1,0,0,21,62,39,18,1,0.105263157894737,0.315789473684211,0.473684210526316,0.0526315789473684,0.473684210526316
"2015-05-31","蕨市議会議員選挙","蕨市","埼玉県",1,0,0,20,52,35,14,4,0.166666666666667,0.111111111111111,0.166666666666667,0.222222222222222,0.555555555555556
"2015-05-31","蕨市長選挙","蕨市","埼玉県",0,1,0,1,51,51,1,0,0,0,0,0,1
"2015-06-07","三沢市長選挙","三沢市","青森県",0,1,0,2,73,73,1,0,0,1,0,0,1
"2015-06-07","五戸町長選挙","五戸町","青森県",0,1,0,2,61,61,1,0,0,0,0,0,1
"2015-06-07","国見町議会議員選挙","国見町","福島県",1,0,0,14,67.5,56,11,1,0.166666666666667,0.833333333333333,0,0.0833333333333333,0.916666666666667
"2015-06-07","市原市議会議員選挙","市原市","千葉県",1,0,0,42,53.5,36,25,7,0.34375,0.09375,0.34375,0.09375,0.5
"2015-06-07","市原市長選挙","市原市","千葉県",0,1,0,3,54,54,1,0,1,0,0,0,1
"2015-06-14","九戸村議会議員選挙","九戸村","岩手県",1,0,0,18,61.5,45,10,2,0.333333333333333,0.333333333333333,0,0.0833333333333333,0.916666666666667
"2015-06-14","度会町議会議員選挙","度会町","三重県",1,0,0,12,66,39,10,1,0.181818181818182,0.545454545454545,0,0.0909090909090909,0.909090909090909
"2015-06-14","度会町長選挙","度会町","三重県",0,1,0,1,67,67,1,0,0,1,0,0,1
"2015-06-14","洋野町議会議員選挙","洋野町","岩手県",1,0,0,18,65,48,14,2,0.125,0.5625,0,0.0625,0.9375
"2015-06-14","深川市議会議員選挙","深川市","北海道",1,0,0,18,58.5,47,14,2,0.3125,0.25,0.0625,0.125,0.75
"2015-06-14","瀬戸内町議会議員補欠選挙","瀬戸内町","鹿児島県",1,0,1,3,63.5,60,2,0,1,0.5,0,0,1
"2015-06-14","瀬戸内町長選挙","瀬戸内町","鹿児島県",0,1,0,2,51,51,1,0,1,0,0,0,1
"2015-06-14","美唄市議会議員選挙","美唄市","北海道",1,0,0,15,57,27,12,2,0.357142857142857,0.285714285714286,0.0714285714285714,0.142857142857143,0.785714285714286
"2015-06-14","美唄市長選挙","美唄市","北海道",0,1,0,1,51,51,1,0,0,0,0,0,1
"2015-06-21","南山城村長選挙","南山城村","京都府",0,1,0,2,76,76,1,0,0,1,0,0,1
"2015-06-21","昭和村議会議員選挙","昭和村","福島県",1,0,0,11,66,60,10,0,0.3,0.7,0,0,1
"2015-06-21","普代村議会議員選挙","普代村","岩手県",1,0,0,10,62,53,10,0,0.3,0.4,0,0,1
"2015-06-21","普代村長選挙","普代村","岩手県",0,1,0,1,60,60,1,0,0,0,0,0,1
"2015-06-21","柳津町議会議員補欠選挙","柳津町","福島県",1,0,1,1,68,68,1,0,0,1,0,0,1
"2015-06-21","柳津町長選挙","柳津町","福島県",0,1,0,2,67,67,1,0,0,1,0,0,1
"2015-06-21","猪苗代町長選挙","猪苗代町","福島県",0,1,0,2,73,73,1,0,0,1,0,0,1
"2015-06-21","磐梯町議会議員選挙","磐梯町","福島県",1,0,0,13,63,37,9,1,0.3,0.3,0,0.1,0.9
"2015-06-21","磐梯町長選挙","磐梯町","福島県",0,1,0,2,65,65,1,0,0,1,0,0,1
"2015-06-21","笠松町長選挙","笠松町","岐阜県",0,1,0,2,66,66,1,0,0,1,0,0,1
"2015-06-21","遊佐町議会議員選挙","遊佐町","山形県",1,0,0,14,61.5,41,10,2,0.25,0.25,0,0,1
"2015-06-28","七宗町議会議員選挙","七宗町","岐阜県",1,0,0,11,63,60,8,0,0.5,0.125,0,0,1
"2015-06-28","勝浦町議会議員選挙","勝浦町","徳島県",1,0,0,11,63.5,39,8,2,0.2,0.4,0,0.2,0.8
"2015-06-28","大磯町議会議員選挙","大磯町","神奈川県",1,0,0,19,63.5,50,7,7,0.142857142857143,0.5,0.142857142857143,0.0714285714285714,0.785714285714286
"2015-06-28","村上市長選挙","村上市","新潟県",0,1,0,4,55,55,1,0,1,0,0,0,1
"2015-06-28","松前町議会議員選挙","松前町","北海道",1,0,0,15,67.5,49,11,1,0.166666666666667,0.833333333333333,0.0833333333333333,0,0.916666666666667
"2015-06-28","紫波町議会議員選挙","紫波町","岩手県",1,0,0,18,59.5,38,12,6,0.388888888888889,0.222222222222222,0.0555555555555556,0.111111111111111,0.833333333333333
"2015-06-28","西会津町議会議員選挙","西会津町","福島県",1,0,0,17,65,43,14,0,0.214285714285714,0.571428571428571,0,0,1
"2015-06-28","那智勝浦町議会議員選挙","那智勝浦町","和歌山県",1,0,0,16,63.5,35,11,1,0.333333333333333,0.5,0.0833333333333333,0.0833333333333333,0.833333333333333
"2015-06-28","鉾田市議会議員選挙","鉾田市","茨城県",1,0,0,24,64,35,19,1,0.3,0.35,0.1,0.05,0.85
"2015-07-05","刈谷市議会議員選挙","刈谷市","愛知県",1,0,0,31,59.5,42,25,3,0.178571428571429,0.178571428571429,0.107142857142857,0.107142857142857,0.785714285714286
"2015-07-05","刈谷市長選挙","刈谷市","愛知県",0,1,0,1,71,71,1,0,0,1,0,0,1
"2015-07-05","大月市議会議員選挙","大月市","山梨県",1,0,0,15,59.5,41,14,0,0.142857142857143,0.357142857142857,0.0714285714285714,0.0714285714285714,0.857142857142857
"2015-07-05","大月市長選挙","大月市","山梨県",0,1,0,2,68,68,1,0,0,1,0,0,1
"2015-07-05","平川市議会議員選挙","平川市","青森県",1,0,0,22,64,31,17,3,0.4,0.4,0,0.05,0.95
"2015-07-05","御嵩町議会議員選挙","御嵩町","岐阜県",1,0,0,13,61.5,54,9,3,0.25,0.333333333333333,0.0833333333333333,0,0.916666666666667
"2015-07-05","御嵩町長選挙","御嵩町","岐阜県",0,1,0,1,61,61,1,0,0,0,0,0,1
"2015-07-05","日進市長選挙","日進市","愛知県",0,1,0,2,73,73,1,0,0,1,0,0,1
"2015-07-05","白河市議会議員選挙","白河市","福島県",1,0,0,28,61,50,24,2,0.153846153846154,0.307692307692308,0.0384615384615385,0.0769230769230769,0.884615384615385
"2015-07-05","白河市長選挙","白河市","福島県",0,1,0,3,65,65,1,0,0,1,0,0,1
"2015-07-05","鯖江市議会議員選挙","鯖江市","福井県",1,0,0,21,62.5,27,18,2,0.1,0.45,0.1,0.05,0.8
"2015-07-12","勝浦市長選挙","勝浦市","千葉県",0,1,0,1,66,66,1,0,0,1,0,0,1
"2015-07-12","厚木市議会議員選挙","厚木市","神奈川県",1,0,0,38,54.5,36,20,8,0.25,0.178571428571429,0.285714285714286,0.0714285714285714,0.535714285714286
"2015-07-12","小笠原村長選挙","小笠原村","東京都",0,1,0,2,66,66,1,0,0,1,0,0,1
"2015-07-12","尾花沢市議会議員選挙","尾花沢市","山形県",1,0,0,17,62.5,38,12,4,0.25,0.25,0.1875,0.0625,0.75
"2015-07-12","平田村長選挙","平田村","福島県",0,1,0,2,68,68,1,0,0,1,0,0,1
"2015-07-12","徳之島町議会議員補欠選挙","徳之島町","鹿児島県",1,0,1,2,34,34,1,0,1,0,0,0,1
"2015-07-12","徳之島町長選挙","徳之島町","鹿児島県",0,1,0,2,55,55,1,0,0,0,0,0,1
"2015-07-12","日田市長選挙","日田市","大分県",0,1,0,2,56,56,1,0,0,0,0,0,1
"2015-07-12","本宮市議会議員選挙","本宮市","福島県",1,0,0,21,62,43,19,1,0.15,0.4,0.05,0.05,0.9
"2015-07-12","狭山市長選挙","狭山市","埼玉県",0,1,0,5,42,42,1,0,1,0,0,0,1
"2015-07-12","瑞浪市長選挙","瑞浪市","岐阜県",0,1,0,2,61,61,1,0,0,0,0,0,1
"2015-07-12","福島市議会議員選挙","福島市","福島県",1,0,0,44,57,35,32,3,0.2,0.0571428571428571,0.114285714285714,0.171428571428571,0.685714285714286
"2015-07-12","越生町議会議員選挙","越生町","埼玉県",1,0,0,15,64,58,8,3,0.363636363636364,0.454545454545455,0.0909090909090909,0.0909090909090909,0.818181818181818
"2015-07-12","雫石町議会議員選挙","雫石町","岩手県",1,0,0,19,66,46,15,1,0.0625,0.5625,0,0.125,0.875
"2015-07-19","向日市議会議員選挙","向日市","京都府",1,0,0,22,54.5,34,16,4,0.35,0.25,0.25,0.35,0.3
"2015-07-19","妙高市議会議員選挙","妙高市","新潟県",1,0,0,19,62,45,16,2,0.333333333333333,0.388888888888889,0.0555555555555556,0.111111111111111,0.833333333333333
"2015-07-19","長柄町議会議員選挙","長柄町","千葉県",1,0,0,15,61.5,44,11,1,0.333333333333333,0.25,0.0833333333333333,0,0.916666666666667
"2015-07-22","飯豊町議会議員選挙","飯豊町","山形県",1,0,0,10,65.5,59,9,1,0.3,0.6,0,0,1
"2015-07-26","みやま市議会議員選挙","みやま市","福岡県",1,0,0,22,63,47,15,2,0.352941176470588,0.294117647058824,0.0588235294117647,0,0.941176470588235
"2015-07-26","三田市議会議員補欠選挙","三田市","兵庫県",1,0,1,6,45,41,2,1,0.333333333333333,0.333333333333333,0,0.333333333333333,0.333333333333333
"2015-07-26","三田市長選挙","三田市","兵庫県",0,1,0,6,63,63,1,0,1,0,0,0,1
"2015-07-26","久慈市議会議員選挙","久慈市","岩手県",1,0,0,28,64,42,23,1,0.208333333333333,0.458333333333333,0.0416666666666667,0.125,0.833333333333333
"2015-07-26","二戸市議会議員選挙","二戸市","岩手県",1,0,0,23,62,34,17,1,0.0555555555555556,0.333333333333333,0.0555555555555556,0.166666666666667,0.777777777777778
"2015-07-26","会津若松市議会議員選挙","会津若松市","福島県",1,0,0,35,57,36,27,3,0.4,0.133333333333333,0.133333333333333,0.166666666666667,0.633333333333333
"2015-07-26","会津若松市長選挙","会津若松市","福島県",0,1,0,1,59,59,1,0,0,0,0,0,1
"2015-07-26","南伊豆町議会議員選挙","南伊豆町","静岡県",1,0,0,14,67,44,NA,NA,0.272727272727273,0.636363636363636,0,0.0909090909090909,0.909090909090909
"2015-07-26","原村長選挙","原村","長野県",0,1,0,3,63,63,1,0,1,0,0,0,1
"2015-07-26","可児市議会議員選挙","可児市","岐阜県",1,0,0,24,57.5,41,19,3,0.181818181818182,0.227272727272727,0.181818181818182,0.0909090909090909,0.681818181818182
"2015-07-26","明和町議会議員選挙","明和町","群馬県",1,0,0,13,61.5,46,12,0,0.0833333333333333,0.416666666666667,0,0.166666666666667,0.833333333333333
"2015-07-26","東根市議会議員選挙","東根市","山形県",1,0,0,19,65,49,15,3,0.166666666666667,0.5,0.166666666666667,0.0555555555555556,0.777777777777778
"2015-07-26","江差町議会議員選挙","江差町","北海道",1,0,0,15,66,37,10,2,0.333333333333333,0.583333333333333,0.166666666666667,0.166666666666667,0.666666666666667
"2015-07-26","滝沢市議会議員選挙","滝沢市","岩手県",1,0,0,23,61.5,46,18,2,0.5,0.2,0.1,0.1,0.8
"2015-07-26","琴平町議会議員選挙","琴平町","香川県",1,0,0,11,59.5,45,9,1,0.3,0.4,0,0.1,0.9
"2015-07-26","白石市議会議員選挙","白石市","宮城県",1,0,0,21,64,35,17,1,0.277777777777778,0.444444444444444,0.111111111111111,0.0555555555555556,0.833333333333333
"2015-07-26","神崎町議会議員選挙","神崎町","千葉県",1,0,0,10,62,53,9,1,0.3,0.3,0,0.1,0.9
"2015-07-26","築上町議会議員選挙","築上町","福岡県",1,0,0,19,61,44,13,1,NA,0.428571428571429,0,0.0714285714285714,0.928571428571429
"2015-07-26","野田村議会議員選挙","野田村","岩手県",1,0,0,13,66,36,11,1,0.25,0.583333333333333,0,0.0833333333333333,0.916666666666667
"2015-07-26","錦町議会議員選挙","錦町","熊本県",1,0,0,17,63,46,11,1,0.25,0.25,0,0,1
"2015-07-26","関川村議会議員選挙","関川村","新潟県",1,0,0,16,60.5,40,10,0,0.6,0.4,0,0,1
"2015-08-02","仁木町議会議員選挙","仁木町","北海道",1,0,0,10,63,57,7,2,0.111111111111111,0.444444444444444,0.111111111111111,0.111111111111111,0.777777777777778
"2015-08-02","仙台市議会議員選挙","仙台市","宮城県",1,0,0,66,55,30,41,14,0.163636363636364,0.127272727272727,0.454545454545455,0.218181818181818,0.127272727272727
"2015-08-02","余市町議会議員選挙","余市町","北海道",1,0,0,20,61,31,16,2,0.166666666666667,0.388888888888889,0.111111111111111,0.166666666666667,0.722222222222222
"2015-08-02","加美町長選挙","加美町","宮城県",0,1,0,1,63,63,1,0,0,0,0,0,1
"2015-08-02","勝山市議会議員選挙","勝山市","福井県",1,0,0,19,59,47,14,2,0.3125,0.3125,0.125,0.0625,0.8125
"2015-08-02","太良町議会議員選挙","太良町","佐賀県",1,0,0,12,65,51,9,2,0.181818181818182,0.545454545454545,0,0,1
"2015-08-02","守口市長選挙","守口市","大阪府",0,1,0,2,52,52,1,0,0,0,0,0,1
"2015-08-02","富里市長選挙","富里市","千葉県",0,1,0,2,75,75,1,0,0,1,0,0,1
"2015-08-02","島牧村長選挙","島牧村","北海道",0,1,0,3,63,63,1,0,0,0,0,0,1
"2015-08-02","忍野村長選挙","忍野村","山梨県",0,1,0,3,65,65,1,0,1,1,0,0,1
"2015-08-02","東浦町長選挙","東浦町","愛知県",0,1,0,1,55,55,1,0,0,0,0,0,1
"2015-08-02","葛巻町長選挙","葛巻町","岩手県",0,1,0,1,60,60,1,0,0,0,0,0,1
"2015-08-02","藤里町長選挙","藤里町","秋田県",0,1,0,1,58,58,1,0,0,0,0,0,1
"2015-08-02","西郷村議会議員選挙","西郷村","福島県",1,0,0,18,63,54,15,1,0.1875,0.3125,0.0625,0.125,0.8125
"2015-08-09","上富良野町議会議員選挙","上富良野町","北海道",1,0,0,16,63,46,12,2,0.357142857142857,0.357142857142857,0.285714285714286,0.0714285714285714,0.642857142857143
"2015-08-09","井手町長選挙","井手町","京都府",0,1,0,1,67,67,1,0,0,1,0,0,1
"2015-08-09","大槌町議会議員選挙","大槌町","岩手県",1,0,0,18,56,50,12,1,0.384615384615385,0.153846153846154,0,0.0769230769230769,0.923076923076923
"2015-08-09","大槌町長選挙","大槌町","岩手県",0,1,0,3,59,59,1,0,1,0,0,0,1
"2015-08-09","大玉村議会議員選挙","大玉村","福島県",1,0,0,15,67,51,11,1,0.25,0.583333333333333,0,0.166666666666667,0.833333333333333
"2015-08-09","大竹市議会議員選挙","大竹市","広島県",1,0,0,19,64.5,41,15,1,0.25,0.5,0.0625,0,0.875
"2015-08-09","小川町議会議員選挙","小川町","埼玉県",1,0,0,18,62,30,14,2,0.125,0.375,0.125,0.0625,0.8125
"2015-08-09","川崎町長選挙","川崎町","宮城県",0,1,0,3,57,57,1,0,0,0,0,0,1
"2015-08-09","市川町議会議員選挙","市川町","兵庫県",1,0,0,13,66.5,57,11,1,0.333333333333333,0.75,0.0833333333333333,0,0.916666666666667
"2015-08-09","市川町長選挙","市川町","兵庫県",0,1,0,2,74,74,1,0,1,1,0,0,1
"2015-08-09","戸沢村議会議員選挙","戸沢村","山形県",1,0,0,12,64,54,9,0,0.222222222222222,0.333333333333333,0,0,1
"2015-08-09","早島町議会議員補欠選挙","早島町","岡山県",1,0,1,3,38,38,1,0,1,0,0,0,1
"2015-08-09","早島町長選挙","早島町","岡山県",0,1,0,2,61,61,1,0,1,0,0,0,1
"2015-08-09","最上町議会議員選挙","最上町","山形県",1,0,0,16,64.5,31,12,0,0.166666666666667,0.5,0,0,1
"2015-08-09","杉戸町議会議員選挙","杉戸町","埼玉県",1,0,0,19,61,34,12,3,0.0666666666666667,0.333333333333333,0.2,0.2,0.6
"2015-08-09","村田町議会議員選挙","村田町","宮城県",1,0,0,15,64.5,53,13,1,0.214285714285714,0.5,0.0714285714285714,0.0714285714285714,0.857142857142857
"2015-08-09","村田町長選挙","村田町","宮城県",0,1,0,2,58,58,1,0,0,0,0,0,1
"2015-08-09","柏市議会議員選挙","柏市","千葉県",1,0,0,47,56.5,33,27,9,0.166666666666667,0.333333333333333,0.388888888888889,0.138888888888889,0.361111111111111
"2015-08-09","涌谷町長選挙","涌谷町","宮城県",0,1,0,2,65,65,1,0,1,1,0,0,1
"2015-08-09","田野畑村議会議員選挙","田野畑村","岩手県",1,0,0,15,63.5,45,9,1,0.3,0.4,0,0.1,0.9
"2015-08-09","甲佐町長選挙","甲佐町","熊本県",0,1,0,1,54,54,1,0,0,0,0,0,1
"2015-08-09","立川市議会議員補欠選挙","立川市","東京都",1,0,1,3,34,34,0,1,1,0,0,0,1
"2015-08-09","立川市長選挙","立川市","東京都",0,1,0,2,70,70,1,0,0,1,1,0,0
"2015-08-09","結城市長選挙","結城市","茨城県",0,1,0,2,72,72,1,0,0,1,0,0,1
"2015-08-09","色麻町議会議員補欠選挙","色麻町","宮城県",1,0,1,4,57,34,3,0,1,0,0,0,1
"2015-08-09","色麻町長選挙","色麻町","宮城県",0,1,0,3,65,65,1,0,1,1,0,0,1
"2015-08-09","郡山市議会議員選挙","郡山市","福島県",1,0,0,62,61.5,37,33,5,0.289473684210526,0.263157894736842,0.105263157894737,0.157894736842105,0.736842105263158
"2015-08-09","須賀川市議会議員選挙","須賀川市","福島県",1,0,0,27,58.5,29,22,2,0.25,0.291666666666667,0.0833333333333333,0.0833333333333333,0.791666666666667
"2015-08-09","高畠町議会議員選挙","高畠町","山形県",1,0,0,18,64,46,NA,NA,NA,0.466666666666667,0.0666666666666667,0.0666666666666667,0.866666666666667
"2015-08-15","福島町議会議員選挙","福島町","北海道",1,0,0,11,67,35,9,1,0,0.8,0.1,0.1,0.8
"2015-08-23","山辺町議会議員選挙","山辺町","山形県",1,0,0,15,59,41,10,2,0.333333333333333,0.25,0,0.0833333333333333,0.916666666666667
"2015-08-23","川辺町議会議員選挙","川辺町","岐阜県",1,0,0,9,66,50,9,0,0.666666666666667,0.555555555555556,0,0,1
"2015-08-23","日の出町議会議員選挙","日の出町","東京都",1,0,0,15,62.5,38,11,3,0.214285714285714,0.428571428571429,0.142857142857143,0.0714285714285714,0.714285714285714
"2015-08-23","盛岡市議会議員選挙","盛岡市","岩手県",1,0,0,41,60,33,32,6,0.184210526315789,0.289473684210526,0.0789473684210526,0.184210526315789,0.684210526315789
"2015-08-23","盛岡市長選挙","盛岡市","岩手県",0,1,0,2,65,65,1,0,0,1,0,0,1
"2015-08-23","石井町議会議員選挙","石井町","徳島県",1,0,0,19,62.5,39,12,2,0.285714285714286,0.357142857142857,0.0714285714285714,0.0714285714285714,0.857142857142857
"2015-08-23","美浦村議会議員選挙","美浦村","茨城県",1,0,0,14,62.5,42,12,2,0.285714285714286,0.357142857142857,0.142857142857143,0.0714285714285714,0.785714285714286
"2015-08-23","聖籠町議会議員選挙","聖籠町","新潟県",1,0,0,14,62.5,34,11,3,0.285714285714286,0.357142857142857,0,0.0714285714285714,0.928571428571429
"2015-08-23","鮫川村長選挙","鮫川村","福島県",0,1,0,1,69,69,1,0,0,1,0,0,1
"2015-08-30","七ヶ浜町議会議員選挙","七ヶ浜町","宮城県",1,0,0,17,59.5,35,13,1,0.428571428571429,0.357142857142857,0.0714285714285714,0.142857142857143,0.785714285714286
"2015-08-30","七ヶ浜町長選挙","七ヶ浜町","宮城県",0,1,0,1,60,60,1,0,1,0,0,0,1
"2015-08-30","中富良野町長選挙","中富良野町","北海道",0,1,0,1,62,62,1,0,0,0,0,0,1
"2015-08-30","九十九里町議会議員選挙","九十九里町","千葉県",1,0,0,17,63.5,45,13,3,0.125,0.4375,0.125,0.0625,0.8125
"2015-08-30","九十九里町長選挙","九十九里町","千葉県",0,1,0,2,69,69,1,0,1,1,0,0,1
"2015-08-30","八百津町議会議員選挙","八百津町","岐阜県",1,0,0,11,60,39,10,0,0.1,0.3,0,0.1,0.9
"2015-08-30","八街市議会議員選挙","八街市","千葉県",1,0,0,23,62,34,15,5,0.15,0.45,0.2,0.1,0.7
"2015-08-30","利府町議会議員選挙","利府町","宮城県",1,0,0,19,60,38,16,2,0.111111111111111,0.277777777777778,0.166666666666667,0.166666666666667,0.666666666666667
"2015-08-30","勝央町長選挙","勝央町","岡山県",0,1,0,1,62,62,1,0,0,0,0,0,1
"2015-08-30","塩竈市議会議員選挙","塩竈市","宮城県",1,0,0,24,63.5,29,15,3,0.277777777777778,0.444444444444444,0.222222222222222,0.166666666666667,0.611111111111111
"2015-08-30","塩竈市長選挙","塩竈市","宮城県",0,1,0,2,73,73,1,0,0,1,0,0,1
"2015-08-30","多賀城市議会議員選挙","多賀城市","宮城県",1,0,0,21,63,50,14,4,0.166666666666667,0.444444444444444,0.166666666666667,0.222222222222222,0.555555555555556
"2015-08-30","大郷町議会議員選挙","大郷町","宮城県",1,0,0,15,63,56,14,0,0.214285714285714,0.357142857142857,0.0714285714285714,0.0714285714285714,0.857142857142857
"2015-08-30","天栄村長選挙","天栄村","福島県",0,1,0,1,53,53,1,0,0,0,0,0,1
"2015-08-30","富谷町議会議員選挙","富谷町","宮城県",1,0,0,29,62,33,17,3,0.35,0.4,0.1,0.1,0.8
"2015-08-30","寒川町議会議員補欠選挙","寒川町","神奈川県",1,0,1,2,41,41,1,0,1,0,0,0,1
"2015-08-30","寒川町長選挙","寒川町","神奈川県",0,1,0,2,65,65,1,0,0,1,0,0,1
"2015-08-30","松前町議会議員選挙","松前町","愛媛県",1,0,0,14,63,48,12,2,0.285714285714286,0.357142857142857,0.0714285714285714,0.0714285714285714,0.857142857142857
"2015-08-30","松島町長選挙","松島町","宮城県",0,1,0,2,65,65,1,0,1,1,0,0,1
"2015-08-30","枚方市長選挙","枚方市","大阪府",0,1,0,4,47,47,1,0,1,0,0,0,0
"2015-08-30","益田市議会議員選挙","益田市","島根県",1,0,0,26,62,39,20,2,0.136363636363636,0.272727272727273,0.0454545454545455,0.136363636363636,0.818181818181818
"2015-08-30","秦野市議会議員選挙","秦野市","神奈川県",1,0,0,34,63,42,21,3,0.125,0.333333333333333,0.291666666666667,0.125,0.541666666666667
"2015-08-30","西粟倉村長選挙","西粟倉村","岡山県",0,1,0,3,60,60,1,0,0,0,0,0,1
"2015-08-30","鏡石町議会議員選挙","鏡石町","福島県",1,0,0,14,63.5,37,12,0,0.166666666666667,0.416666666666667,0,0,0.833333333333333
"2015-08-30","長久手市長選挙","長久手市","愛知県",0,1,0,2,69,69,1,0,0,1,1,0,0
"2015-09-06","上関町議会議員補欠選挙","上関町","山口県",1,0,1,2,68,68,0,1,1,1,0,0,1
"2015-09-06","上関町長選挙","上関町","山口県",0,1,0,1,66,66,1,0,0,1,0,0,1
"2015-09-06","下仁田町議会議員選挙","下仁田町","群馬県",1,0,0,13,64,58,12,0,0.0833333333333333,0.416666666666667,0,0,1
"2015-09-06","与論町長選挙","与論町","鹿児島県",0,1,0,2,71,71,1,0,1,1,0,0,1
"2015-09-06","妹背牛町議会議員選挙","妹背牛町","北海道",1,0,0,10,60.5,53,10,0,0.5,0.2,0,0.2,0.8
"2015-09-06","山田町議会議員選挙","山田町","岩手県",1,0,0,19,63,31,12,2,0.285714285714286,0.428571428571429,0,0.0714285714285714,0.928571428571429
"2015-09-06","有田市議会議員選挙","有田市","和歌山県",1,0,0,16,65,42,14,1,0.0666666666666667,0.6,0.133333333333333,0,0.866666666666667
"2015-09-06","石川町議会議員選挙","石川町","福島県",1,0,0,18,63.5,56,13,1,0.357142857142857,0.5,0,0.142857142857143,0.857142857142857
"2015-09-06","都農町長選挙","都農町","宮崎県",0,1,0,2,56,56,1,0,0,0,0,0,1
"2015-09-06","酒田市長選挙","酒田市","山形県",0,1,0,2,61,61,1,0,1,0,0,0,1
"2015-09-06","釜石市議会議員選挙","釜石市","岩手県",1,0,0,22,64.5,38,18,2,0.25,0.5,0.1,0.15,0.75
"2015-09-06","陸前高田市議会議員選挙","陸前高田市","岩手県",1,0,0,19,59.5,26,16,2,0.277777777777778,0.277777777777778,0,0.166666666666667,0.833333333333333
"2015-09-06","鹿沼市議会議員選挙","鹿沼市","栃木県",1,0,0,27,57.5,37,22,2,0.208333333333333,0.208333333333333,0.208333333333333,0.0416666666666667,0.666666666666667
"2015-09-13","三春町議会議員選挙","三春町","福島県",1,0,0,17,65,55,13,3,0.25,0.625,0.0625,0.125,0.8125
"2015-09-13","三春町長選挙","三春町","福島県",0,1,0,2,75,75,1,0,0,1,0,0,1
"2015-09-13","上板町議会議員選挙","上板町","徳島県",1,0,0,15,66,43,11,3,0.214285714285714,0.642857142857143,0,0.0714285714285714,0.928571428571429
"2015-09-13","中山町議会議員選挙","中山町","山形県",1,0,0,13,65,51,9,1,0.3,0.6,0,0.1,0.9
"2015-09-13","中島村議会議員選挙","中島村","福島県",1,0,0,9,62.5,59,8,0,0.5,0.25,0,0,1
"2015-09-13","交野市議会議員選挙","交野市","大阪府",1,0,0,19,42,28,8,7,0.4,0,0.333333333333333,0.2,0.2
"2015-09-13","八丈町長選挙","八丈町","東京都",0,1,0,1,62,62,1,0,0,0,0,0,1
"2015-09-13","君津市議会議員選挙","君津市","千葉県",1,0,0,26,59.5,31,20,4,0.208333333333333,0.333333333333333,0.208333333333333,0.0416666666666667,0.75
"2015-09-13","大江町議会議員選挙","大江町","山形県",1,0,0,13,64.5,46,12,0,0.25,0.5,0,0.0833333333333333,0.916666666666667
"2015-09-13","山形市長選挙","山形市","山形県",0,1,0,3,39,39,1,0,1,0,1,0,0
"2015-09-13","岡谷市長選挙","岡谷市","長野県",0,1,0,1,63,63,1,0,0,0,0,0,1
"2015-09-13","広川町議会議員選挙","広川町","和歌山県",1,0,0,11,60,39,9,1,0.3,0.4,0.1,0,0.9
"2015-09-13","御杖村議会議員補欠選挙","御杖村","奈良県",1,0,1,1,59,59,1,0,1,0,0,0,1
"2015-09-13","新庄市長選挙","新庄市","山形県",0,1,0,2,63,63,1,0,0,0,0,0,1
"2015-09-13","松田町議会議員選挙","松田町","神奈川県",1,0,0,13,67,52,10,2,0.333333333333333,0.583333333333333,0.0833333333333333,0,0.916666666666667
"2015-09-13","浅川町議会議員選挙","浅川町","福島県",1,0,0,12,66.5,46,12,0,0.166666666666667,0.583333333333333,0,0.166666666666667,0.833333333333333
"2015-09-13","牛久市長選挙","牛久市","茨城県",0,1,0,2,63,63,1,0,1,0,0,0,1
"2015-09-13","玉城町議会議員選挙","玉城町","三重県",1,0,0,13,61,32,10,3,0.307692307692308,0.307692307692308,0,0.0769230769230769,0.923076923076923
"2015-09-13","田舎館村議会議員選挙","田舎館村","青森県",1,0,0,9,61.5,58,8,0,0.375,0.25,0,0,1
"2015-09-13","竜王町議会議員選挙","竜王町","滋賀県",1,0,0,13,65.5,43,12,0,0.333333333333333,0.5,0,0.0833333333333333,0.833333333333333
"2015-09-13","草津市議会議員選挙","草津市","滋賀県",1,0,0,26,54,31,21,3,0.333333333333333,0.166666666666667,0.125,0.0833333333333333,0.75
"2015-09-13","角田市議会議員選挙","角田市","宮城県",1,0,0,20,60,40,17,1,0.277777777777778,0.277777777777778,0.111111111111111,0.111111111111111,0.777777777777778
"2015-09-13","長野市議会議員選挙","長野市","長野県",1,0,0,41,59,25,33,6,0.128205128205128,0.307692307692308,0.128205128205128,0.230769230769231,0.641025641025641
"2015-09-13","関市長選挙","関市","岐阜県",0,1,0,1,43,43,1,0,0,0,0,0,1
"2015-09-13","雄武町長選挙","雄武町","北海道",0,1,0,1,65,65,1,0,0,1,0,0,1
"2015-09-20","かつらぎ町長選挙","かつらぎ町","和歌山県",0,1,0,1,63,63,1,0,0,0,0,0,1
"2015-09-20","伊東市議会議員選挙","伊東市","静岡県",1,0,0,25,55,38,17,3,0.25,0.25,0.35,0.1,0.45
"2015-09-20","北方町議会議員選挙","北方町","岐阜県",1,0,0,13,61.5,51,9,1,0.3,0.3,0.1,0.1,0.8
"2015-09-20","南部町議会議員選挙","南部町","青森県",1,0,0,20,56,36,15,1,0.375,0.25,0,0,1
"2015-09-20","天童市議会議員選挙","天童市","山形県",1,0,0,24,62,31,20,2,0.272727272727273,0.363636363636364,0.136363636363636,0.0909090909090909,0.727272727272727
"2015-09-20","小川村議会議員選挙","小川村","長野県",1,0,0,11,65.5,58,10,0,0.4,0.6,0,0.1,0.9
"2015-09-20","御宿町議会議員選挙","御宿町","千葉県",1,0,0,15,66.5,41,12,0,0.25,0.583333333333333,0,0.0833333333333333,0.916666666666667
"2015-09-20","泉崎村議会議員選挙","泉崎村","福島県",1,0,0,12,66,57,9,1,0.1,0.8,0,0.1,0.9
"2015-09-20","稲沢市議会議員選挙","稲沢市","愛知県",1,0,0,36,63.5,28,23,3,0.153846153846154,0.384615384615385,0.0769230769230769,0.0769230769230769,0.807692307692308
"2015-09-27","住田町議会議員選挙","住田町","岩手県",1,0,0,12,63.5,54,12,0,0.0833333333333333,0.416666666666667,0,0.0833333333333333,0.916666666666667
"2015-09-27","北見市議会議員補欠選挙","北見市","北海道",1,0,1,4,57,57,0,1,0,0,0,0,1
"2015-09-27","北見市長選挙","北見市","北海道",0,1,0,2,62,62,1,0,1,0,0,0,1
"2015-09-27","南牧村議会議員選挙","南牧村","群馬県",1,0,0,10,69,61,10,0,0.1,0.7,0,0.1,0.9
"2015-09-27","大刀洗町議会議員選挙","大刀洗町","福岡県",1,0,0,13,65.5,40,11,1,0.333333333333333,0.583333333333333,0,0.0833333333333333,0.916666666666667
"2015-09-27","東大阪市議会議員選挙","東大阪市","大阪府",1,0,0,54,56,29,32,6,0.236842105263158,0.105263157894737,0.421052631578947,0.157894736842105,0.157894736842105
"2015-09-27","東大阪市長選挙","東大阪市","大阪府",0,1,0,2,58,58,1,0,0,0,0,0,1
"2015-09-27","猪名川町議会議員選挙","猪名川町","兵庫県",1,0,0,19,62,41,11,5,0.125,0.25,0.125,0.125,0.6875
"2015-09-27","稲美町議会議員選挙","稲美町","兵庫県",1,0,0,18,62,43,13,2,0.266666666666667,0.4,0.0666666666666667,0.0666666666666667,0.866666666666667
"2015-09-27","苅田町議会議員選挙","苅田町","福岡県",1,0,0,21,64,46,14,2,0.125,0.4375,0.125,0.0625,0.8125
"2015-10-04","あきる野市議会議員補欠選挙","あきる野市","東京都",1,0,1,3,49.5,44,1,1,1,0,0,0,1
"2015-10-04","あきる野市長選挙","あきる野市","東京都",0,1,0,4,66,66,1,0,1,1,0,0,1
"2015-10-04","むつ市議会議員選挙","むつ市","青森県",1,0,0,30,63.5,40,23,3,0.0769230769230769,0.384615384615385,0.269230769230769,0.115384615384615,0.615384615384615
"2015-10-04","大和町長選挙","大和町","宮城県",0,1,0,2,61,61,1,0,0,0,0,0,1
"2015-10-04","守山市議会議員選挙","守山市","滋賀県",1,0,0,27,59.5,39,18,4,0.409090909090909,0.272727272727273,0.136363636363636,0.0454545454545455,0.818181818181818
"2015-10-04","小牧市議会議員選挙","小牧市","愛知県",1,0,0,32,58,30,20,5,0.2,0.12,0.36,0.12,0.4
"2015-10-04","岩内町長選挙","岩内町","北海道",0,1,0,1,65,65,1,0,0,1,0,0,1
"2015-10-04","嵐山町議会議員選挙","嵐山町","埼玉県",1,0,0,14,64,40,11,3,0.0714285714285714,0.357142857142857,0.0714285714285714,0.214285714285714,0.714285714285714
"2015-10-04","愛川町議会議員選挙","愛川町","神奈川県",1,0,0,20,61,33,12,4,0.1875,0.3125,0.1875,0.1875,0.625
"2015-10-04","明日香村議会議員補欠選挙","明日香村","奈良県",1,0,1,1,43,43,1,0,1,0,0,0,1
"2015-10-04","明日香村長選挙","明日香村","奈良県",0,1,0,1,59,59,1,0,0,0,0,0,1
"2015-10-04","松阪市議会議員補欠選挙","松阪市","三重県",1,0,1,8,56,56,1,2,1,0,0.333333333333333,0,0.666666666666667
"2015-10-04","松阪市長選挙","松阪市","三重県",0,1,0,3,53,53,1,0,1,0,0,0,1
"2015-10-04","板野町議会議員選挙","板野町","徳島県",1,0,0,16,68,61,13,0,0.0769230769230769,0.846153846153846,0,0.153846153846154,0.846153846153846
"2015-10-04","桑折町議会議員選挙","桑折町","福島県",1,0,0,12,64.5,54,10,2,0,0.5,0,0.166666666666667,0.833333333333333
"2015-10-04","浜中町長選挙","浜中町","北海道",0,1,0,1,65,65,1,0,0,1,0,0,1
"2015-10-04","福島町長選挙","福島町","北海道",0,1,0,1,59,59,1,0,1,0,0,0,1
"2015-10-04","総社市長選挙","総社市","岡山県",0,1,0,2,56,56,1,0,0,0,0,0,1
"2015-10-04","藤崎町議会議員選挙","藤崎町","青森県",1,0,0,16,64.5,43,13,1,0.142857142857143,0.5,0,0.0714285714285714,0.928571428571429
"2015-10-04","藤崎町長選挙","藤崎町","青森県",0,1,0,1,58,58,1,0,0,0,0,0,1
"2015-10-04","豊川市長選挙","豊川市","愛知県",0,1,0,2,71,71,1,0,0,1,0,0,1
"2015-10-04","野辺地町長選挙","野辺地町","青森県",0,1,0,1,66,66,1,0,0,1,0,0,1
"2015-10-04","韮崎市議会議員選挙","韮崎市","山梨県",1,0,0,19,60,38,16,2,0.277777777777778,0.444444444444444,0.111111111111111,0.111111111111111,0.777777777777778
"2015-10-06","寿都町議会議員選挙","寿都町","北海道",1,0,0,10,60,41,8,1,0.111111111111111,0.333333333333333,0,0.111111111111111,0.888888888888889
"2015-10-11","五木村議会議員補欠選挙","五木村","熊本県",1,0,1,1,59,59,1,0,1,0,0,0,1
"2015-10-11","五木村長選挙","五木村","熊本県",0,1,0,1,68,68,1,0,0,1,0,0,1
"2015-10-11","南国市議会議員選挙","南国市","高知県",1,0,0,23,64,39,17,4,0.142857142857143,0.476190476190476,0.0952380952380952,0.238095238095238,0.619047619047619
"2015-10-11","新島村長選挙","新島村","東京都",0,1,0,2,62,62,1,0,1,0,0,0,1
"2015-10-18","土佐市長選挙","土佐市","高知県",0,1,0,1,60,60,1,0,0,0,0,0,1
"2015-10-18","大洗町議会議員選挙","大洗町","茨城県",1,0,0,16,59,35,12,1,0.230769230769231,0.153846153846154,0.153846153846154,0.0769230769230769,0.769230769230769
"2015-10-18","安八町議会議員選挙","安八町","岐阜県",1,0,0,10,68,57,8,2,0.1,0.8,0,0.1,0.9
"2015-10-18","平内町長選挙","平内町","青森県",0,1,0,1,66,66,1,0,0,1,0,0,1
"2015-10-18","廿日市市議会議員補欠選挙","廿日市市","広島県",1,0,1,3,46,46,0,1,1,0,0,0,1
"2015-10-18","廿日市市長選挙","廿日市市","広島県",0,1,0,4,72,72,1,0,0,1,1,1,0
"2015-10-18","御蔵島村長選挙","御蔵島村","東京都",0,1,0,1,67,67,1,0,0,1,0,0,1
"2015-10-18","所沢市長選挙","所沢市","埼玉県",0,1,0,4,53,53,1,0,0,0,1,0,0
"2015-10-18","精華町議会議員補欠選挙","精華町","京都府",1,0,1,3,63,63,0,1,1,0,0,0,1
"2015-10-18","精華町長選挙","精華町","京都府",0,1,0,2,76,76,1,0,0,1,0,0,1
"2015-10-18","蒲郡市長選挙","蒲郡市","愛知県",0,1,0,1,63,63,1,0,0,0,0,0,1
"2015-10-18","釧路町議会議員選挙","釧路町","北海道",1,0,0,18,60.5,32,14,2,0.1875,0.1875,0.125,0.1875,0.625
"2015-10-20","黒松内町議会議員選挙","黒松内町","北海道",1,0,0,10,62,52,9,0,0.222222222222222,0.444444444444444,0,0.222222222222222,0.777777777777778
"2015-10-25","ひたちなか市議会議員選挙","ひたちなか市","茨城県",1,0,0,31,54,33,22,3,0.28,0.2,0.28,0.12,0.48
"2015-10-25","五泉市議会議員選挙","五泉市","新潟県",1,0,0,24,58.5,32,19,1,0.2,0.25,0.1,0.1,0.8
"2015-10-25","亘理町議会議員選挙","亘理町","宮城県",1,0,0,19,64,32,13,5,0.222222222222222,0.388888888888889,0.111111111111111,0.111111111111111,0.777777777777778
"2015-10-25","奄美市議会議員選挙","奄美市","鹿児島県",1,0,0,26,60,36,21,3,0.125,0.333333333333333,0.541666666666667,0.125,0.333333333333333
"2015-10-25","女川町議会議員選挙","女川町","宮城県",1,0,0,12,65.5,42,10,2,0.166666666666667,0.583333333333333,0,0.166666666666667,0.833333333333333
"2015-10-25","女川町長選挙","女川町","宮城県",0,1,0,1,43,43,1,0,0,0,0,0,1
"2015-10-25","屋久島町長選挙","屋久島町","鹿児島県",0,1,0,1,65,65,1,0,0,1,0,0,1
"2015-10-25","山元町議会議員選挙","山元町","宮城県",1,0,0,15,63.5,49,11,3,0.571428571428571,0.428571428571429,0.0714285714285714,0.0714285714285714,0.857142857142857
"2015-10-25","幸手市長選挙","幸手市","埼玉県",0,1,0,2,58,58,1,0,0,0,0,0,1
"2015-10-25","村山市議会議員選挙","村山市","山形県",1,0,0,19,61,33,14,2,0.3125,0.3125,0.125,0.125,0.75
"2015-10-25","橿原市議会議員補欠選挙","橿原市","奈良県",1,0,1,3,42,42,1,0,1,0,0,0,1
"2015-10-25","橿原市長選挙","橿原市","奈良県",0,1,0,2,57,57,1,0,0,0,0,0,1
"2015-10-25","津南町議会議員選挙","津南町","新潟県",1,0,0,15,64.5,29,10,4,0.0714285714285714,0.5,0,0.142857142857143,0.857142857142857
"2015-10-25","湯川村議会議員補欠選挙","湯川村","福島県",1,0,1,3,53,53,1,0,1,0,0,0,1
"2015-10-25","湯川村長選挙","湯川村","福島県",0,1,0,2,65,65,1,0,1,1,0,0,1
"2015-10-25","白老町議会議員選挙","白老町","北海道",1,0,0,15,57,33,11,3,0.0714285714285714,0.357142857142857,0.142857142857143,0.142857142857143,0.642857142857143
"2015-10-25","白老町長選挙","白老町","北海道",0,1,0,1,46,46,1,0,0,0,0,0,1
"2015-10-25","粕屋町議会議員補欠選挙","粕屋町","福岡県",1,0,1,3,54.5,51,2,0,1,0,0,0,1
"2015-10-25","粕屋町長選挙","粕屋町","福岡県",0,1,0,2,59,59,1,0,1,0,0,0,1
"2015-10-25","袖ケ浦市議会議員補欠選挙","袖ケ浦市","千葉県",1,0,1,4,63,60,2,0,1,0.5,0,0,1
"2015-10-25","袖ケ浦市長選挙","袖ケ浦市","千葉県",0,1,0,2,69,69,1,0,0,1,0,0,1
"2015-10-25","豊郷町議会議員選挙","豊郷町","滋賀県",1,0,0,12,62.5,44,11,1,0.166666666666667,0.416666666666667,0,0.166666666666667,0.833333333333333
"2015-10-25","高萩市議会議員選挙","高萩市","茨城県",1,0,0,18,59,47,15,1,0.1875,0.25,0.125,0.0625,0.75
"2015-11-01","亀岡市長選挙","亀岡市","京都府",0,1,0,2,52,52,1,0,1,0,0,0,1
"2015-11-01","佐那河内村長選挙","佐那河内村","徳島県",0,1,0,2,58,58,1,0,1,0,0,0,1
"2015-11-01","大石田町議会議員選挙","大石田町","山形県",1,0,0,10,65,45,10,0,0.1,0.5,0,0.1,0.9
"2015-11-01","大石田町長選挙","大石田町","山形県",0,1,0,1,69,69,1,0,0,1,0,0,1
"2015-11-01","時津町長選挙","時津町","長崎県",0,1,0,1,68,68,1,0,0,1,0,0,1
"2015-11-01","海田町議会議員補欠選挙","海田町","広島県",1,0,1,2,42,42,0,1,1,0,0,0,1
"2015-11-01","海田町長選挙","海田町","広島県",0,1,0,2,63,63,1,0,1,0,0,0,1
"2015-11-01","釜石市長選挙","釜石市","岩手県",0,1,0,1,62,62,1,0,0,0,0,0,1
"2015-11-08","共和町議会議員選挙","共和町","北海道",1,0,0,13,66,53,12,1,0.153846153846154,0.692307692307692,0,0,1
"2015-11-08","土浦市長選挙","土浦市","茨城県",0,1,0,2,70,70,1,0,0,1,1,0,0
"2015-11-08","大村市長選挙","大村市","長崎県",0,1,0,2,38,38,1,0,1,0,0,0,1
"2015-11-08","大網白里市議会議員選挙","大網白里市","千葉県",1,0,0,25,61,48,15,3,0.166666666666667,0.388888888888889,0.222222222222222,0.111111111111111,0.666666666666667
"2015-11-08","長岡市長選挙","長岡市","新潟県",0,1,0,2,66,66,1,0,0,1,0,0,1
"2015-11-15","中津市長選挙","中津市","大分県",0,1,0,2,61,61,1,0,1,0,0,0,1
"2015-11-15","丸森町議会議員選挙","丸森町","宮城県",1,0,0,16,64,50,13,1,0.214285714285714,0.428571428571429,0,0,1
"2015-11-15","久米島町議会議員選挙","久米島町","沖縄県",1,0,0,20,60.5,35,14,0,0.285714285714286,0.214285714285714,0,0,1
"2015-11-15","八千代町議会議員選挙","八千代町","茨城県",1,0,0,14,67.5,33,13,1,0.0714285714285714,0.642857142857143,0.142857142857143,0.0714285714285714,0.785714285714286
"2015-11-15","南牧村議会議員補欠選挙","南牧村","長野県",1,0,1,2,56,56,1,0,0,0,0,0,1
"2015-11-15","南牧村長選挙","南牧村","長野県",0,1,0,2,67,67,1,0,1,1,0,0,1
"2015-11-15","大川村長選挙","大川村","高知県",0,1,0,1,56,56,1,0,0,0,0,0,1
"2015-11-15","大熊町議会議員選挙","大熊町","福島県",1,0,0,13,60,46,11,1,0.166666666666667,0.25,0.0833333333333333,0,0.916666666666667
"2015-11-15","大熊町長選挙","大熊町","福島県",0,1,0,1,68,68,1,0,0,1,0,0,1
"2015-11-15","大牟田市長選挙","大牟田市","福岡県",0,1,0,1,61,61,1,0,1,0,0,0,1
"2015-11-15","大田原市議会議員選挙","大田原市","栃木県",1,0,0,26,63,31,21,5,0.153846153846154,0.384615384615385,0.0769230769230769,0.0384615384615385,0.884615384615385
"2015-11-15","奥多摩町議会議員選挙","奥多摩町","東京都",1,0,0,13,62.5,49,11,1,0.333333333333333,0.416666666666667,0.0833333333333333,0.0833333333333333,0.833333333333333
"2015-11-15","小美玉市議会議員選挙","小美玉市","茨城県",1,0,0,23,61.5,29,18,2,0.25,0.45,0.05,0.05,0.9
"2015-11-15","川俣町議会議員選挙","川俣町","福島県",1,0,0,18,65,56,11,1,0.0833333333333333,0.583333333333333,0.0833333333333333,0.166666666666667,0.75
"2015-11-15","川内村議会議員選挙","川内村","福島県",1,0,0,11,66,53,9,1,0.4,0.7,0,0,1
"2015-11-15","常滑市長選挙","常滑市","愛知県",0,1,0,2,61,61,1,0,0,0,0,0,1
"2015-11-15","広野町議会議員選挙","広野町","福島県",1,0,0,11,63.5,46,8,2,0.2,0.5,0,0,1
"2015-11-15","御杖村議会議員補欠選挙","御杖村","奈良県",1,0,1,2,68,68,1,0,1,1,0,0,1
"2015-11-15","御杖村長選挙","御杖村","奈良県",0,1,0,1,62,62,1,0,1,0,0,0,1
"2015-11-15","我孫子市議会議員選挙","我孫子市","千葉県",1,0,0,28,59.5,32,20,4,0.0833333333333333,0.291666666666667,0.333333333333333,0.125,0.5
"2015-11-15","新地町議会議員選挙","新地町","福島県",1,0,0,13,66.5,53,12,0,0.0833333333333333,0.75,0,0.0833333333333333,0.916666666666667
"2015-11-15","東庄町議会議員選挙","東庄町","千葉県",1,0,0,16,64,43,13,1,0.0714285714285714,0.357142857142857,0.0714285714285714,0,0.928571428571429
"2015-11-15","桜井市長選挙","桜井市","奈良県",0,1,0,1,62,62,1,0,0,0,0,0,1
"2015-11-15","桶川市議会議員選挙","桶川市","埼玉県",1,0,0,23,59,39,14,5,0.263157894736842,0.263157894736842,0.157894736842105,0.157894736842105,0.631578947368421
"2015-11-15","浪江町長選挙","浪江町","福島県",0,1,0,3,66,66,1,0,0,1,0,0,1
"2015-11-15","海老名市議会議員選挙","海老名市","神奈川県",1,0,0,25,55.5,31,16,6,0.181818181818182,0.227272727272727,0.181818181818182,0.0909090909090909,0.636363636363636
"2015-11-15","海老名市長選挙","海老名市","神奈川県",0,1,0,2,60,60,1,0,0,0,0,0,1
"2015-11-15","相馬市議会議員選挙","相馬市","福島県",1,0,0,21,64.5,45,18,2,0.05,0.5,0.05,0.05,0.85
"2015-11-15","葛尾村議会議員選挙","葛尾村","福島県",1,0,0,8,64.5,39,8,0,0.125,0.5,0,0,1
"2015-11-15","長門市議会議員補欠選挙","長門市","山口県",1,0,1,3,59.5,48,2,0,0.5,0.5,0,0,1
"2015-11-15","長門市長選挙","長門市","山口県",0,1,0,1,65,65,1,0,0,1,0,0,1
"2015-11-15","青梅市長選挙","青梅市","東京都",0,1,0,3,63,63,1,0,1,0,0,0,1
"2015-11-15","飯島町議会議員補欠選挙","飯島町","長野県",1,0,1,2,65,65,0,1,1,1,0,0,1
"2015-11-15","飯島町長選挙","飯島町","長野県",0,1,0,2,64,64,1,0,1,0,0,0,1
"2015-11-15","高知市長選挙","高知市","高知県",0,1,0,2,62,62,1,0,0,0,0,0,1
"2015-11-15","鮭川村議会議員選挙","鮭川村","山形県",1,0,0,10,66.5,58,9,1,0,0.7,0,0,1
"2015-11-22","いなべ市長選挙","いなべ市","三重県",0,1,0,3,56,56,1,0,0,0,0,0,1
"2015-11-22","北大東村長選挙","北大東村","沖縄県",0,1,0,1,61,61,1,0,0,0,0,0,1
"2015-11-22","南相木村長選挙","南相木村","長野県",0,1,0,2,57,57,1,0,1,0,0,0,1
"2015-11-22","大阪市議会議員補欠選挙（西成区選挙区）","大阪市","大阪府",1,0,1,4,46,46,1,0,1,0,0,0,0
"2015-11-22","大阪市長選挙","大阪市","大阪府",0,1,0,4,40,40,1,0,1,0,0,0,0
"2015-11-22","富士河口湖町議会議員補欠選挙","富士河口湖町","山梨県",1,0,1,2,53,48,2,0,1,0,0,0,1
"2015-11-22","富士河口湖町長選挙","富士河口湖町","山梨県",0,1,0,2,66,66,1,0,1,1,0,0,1
"2015-11-22","田尻町長選挙","田尻町","大阪府",0,1,0,3,68,68,1,0,1,1,0,0,1
"2015-11-22","白子町議会議員選挙","白子町","千葉県",1,0,0,16,64,30,13,1,0.142857142857143,0.285714285714286,0.0714285714285714,0.0714285714285714,0.857142857142857
"2015-11-22","米沢市長選挙","米沢市","山形県",0,1,0,2,65,65,1,0,1,1,0,0,1
"2015-11-22","阿南市議会議員補欠選挙","阿南市","徳島県",1,0,1,5,60,40,NA,NA,0.666666666666667,0.333333333333333,0,0.333333333333333,0.666666666666667
"2015-11-22","阿南市長選挙","阿南市","徳島県",0,1,0,2,61,61,1,0,0,0,0,0,1
"2015-11-29","岩泉町議会議員補欠選挙","岩泉町","岩手県",1,0,1,2,61,61,0,1,1,0,0,0,1
"2015-11-29","岩泉町長選挙","岩泉町","岩手県",0,1,0,1,72,72,1,0,0,1,0,0,1
"2015-11-29","松前町長選挙","松前町","愛媛県",0,1,0,2,62,62,1,0,1,0,0,0,1
"2015-11-29","茨城町議会議員選挙","茨城町","茨城県",1,0,0,18,63,45,15,1,0.3125,0.375,0.0625,0.0625,0.875
"2015-11-29","邑楽町長選挙","邑楽町","群馬県",0,1,0,2,72,72,1,0,0,1,0,0,1
"2015-11-29","金山町議会議員選挙","金山町","福島県",1,0,0,11,66.5,49,9,1,0.3,0.6,0,0.1,0.9
"2015-12-06","上尾市議会議員選挙","上尾市","埼玉県",1,0,0,33,59,31,23,7,0.2,0.2,0.166666666666667,0.166666666666667,0.566666666666667
"2015-12-06","下妻市議会議員選挙","下妻市","茨城県",1,0,0,20,61,41,19,1,0.1,0.2,0.1,0.05,0.85
"2015-12-06","北山村議会議員選挙","北山村","和歌山県",1,0,0,7,66.5,50,6,0,0.166666666666667,0.666666666666667,0,0,1
"2015-12-06","南国市長選挙","南国市","高知県",0,1,0,1,69,69,1,0,0,1,0,0,1
"2015-12-06","名古屋市議会議員補欠選挙（中区）","名古屋市","愛知県",1,0,1,4,43,43,1,0,1,0,0,0,0
"2015-12-06","宿毛市長選挙","宿毛市","高知県",0,1,0,2,47,47,1,0,1,0,0,0,1
"2015-12-06","広川町議会議員選挙","広川町","福岡県",1,0,0,16,63,40,12,1,0.230769230769231,0.384615384615385,0,0.0769230769230769,0.923076923076923
"2015-12-06","朝霞市議会議員選挙","朝霞市","埼玉県",1,0,0,28,53,35,18,6,0.208333333333333,0.291666666666667,0.208333333333333,0.125,0.5
"2015-12-06","棚倉町議会議員選挙","棚倉町","福島県",1,0,0,16,64.5,51,13,1,0.0714285714285714,0.5,0,0.0714285714285714,0.928571428571429
"2015-12-06","池田市長選挙","池田市","大阪府",0,1,0,3,67,67,1,0,0,1,0,0,1
"2015-12-06","津久見市長選挙","津久見市","大分県",0,1,0,2,57,57,1,0,1,0,0,0,1
"2015-12-06","福崎町議会議員補欠選挙","福崎町","兵庫県",1,0,1,3,57,57,1,0,1,0,0,0,1
"2015-12-06","福崎町長選挙","福崎町","兵庫県",0,1,0,3,64,64,1,0,1,0,0,0,1
"2015-12-13","南九州市議会議員選挙","南九州市","鹿児島県",1,0,0,22,62.5,26,17,3,0.35,0.3,0,0.1,0.9
"2015-12-13","南九州市長選挙","南九州市","鹿児島県",0,1,0,3,62,62,1,0,1,0,0,0,1
"2015-12-13","小金井市議会議員補欠選挙","小金井市","東京都",1,0,1,6,44,34,1,1,1,0,0.5,0,0.5
"2015-12-13","小金井市長選挙","小金井市","東京都",0,1,0,4,46,46,1,0,1,0,0,0,1
"2015-12-13","涌谷町議会議員選挙","涌谷町","宮城県",1,0,0,21,62,46,12,1,0.307692307692308,0.153846153846154,0,0.0769230769230769,0.923076923076923
"2015-12-13","福井市長選挙","福井市","福井県",0,1,0,2,63,63,1,0,0,0,0,0,1
"2015-12-20","上勝町議会議員選挙","上勝町","徳島県",1,0,0,8,65,46,7,1,0.25,0.625,0,0.125,0.875
"2015-12-20","岩沼市議会議員選挙","岩沼市","宮城県",1,0,0,20,57.5,38,15,3,0.222222222222222,0.222222222222222,0.166666666666667,0.0555555555555556,0.777777777777778
"2015-12-20","田子町議会議員補欠選挙","田子町","青森県",1,0,1,2,68,68,1,0,0,1,0,0,1
"2015-12-20","田子町長選挙","田子町","青森県",0,1,0,2,51,51,1,0,0,0,0,0,1
"2015-12-20","睦沢町議会議員選挙","睦沢町","千葉県",1,0,0,17,66,43,13,1,0.285714285714286,0.785714285714286,0.0714285714285714,0.0714285714285714,0.857142857142857
"2015-12-20","矢吹町長選挙","矢吹町","福島県",0,1,0,1,60,60,1,0,0,0,0,0,1
"2015-12-20","神山町議会議員選挙","神山町","徳島県",1,0,0,10,65.5,56,9,1,0.3,0.5,0,0,1
"2015-12-20","葉山町長選挙","葉山町","神奈川県",0,1,0,2,38,38,1,0,0,0,0,0,1
"2015-12-20","葛巻町議会議員選挙","葛巻町","岩手県",1,0,0,10,63.5,54,9,1,0.1,0.4,0,0.1,0.9
"2015-12-27","上三川町議会議員選挙","上三川町","栃木県",1,0,0,21,63.5,42,15,1,0.3125,0.375,0.0625,0.0625,0.875
"2015-12-27","新潟市議会議員補欠選挙（南区）","新潟市","新潟県",1,0,1,4,37,37,1,0,1,0,1,0,0
"2015-12-27","那須塩原市長選挙","那須塩原市","栃木県",0,1,0,2,67,67,1,0,1,1,0,0,1
"2016-01-17","中津川市長選挙","中津川市","岐阜県",0,1,0,3,64,64,1,0,0,0,0,0,1
"2016-01-17","井川町議会議員選挙","井川町","秋田県",1,0,0,12,63.5,45,12,0,0.166666666666667,0.416666666666667,0,0.0833333333333333,0.916666666666667
"2016-01-17","八百津町長選挙","八百津町","岐阜県",0,1,0,3,65,65,1,0,1,1,0,0,1
"2016-01-17","六戸町議会議員補欠選挙","六戸町","青森県",1,0,1,2,59,59,1,0,1,0,0,0,1
"2016-01-17","六戸町長選挙","六戸町","青森県",0,1,0,1,65,65,1,0,0,1,0,0,1
"2016-01-17","出雲崎町長選挙","出雲崎町","新潟県",0,1,0,1,82,82,1,0,0,1,0,0,1
"2016-01-17","大刀洗町長選挙","大刀洗町","福岡県",0,1,0,1,71,71,1,0,0,1,0,0,1
"2016-01-17","大津市長選挙","大津市","滋賀県",0,1,0,4,40,40,0,1,0,0,0,0,1
"2016-01-17","泊村長選挙","泊村","北海道",0,1,0,2,69,69,1,0,0,1,0,0,1
"2016-01-17","須坂市議会議員補欠選挙","須坂市","長野県",1,0,1,2,64,64,1,0,1,0,0,0,1
"2016-01-17","須坂市長選挙","須坂市","長野県",0,1,0,2,66,66,1,0,0,1,0,0,1
"2016-01-24","八王子市長選挙","八王子市","東京都",0,1,0,2,58,58,1,0,0,0,0,0,1
"2016-01-24","取手市議会議員選挙","取手市","茨城県",1,0,0,32,56,29,17,7,0.125,0.166666666666667,0.208333333333333,0.166666666666667,0.583333333333333
"2016-01-24","吉川市議会議員選挙","吉川市","埼玉県",1,0,0,29,56.5,29,13,7,0.3,0.3,0.35,0.2,0.4
"2016-01-24","名取市議会議員選挙","名取市","宮城県",1,0,0,23,57,34,18,3,0.238095238095238,0.19047619047619,0.0952380952380952,0.19047619047619,0.714285714285714
"2016-01-24","宜野湾市長選挙","宜野湾市","沖縄県",0,1,0,2,51,51,1,0,0,0,0,0,1
"2016-01-24","小野町議会議員選挙","小野町","福島県",1,0,0,13,63.5,47,12,0,0.0833333333333333,0.333333333333333,0,0,0.916666666666667
"2016-01-24","岩国市長選挙","岩国市","山口県",0,1,0,2,45,45,1,0,0,0,1,0,0
"2016-01-24","当麻町長選挙","当麻町","北海道",0,1,0,1,69,69,1,0,0,1,0,0,1
"2016-01-24","東海村議会議員選挙","東海村","茨城県",1,0,0,22,60,26,16,4,0.25,0.3,0.1,0.05,0.8
"2016-01-24","熊取町長選挙","熊取町","大阪府",0,1,0,5,63,63,1,0,1,0,0,0,0
"2016-01-24","玉村町議会議員補欠選挙","玉村町","群馬県",1,0,1,2,65,65,1,0,1,1,0,0,1
"2016-01-24","玉村町長選挙","玉村町","群馬県",0,1,0,2,73,73,1,0,1,1,0,0,1
"2016-01-24","甲良町議会議員選挙","甲良町","滋賀県",1,0,0,13,62.5,42,12,0,0.25,0.416666666666667,0,0.0833333333333333,0.916666666666667
"2016-01-24","色麻町議会議員選挙","色麻町","宮城県",1,0,0,19,62,34,15,1,0.25,0.3125,0,0,1
"2016-01-24","須崎市長選挙","須崎市","高知県",0,1,0,1,56,56,1,0,0,0,0,0,1
"2016-01-24","駒ヶ根市長選挙","駒ヶ根市","長野県",0,1,0,1,66,66,1,0,0,1,0,0,1
"2016-01-31","吉野町長選挙","吉野町","奈良県",0,1,0,1,59,59,1,0,0,0,0,0,1
"2016-01-31","守谷市議会議員選挙","守谷市","茨城県",1,0,0,25,57,28,14,6,0.2,0.2,0.15,0.1,0.75
"2016-01-31","府中市長選挙","府中市","東京都",0,1,0,2,54,54,1,0,0,0,1,1,0
"2016-01-31","御殿場市議会議員選挙","御殿場市","静岡県",1,0,0,21,60,42,18,3,0.142857142857143,0.380952380952381,0.142857142857143,0.0476190476190476,0.80952380952381
"2016-01-31","潮来市議会議員選挙","潮来市","茨城県",1,0,0,22,58,38,16,0,0.5,0.25,0.0625,0,0.9375
"2016-01-31","田原本町議会議員補欠選挙","田原本町","奈良県",1,0,1,1,44,44,1,0,1,0,0,0,1
"2016-01-31","田原本町長選挙","田原本町","奈良県",0,1,0,1,40,40,1,0,1,0,0,0,1
"2016-01-31","鳴沢村長選挙","鳴沢村","山梨県",0,1,0,2,68,68,1,0,0,1,0,0,1
"2016-02-07","つくばみらい市議会議員選挙","つくばみらい市","茨城県",1,0,0,20,64.5,39,14,4,0.222222222222222,0.5,0.111111111111111,0.111111111111111,0.777777777777778
"2016-02-07","三宅村議会議員選挙","三宅村","東京都",1,0,0,10,60.5,49,7,1,0.75,0.375,0.125,0.125,0.75
"2016-02-07","三宅村長選挙","三宅村","東京都",0,1,0,1,76,76,1,0,0,1,0,0,1
"2016-02-07","上尾市長選挙","上尾市","埼玉県",0,1,0,3,71,71,1,0,0,1,0,0,1
"2016-02-07","京都市長選挙","京都市","京都府",0,1,0,3,65,65,1,0,0,1,1,0,0
"2016-02-07","北竜町長選挙","北竜町","北海道",0,1,0,1,64,64,1,0,0,0,0,0,1
"2016-02-07","印南町長選挙","印南町","和歌山県",0,1,0,2,65,65,1,0,0,1,0,0,1
"2016-02-07","基山町長選挙","基山町","佐賀県",0,1,0,1,58,58,1,0,1,0,0,0,1
"2016-02-07","宮代町議会議員選挙","宮代町","埼玉県",1,0,0,16,63,39,10,4,0.142857142857143,0.428571428571429,0.142857142857143,0.142857142857143,0.571428571428571
"2016-02-07","東員町議会議員選挙","東員町","三重県",1,0,0,21,62.5,30,11,3,0.357142857142857,0.428571428571429,0.0714285714285714,0.0714285714285714,0.857142857142857
"2016-02-07","東神楽町長選挙","東神楽町","北海道",0,1,0,1,49,49,1,0,0,0,0,0,1
"2016-02-07","河内町議会議員選挙","河内町","茨城県",1,0,0,14,63.5,45,11,1,0.416666666666667,0.333333333333333,0.0833333333333333,0,0.916666666666667
"2016-02-07","神栖市議会議員選挙","神栖市","茨城県",1,0,0,23,59,29,21,2,0.217391304347826,0.304347826086957,0.130434782608696,0.0434782608695652,0.826086956521739
"2016-02-07","豊田市長選挙","豊田市","愛知県",0,1,0,2,61,61,1,0,0,0,0,0,1
"2016-02-07","高取町長選挙","高取町","奈良県",0,1,0,2,72,72,1,0,0,1,0,0,1
"2016-02-07","鶴田町議会議員選挙","鶴田町","青森県",1,0,0,16,65.5,44,11,1,0.166666666666667,0.666666666666667,0,0,1
"2016-02-14","八幡市議会議員補欠選挙","八幡市","京都府",1,0,1,4,48,41,2,0,0.5,0,0.5,0,0
"2016-02-14","八幡市長選挙","八幡市","京都府",0,1,0,3,64,64,1,0,0,0,0,0,1
"2016-02-14","前橋市長選挙","前橋市","群馬県",0,1,0,2,56,56,1,0,0,0,1,0,0
"2016-02-14","川上村長選挙","川上村","長野県",0,1,0,1,77,77,1,0,0,1,0,0,1
"2016-02-14","川本町長選挙","川本町","島根県",0,1,0,1,60,60,1,0,0,0,0,0,1
"2016-02-14","川越町長選挙","川越町","三重県",0,1,0,1,61,61,1,0,1,0,0,0,1
"2016-02-14","弥富市議会議員選挙","弥富市","愛知県",1,0,0,18,56.5,26,14,2,0.3125,0.25,0.125,0.125,0.6875
"2016-02-14","新座市議会議員選挙","新座市","埼玉県",1,0,0,33,53,35,19,7,0.153846153846154,0.153846153846154,0.269230769230769,0.230769230769231,0.461538461538462
"2016-02-14","本巣市長選挙","本巣市","岐阜県",0,1,0,1,68,68,1,0,0,1,0,0,1
"2016-02-14","森町議会議員補欠選挙","森町","静岡県",1,0,1,3,59.5,57,2,0,1,0,0,0,1
"2016-02-14","森町長選挙","森町","静岡県",0,1,0,3,56,56,1,0,1,0,0,0,1
"2016-02-14","江北町長選挙","江北町","佐賀県",0,1,0,2,47,47,1,0,1,0,0,0,1
"2016-02-14","皆野町議会議員選挙","皆野町","埼玉県",1,0,0,13,65.5,47,10,2,0.166666666666667,0.666666666666667,0,0.0833333333333333,0.833333333333333
"2016-02-14","舟形町長選挙","舟形町","山形県",0,1,0,3,55,55,1,0,1,0,0,0,1
"2016-02-14","芝山町議会議員選挙","芝山町","千葉県",1,0,0,14,61.5,47,11,1,0.166666666666667,0.333333333333333,0,0,1
"2016-02-14","藍住町議会議員選挙","藍住町","徳島県",1,0,0,19,66,39,15,1,0.25,0.6875,0.0625,0.0625,0.875
"2016-02-14","藤沢市長選挙","藤沢市","神奈川県",0,1,0,3,66,66,1,0,0,1,0,0,1
"2016-02-14","飛騨市議会議員選挙","飛騨市","岐阜県",1,0,0,18,62.5,35,12,2,0.5,0.285714285714286,0,0,1
"2016-02-14","飛騨市長選挙","飛騨市","岐阜県",0,1,0,1,48,48,1,0,1,0,0,0,1
"2016-02-21","五戸町議会議員選挙","五戸町","青森県",1,0,0,21,62.5,35,18,0,0.222222222222222,0.444444444444444,0,0,1
"2016-02-21","大江町長選挙","大江町","山形県",0,1,0,2,70,70,1,0,0,1,0,0,1
"2016-02-21","板柳町議会議員選挙","板柳町","青森県",1,0,0,13,65.5,32,11,1,0.166666666666667,0.5,0,0,1
"2016-02-21","猪苗代町議会議員選挙","猪苗代町","福島県",1,0,0,17,66,45,12,3,0.133333333333333,0.6,0.0666666666666667,0.0666666666666667,0.866666666666667
"2016-02-21","草津市長選挙","草津市","滋賀県",0,1,0,2,67,67,1,0,0,1,0,0,1
"2016-02-21","那珂市議会議員選挙","那珂市","茨城県",1,0,0,20,63,37,17,1,0.166666666666667,0.444444444444444,0.111111111111111,0.0555555555555556,0.833333333333333
"2016-02-21","金ケ崎町議会議員選挙","金ケ崎町","岩手県",1,0,0,17,66.5,58,14,2,0.25,0.625,0.0625,0.0625,0.875
"2016-02-28","四街道市議会議員選挙","四街道市","千葉県",1,0,0,26,61,35,15,7,0.318181818181818,0.318181818181818,0.136363636363636,0.0909090909090909,0.636363636363636
"2016-02-28","対馬市長選挙","対馬市","長崎県",0,1,0,3,61,61,1,0,1,0,0,0,1
"2016-02-28","尾張旭市長選挙","尾張旭市","愛知県",0,1,0,1,44,44,1,0,0,0,0,0,1
"2016-02-28","東串良町議会議員補欠選挙","東串良町","鹿児島県",1,0,1,2,62,62,1,0,1,0,0,0,1
"2016-02-28","東串良町長選挙","東串良町","鹿児島県",0,1,0,2,65,65,1,0,1,1,0,0,1
"2016-02-28","松川村長選挙","松川村","長野県",0,1,0,1,73,73,1,0,0,1,0,0,1
"2016-02-28","蔵王町議会議員選挙","蔵王町","宮城県",1,0,0,16,63,52,15,0,0.266666666666667,0.333333333333333,0.0666666666666667,0.0666666666666667,0.866666666666667
"2016-03-06","三戸町議会議員選挙","三戸町","青森県",1,0,0,16,60,49,14,0,0.428571428571429,0.285714285714286,0,0.0714285714285714,0.928571428571429
"2016-03-06","三沢市議会議員選挙","三沢市","青森県",1,0,0,23,62,34,16,2,0.222222222222222,0.388888888888889,0.777777777777778,0,0.222222222222222
"2016-03-06","球磨村議会議員再選挙","球磨村","熊本県",1,0,0,1,60,60,1,0,1,0,0,0,1
"2016-03-06","球磨村長選挙","球磨村","熊本県",0,1,0,1,62,62,1,0,0,0,0,0,1
"2016-03-06","相良村長選挙","相良村","熊本県",0,1,0,2,57,57,1,0,0,0,0,0,1
"2016-03-13","今別町議会議員選挙","今別町","青森県",1,0,0,8,60,45,7,0,0.428571428571429,0.285714285714286,0,0,1
"2016-03-13","千代田町議会議員選挙","千代田町","群馬県",1,0,0,13,52.5,40,12,0,0.416666666666667,0.333333333333333,0,0,1
"2016-03-13","千代田町長選挙","千代田町","群馬県",0,1,0,2,55,55,1,0,1,0,0,0,1
"2016-03-13","国頭村長選挙","国頭村","沖縄県",0,1,0,1,72,72,1,0,0,1,0,0,1
"2016-03-13","多賀町議会議員選挙","多賀町","滋賀県",1,0,0,17,66.5,45,12,0,0.333333333333333,0.583333333333333,0,0.0833333333333333,0.916666666666667
"2016-03-13","多賀町長選挙","多賀町","滋賀県",0,1,0,3,62,62,1,0,0,0,0,0,1
"2016-03-13","平内町議会議員選挙","平内町","青森県",1,0,0,17,62.5,43,13,1,0.357142857142857,0.357142857142857,0,0.0714285714285714,0.928571428571429
"2016-03-13","松本市長選挙","松本市","長野県",0,1,0,3,72,72,1,0,0,1,0,0,1
"2016-03-13","横芝光町長選挙","横芝光町","千葉県",0,1,0,1,58,58,1,0,0,0,0,0,1
"2016-03-13","湯河原町議会議員選挙","湯河原町","神奈川県",1,0,0,17,62,27,12,2,0.214285714285714,0.357142857142857,0.142857142857143,0.0714285714285714,0.785714285714286
"2016-03-20","かほく市議会議員補欠選挙","かほく市","石川県",1,0,1,1,40,40,1,0,1,0,0,0,1
"2016-03-20","かほく市長選挙","かほく市","石川県",0,1,0,1,66,66,1,0,0,1,0,0,1
"2016-03-20","北方町長選挙","北方町","岐阜県",0,1,0,1,60,60,1,0,1,0,0,0,1
"2016-03-20","大子町議会議員選挙","大子町","茨城県",1,0,0,16,62,48,15,0,0.133333333333333,0.266666666666667,0.133333333333333,0.0666666666666667,0.8
"2016-03-20","日向市長選挙","日向市","宮崎県",0,1,0,2,61,61,1,0,1,0,0,0,1
"2016-03-20","池田町長選挙","池田町","長野県",0,1,0,2,68,68,1,0,1,1,0,0,1
"2016-03-20","笠置町議会議員補欠選挙","笠置町","京都府",1,0,1,1,75,75,1,0,0,1,0,0,1
"2016-03-20","笠置町長選挙","笠置町","京都府",0,1,0,2,66,66,1,0,1,1,0,0,1
"2016-03-27","下郷町議会議員選挙","下郷町","福島県",1,0,0,16,63.5,42,11,1,0.333333333333333,0.416666666666667,0,0,1
"2016-03-27","五城目町議会議員選挙","五城目町","秋田県",1,0,0,15,64,35,12,2,0.142857142857143,0.5,0.0714285714285714,0.0714285714285714,0.857142857142857
"2016-03-27","会津坂下町議会議員選挙","会津坂下町","福島県",1,0,0,18,61.5,25,12,4,0.1875,0.25,0,0.0625,0.9375
"2016-03-27","北上市議会議員選挙","北上市","岩手県",1,0,0,27,62.5,40,21,5,0.230769230769231,0.423076923076923,0.0769230769230769,0.153846153846154,0.730769230769231
"2016-03-27","南山城村議会議員選挙","南山城村","京都府",1,0,0,11,64,43,9,1,0.4,0.5,0.1,0.2,0.7
"2016-03-27","南陽市議会議員選挙","南陽市","山形県",1,0,0,18,64,50,16,1,0.117647058823529,0.470588235294118,0.0588235294117647,0.0588235294117647,0.882352941176471
"2016-03-27","古殿町議会議員選挙","古殿町","福島県",1,0,0,14,63,55,12,0,0.166666666666667,0.25,0,0.0833333333333333,0.916666666666667
"2016-03-27","只見町議会議員選挙","只見町","福島県",1,0,0,13,64,42,12,0,0.25,0.5,0,0.0833333333333333,0.916666666666667
"2016-03-27","塙町議会議員選挙","塙町","福島県",1,0,0,15,62,54,14,0,0.357142857142857,0.285714285714286,0,0.0714285714285714,0.928571428571429
"2016-03-27","大和町議会議員選挙","大和町","宮城県",1,0,0,19,61.5,41,16,2,0.222222222222222,0.388888888888889,0.0555555555555556,0.0555555555555556,0.888888888888889
"2016-03-27","大府市長選挙","大府市","愛知県",0,1,0,2,62,62,1,0,1,0,0,0,1
"2016-03-27","天栄村議会議員選挙","天栄村","福島県",1,0,0,12,63.5,44,10,0,0.2,0.5,0,0,1
"2016-03-27","宮田村議会議員選挙","宮田村","長野県",1,0,0,13,59.5,37,11,1,0.416666666666667,0.25,0,0.0833333333333333,0.916666666666667
"2016-03-27","富岡町議会議員選挙","富岡町","福島県",1,0,0,15,59.5,45,13,1,0.142857142857143,0.285714285714286,0,0,1
"2016-03-27","川崎町議会議員選挙","川崎町","宮城県",1,0,0,17,63.5,44,13,1,0.285714285714286,0.428571428571429,0.142857142857143,0.0714285714285714,0.785714285714286
"2016-03-27","平田村議会議員選挙","平田村","福島県",1,0,0,15,63,55,11,1,0.333333333333333,0.25,0,0.0833333333333333,0.916666666666667
"2016-03-27","徳島市長選挙","徳島市","徳島県",0,1,0,4,60,60,1,0,1,0,0,0,1
"2016-03-27","柳津町議会議員選挙","柳津町","福島県",1,0,0,14,59,50,10,0,0.3,0.3,0,0,1
"2016-03-27","池田町議会議員選挙","池田町","岐阜県",1,0,0,12,62.5,50,10,0,0.6,0.3,0,0.1,0.9
"2016-03-27","玉川村議会議員選挙","玉川村","福島県",1,0,0,13,67,59,12,0,0.25,0.75,0,0,1
"2016-03-27","矢吹町議会議員選挙","矢吹町","福島県",1,0,0,18,59.5,52,14,0,0.142857142857143,0.357142857142857,0,0.142857142857143,0.857142857142857
"2016-03-27","矢祭町議会議員選挙","矢祭町","福島県",1,0,0,11,58,52,9,1,0.3,0,0,0,1
"2016-03-27","知内町議会議員選挙","知内町","北海道",1,0,0,10,67,57,8,2,0.3,0.6,0.1,0.1,0.8
"2016-03-27","笠松町議会議員選挙","笠松町","岐阜県",1,0,0,11,60,45,8,2,0.1,0.4,0,0.1,0.9
"2016-03-27","羽後町議会議員選挙","羽後町","秋田県",1,0,0,20,64.5,36,16,0,0.3125,0.5,0,0.0625,0.9375
"2016-03-27","藤里町議会議員選挙","藤里町","秋田県",1,0,0,12,64.5,56,10,0,0.1,0.5,0,0.1,0.9
"2016-03-27","豊前市議会議員選挙","豊前市","福岡県",1,0,0,15,54,46,12,1,0.230769230769231,0.153846153846154,0.0769230769230769,0,0.923076923076923
"2016-03-27","阿見町議会議員選挙","阿見町","茨城県",1,0,0,21,60.5,37,16,2,0.277777777777778,0.333333333333333,0.166666666666667,0.0555555555555556,0.777777777777778
"2016-03-27","飛島村長選挙","飛島村","愛知県",0,1,0,1,68,68,1,0,0,1,0,0,1
"2016-03-27","鰺ヶ沢町議会議員選挙","鰺ヶ沢町","青森県",1,0,0,12,65,40,11,1,0.0833333333333333,0.5,0,0,1
"2016-03-28","小坂町議会議員選挙","小坂町","秋田県",1,0,0,13,64.5,49,11,1,0.166666666666667,0.5,0.0833333333333333,0.0833333333333333,0.833333333333333
"2016-04-03","三次市議会議員選挙","三次市","広島県",1,0,0,27,60.5,40,21,3,0.25,0.25,0.0833333333333333,0.0416666666666667,0.875
"2016-04-03","平泉町議会議員選挙","平泉町","岩手県",1,0,0,12,62,35,10,2,0.5,0.333333333333333,0,0.166666666666667,0.833333333333333
"2016-04-03","広陵町議会議員選挙","広陵町","奈良県",1,0,0,16,62,46,10,4,0.142857142857143,0.357142857142857,0.142857142857143,0.142857142857143,0.714285714285714
"2016-04-03","松前町長選挙","松前町","北海道",0,1,0,2,60,60,1,0,0,0,0,0,1
"2016-04-03","郡上市議会議員選挙","郡上市","岐阜県",1,0,0,19,65,36,17,1,0.222222222222222,0.611111111111111,0,0.0555555555555556,0.944444444444444
"2016-04-03","郡上市長選挙","郡上市","岐阜県",0,1,0,1,72,72,1,0,0,1,0,0,1
"2016-04-10","上川町議会議員選挙","上川町","北海道",1,0,0,11,62,42,9,2,0.272727272727273,0.363636363636364,0,0.0909090909090909,0.909090909090909
"2016-04-10","上川町長選挙","上川町","北海道",0,1,0,1,67,67,1,0,0,1,0,0,1
"2016-04-10","下呂市議会議員選挙","下呂市","岐阜県",1,0,0,16,63.5,42,12,2,0.142857142857143,0.357142857142857,0.0714285714285714,0.214285714285714,0.714285714285714
"2016-04-10","下呂市長選挙","下呂市","岐阜県",0,1,0,2,57,57,1,0,1,0,0,0,1
"2016-04-10","九戸村長選挙","九戸村","岩手県",0,1,0,2,69,69,1,0,0,1,0,0,1
"2016-04-10","佐渡市議会議員選挙","佐渡市","新潟県",1,0,0,25,56.5,27,19,3,0.227272727272727,0.272727272727273,0.0454545454545455,0.0909090909090909,0.818181818181818
"2016-04-10","佐渡市長選挙","佐渡市","新潟県",0,1,0,2,59,59,1,0,1,0,0,0,1
"2016-04-10","壱岐市長選挙","壱岐市","長崎県",0,1,0,3,65,65,1,0,0,1,0,0,1
"2016-04-10","太子町議会議員補欠選挙","太子町","大阪府",1,0,1,2,47,47,1,0,1,0,0,0,1
"2016-04-10","太子町長選挙","太子町","大阪府",0,1,0,1,67,67,1,0,0,1,0,0,1
"2016-04-10","安芸高田市長選挙","安芸高田市","広島県",0,1,0,3,72,72,1,0,0,1,0,0,1
"2016-04-10","小諸市長選挙","小諸市","長野県",0,1,0,5,52,52,1,0,1,0,0,0,1
"2016-04-10","常陸大宮市長選挙","常陸大宮市","茨城県",0,1,0,1,67,67,1,0,0,1,0,0,1
"2016-04-10","御前崎市議会議員選挙","御前崎市","静岡県",1,0,0,16,64,55,15,0,0.266666666666667,0.466666666666667,0.0666666666666667,0.0666666666666667,0.866666666666667
"2016-04-10","御前崎市長選挙","御前崎市","静岡県",0,1,0,2,69,69,1,0,1,1,0,0,1
"2016-04-10","志木市議会議員選挙","志木市","埼玉県",1,0,0,18,59,33,12,2,0.357142857142857,0.357142857142857,0.214285714285714,0.142857142857143,0.5
"2016-04-10","東御市長選挙","東御市","長野県",0,1,0,2,65,65,1,0,0,1,0,0,1
"2016-04-10","松伏町議会議員選挙","松伏町","埼玉県",1,0,0,16,61,42,13,2,0.266666666666667,0.266666666666667,0.133333333333333,0.133333333333333,0.733333333333333
"2016-04-10","矢板市議会議員補欠選挙","矢板市","栃木県",1,0,1,4,66.5,66,2,0,0,1,0,0,1
"2016-04-10","矢板市長選挙","矢板市","栃木県",0,1,0,3,43,43,1,0,1,0,0,0,1
"2016-04-10","福山市議会議員選挙","福山市","広島県",1,0,0,44,60.5,34,36,4,0.25,0.3,0.175,0.1,0.7
"2016-04-10","茨木市議会議員補欠選挙","茨木市","大阪府",1,0,1,3,51,51,1,0,0,0,0,0,1
"2016-04-10","茨木市長選挙","茨木市","大阪府",0,1,0,3,40,40,1,0,1,0,0,0,1
"2016-04-10","行橋市議会議員選挙","行橋市","福岡県",1,0,0,24,57,32,18,3,0.142857142857143,0.333333333333333,0.0952380952380952,0.0952380952380952,0.80952380952381
"2016-04-10","高砂市長選挙","高砂市","兵庫県",0,1,0,3,65,65,1,0,0,1,0,0,1
"2016-04-17","三島町議会議員選挙","三島町","福島県",1,0,0,9,62.5,47,8,0,0.375,0.375,0,0,1
"2016-04-17","下松市議会議員補欠選挙","下松市","山口県",1,0,1,1,65,65,1,0,0,1,0,0,1
"2016-04-17","下松市長選挙","下松市","山口県",0,1,0,1,66,66,1,0,1,1,0,0,1
"2016-04-17","伊豆市長選挙","伊豆市","静岡県",0,1,0,2,57,57,1,0,0,0,0,0,1
"2016-04-17","南木曽町議会議員選挙","南木曽町","長野県",1,0,0,11,64,47,9,1,0.3,0.5,0,0.1,0.9
"2016-04-17","南木曽町長選挙","南木曽町","長野県",0,1,0,1,56,56,1,0,1,0,0,0,1
"2016-04-17","坂戸市議会議員選挙","坂戸市","埼玉県",1,0,0,23,56.5,42,16,4,0.25,0.2,0.2,0.25,0.5
"2016-04-17","坂戸市長選挙","坂戸市","埼玉県",0,1,0,3,65,65,1,0,0,1,0,0,1
"2016-04-17","大東市議会議員選挙","大東市","大阪府",1,0,0,26,47,26,15,2,0.294117647058824,0.117647058823529,0.352941176470588,0.117647058823529,0.352941176470588
"2016-04-17","大東市長選挙","大東市","大阪府",0,1,0,2,53,53,1,0,0,0,0,0,1
"2016-04-17","富津市議会議員選挙","富津市","千葉県",1,0,0,22,59.5,40,14,2,0.375,0.4375,0.0625,0.0625,0.875
"2016-04-17","川内村長選挙","川内村","福島県",0,1,0,1,61,61,1,0,0,0,0,0,1
"2016-04-17","川本町議会議員選挙","川本町","島根県",1,0,0,10,63,57,9,0,0.222222222222222,0.222222222222222,0,0.111111111111111,0.888888888888889
"2016-04-17","広尾町議会議員選挙","広尾町","北海道",1,0,0,13,66,49,11,2,0.153846153846154,0.692307692307692,0,0.153846153846154,0.846153846153846
"2016-04-17","広尾町長選挙","広尾町","北海道",0,1,0,1,64,64,1,0,0,0,0,0,1
"2016-04-17","木古内町長選挙","木古内町","北海道",0,1,0,1,62,62,1,0,0,0,0,0,1
"2016-04-17","村上市議会議員選挙","村上市","新潟県",1,0,0,30,62.5,45,23,3,0.192307692307692,0.384615384615385,0.0769230769230769,0.0769230769230769,0.846153846153846
"2016-04-17","栄町議会議員選挙","栄町","千葉県",1,0,0,16,63.5,39,10,4,0.214285714285714,0.428571428571429,0.0714285714285714,0.0714285714285714,0.857142857142857
"2016-04-17","楢葉町長選挙","楢葉町","福島県",0,1,0,2,55,55,1,0,0,0,0,0,1
"2016-04-17","瑞穂市議会議員選挙","瑞穂市","岐阜県",1,0,0,21,63.5,41,17,1,0.333333333333333,0.444444444444444,0.388888888888889,0.0555555555555556,0.5
"2016-04-17","目黒区長選挙","目黒区","東京都",0,1,0,2,61,61,1,0,0,0,0,0,1
"2016-04-17","笠岡市議会議員選挙","笠岡市","岡山県",1,0,0,26,63.5,39,19,3,0.136363636363636,0.454545454545455,0.0909090909090909,0.0909090909090909,0.818181818181818
"2016-04-17","笠岡市長選挙","笠岡市","岡山県",0,1,0,2,55,55,1,0,1,0,0,0,1
"2016-04-17","美祢市議会議員選挙","美祢市","山口県",1,0,0,22,63.5,49,14,2,0.1875,0.4375,0.0625,0.0625,0.875
"2016-04-17","美祢市長選挙","美祢市","山口県",0,1,0,2,42,42,1,0,1,0,0,0,1
"2016-04-17","金山町長選挙","金山町","山形県",0,1,0,1,62,62,1,0,0,0,0,0,1
"2016-04-17","阿賀野市長選挙","阿賀野市","新潟県",0,1,0,2,64,64,1,0,0,0,0,0,1
"2016-04-17","魚津市議会議員選挙","魚津市","富山県",1,0,0,20,62,38,14,3,0.176470588235294,0.411764705882353,0.470588235294118,0.117647058823529,0.352941176470588
"2016-04-17","魚津市長選挙","魚津市","富山県",0,1,0,2,58,58,1,0,1,0,0,0,1
"2016-04-17","鹿児島市議会議員選挙","鹿児島市","鹿児島県",1,0,0,56,59,36,45,5,0.08,0.3,0.58,0.16,0.2
"2016-04-24","あさぎり町議会議員選挙","あさぎり町","熊本県",1,0,0,20,61,42,13,3,0.125,0.1875,0,0,1
"2016-04-24","上越市議会議員選挙","上越市","新潟県",1,0,0,34,62,38,31,1,0.28125,0.4375,0.0625,0.125,0.8125
"2016-04-24","京丹後市議会議員選挙","京丹後市","京都府",1,0,0,26,63,31,19,3,0.363636363636364,0.409090909090909,0.0909090909090909,0.181818181818182,0.727272727272727
"2016-04-24","京丹後市長選挙","京丹後市","京都府",0,1,0,2,64,64,1,0,1,0,0,0,1
"2016-04-24","伊奈町長選挙","伊奈町","埼玉県",0,1,0,2,67,67,1,0,1,1,0,0,1
"2016-04-24","倉敷市長選挙","倉敷市","岡山県",0,1,0,3,49,49,0,1,0,0,0,0,1
"2016-04-24","十島村議会議員選挙","十島村","鹿児島県",1,0,0,11,57.5,46,8,0,0.375,0.25,0,0,1
"2016-04-24","十島村長選挙","十島村","鹿児島県",0,1,0,1,61,61,1,0,0,0,0,0,1
"2016-04-24","南富良野町長選挙","南富良野町","北海道",0,1,0,1,66,66,1,0,0,1,0,0,1
"2016-04-24","大船渡市議会議員選挙","大船渡市","岩手県",1,0,0,24,61,33,20,0,0.2,0.25,0.05,0.1,0.85
"2016-04-24","山県市議会議員選挙","山県市","岐阜県",1,0,0,15,61,31,12,2,0.357142857142857,0.428571428571429,0.0714285714285714,0.0714285714285714,0.857142857142857
"2016-04-24","川西町長選挙","川西町","山形県",0,1,0,2,59,59,1,0,0,0,0,0,1
"2016-04-24","扶桑町議会議員選挙","扶桑町","愛知県",1,0,0,20,65.5,34,14,2,0.375,0.5625,0.0625,0.125,0.75
"2016-04-24","扶桑町長選挙","扶桑町","愛知県",0,1,0,2,62,62,1,0,1,0,0,0,1
"2016-04-24","日高市長選挙","日高市","埼玉県",0,1,0,1,61,61,1,0,0,0,0,0,1
"2016-04-24","栄村議会議員補欠選挙","栄村","長野県",1,0,1,3,66,64,3,0,1,0.666666666666667,0,0,1
"2016-04-24","栄村長選挙","栄村","長野県",0,1,0,3,56,56,1,0,1,0,0,0,1
"2016-04-24","浦臼町長選挙","浦臼町","北海道",0,1,0,1,63,63,1,0,0,0,0,0,1
"2016-04-24","由良町長選挙","由良町","和歌山県",0,1,0,1,71,71,1,0,0,1,0,0,1
"2016-04-24","白浜町長選挙","白浜町","和歌山県",0,1,0,3,61,61,1,0,0,0,0,0,1
"2016-04-24","碧南市議会議員選挙","碧南市","愛知県",1,0,0,28,57,34,19,3,0.363636363636364,0.181818181818182,0.0909090909090909,0.136363636363636,0.772727272727273
"2016-04-24","碧南市長選挙","碧南市","愛知県",0,1,0,1,64,64,1,0,0,0,0,0,1
"2016-04-24","篠山市議会議員選挙","篠山市","兵庫県",1,0,0,20,57.5,41,14,4,0.277777777777778,0.111111111111111,0.111111111111111,0.0555555555555556,0.777777777777778
"2016-04-24","美里町議会議員補欠選挙","美里町","埼玉県",1,0,1,2,64,64,1,0,1,0,0,0,1
"2016-04-24","美里町長選挙","美里町","埼玉県",0,1,0,1,57,57,1,0,0,0,0,0,1
"2016-04-24","茂原市議会議員補欠選挙","茂原市","千葉県",1,0,1,7,60,42,3,0,1,0,0,0,1
"2016-04-24","茂原市長選挙","茂原市","千葉県",0,1,0,1,63,63,1,0,0,0,0,0,1
"2016-04-24","西予市議会議員選挙","西予市","愛媛県",1,0,0,25,60,32,21,0,0.476190476190476,0.333333333333333,0.0476190476190476,0,0.952380952380952
"2016-04-24","西予市長選挙","西予市","愛媛県",0,1,0,1,61,61,1,0,1,0,0,0,1
"2016-04-24","道志村議会議員選挙","道志村","山梨県",1,0,0,11,64.5,54,10,0,0.5,0.5,0,0,1
"2016-04-24","長与町長選挙","長与町","長崎県",0,1,0,1,65,65,1,0,0,1,0,0,1
"2016-04-24","馬路村長選挙","馬路村","高知県",0,1,0,1,61,61,1,0,0,0,0,0,1
"2016-04-24","高浜町長選挙","高浜町","福井県",0,1,0,2,55,55,1,0,0,0,0,0,1
"2016-04-24","鶴居村長選挙","鶴居村","北海道",0,1,0,1,56,56,1,0,0,0,0,0,1
"2016-05-15","一宮町長選挙","一宮町","千葉県",0,1,0,3,58,58,1,0,1,0,0,0,1
"2016-05-15","大和村議会議員選挙","大和村","鹿児島県",1,0,0,10,56.5,41,8,0,0.25,0.375,0,0,1
"2016-05-15","奥多摩町議会議員補欠選挙","奥多摩町","東京都",1,0,1,2,64,64,1,0,1,0,0,0,1
"2016-05-15","奥多摩町長選挙","奥多摩町","東京都",0,1,0,1,72,72,1,0,0,1,0,0,1
"2016-05-15","安田町長選挙","安田町","高知県",0,1,0,2,54,54,1,0,1,0,0,0,1
"2016-05-15","小田原市長選挙","小田原市","神奈川県",0,1,0,1,52,52,1,0,0,0,0,0,1
"2016-05-15","白糠町長選挙","白糠町","北海道",0,1,0,1,66,66,1,0,0,1,0,0,1
"2016-05-15","神崎町長選挙","神崎町","千葉県",0,1,0,1,72,72,1,0,0,1,0,0,1
"2016-05-15","福生市長選挙","福生市","東京都",0,1,0,2,62,62,1,0,0,0,0,0,1
"2016-05-22","周南市議会議員選挙","周南市","山口県",1,0,0,34,58.5,31,27,3,0.1,0.2,0.2,0.1,0.7
"2016-05-22","富加町長選挙","富加町","岐阜県",0,1,0,1,65,65,1,0,0,1,0,0,1
"2016-05-22","御坊市長選挙","御坊市","和歌山県",0,1,0,2,75,75,1,0,0,1,0,0,1
"2016-05-22","日高村長選挙","日高村","高知県",0,1,0,1,62,62,1,0,0,0,0,0,1
"2016-05-22","昭和村長選挙","昭和村","群馬県",0,1,0,2,65,65,1,0,0,1,0,0,1
"2016-05-22","相生市長選挙","相生市","兵庫県",0,1,0,1,67,67,1,0,0,1,0,0,1
"2016-05-22","置戸町長選挙","置戸町","北海道",0,1,0,1,68,68,1,0,0,1,0,0,1
"2016-05-22","藤枝市長選挙","藤枝市","静岡県",0,1,0,1,69,69,1,0,0,1,0,0,1
"2016-05-22","香芝市議会議員補欠選挙","香芝市","奈良県",1,0,1,1,51,51,1,0,1,0,0,0,1
"2016-05-22","香芝市長選挙","香芝市","奈良県",0,1,0,1,55,55,1,0,0,0,0,0,1
"2016-05-22","鹿沼市長選挙","鹿沼市","栃木県",0,1,0,3,69,69,1,0,0,1,0,0,1
"2016-05-29","府中町長選挙","府中町","広島県",0,1,0,2,62,62,1,0,1,0,0,0,1
"2016-05-29","御所市長選挙","御所市","奈良県",0,1,0,1,54,54,1,0,0,0,0,0,1
"2016-06-05","中城村議会議員補欠選挙","中城村","沖縄県",1,0,1,2,54.5,42,1,1,0.5,0.5,0,0,1
"2016-06-05","中城村長選挙","中城村","沖縄県",0,1,0,1,53,53,1,0,0,0,0,0,1
"2016-06-05","古座川町議会議員選挙","古座川町","和歌山県",1,0,0,12,64,56,9,1,0.4,0.3,0,0.1,0.9
"2016-06-05","古座川町長選挙","古座川町","和歌山県",0,1,0,3,67,67,1,0,1,1,0,0,1
"2016-06-05","小菅村長選挙","小菅村","山梨県",0,1,0,1,58,58,1,0,0,0,0,0,1
"2016-06-05","智頭町議会議員補欠選挙","智頭町","鳥取県",1,0,1,2,54,54,1,0,1,0,0,0,1
"2016-06-05","智頭町長選挙","智頭町","鳥取県",0,1,0,2,72,72,1,0,0,1,0,0,1
"2016-06-05","積丹町議会議員補欠選挙","積丹町","北海道",1,0,1,2,38,38,1,0,1,0,0,0,1
"2016-06-05","積丹町長選挙","積丹町","北海道",0,1,0,1,68,68,1,0,0,1,0,0,1
"2016-06-05","糸満市議会議員補欠選挙","糸満市","沖縄県",1,0,1,4,46,31,1,1,0.5,0,0,0,1
"2016-06-05","糸満市長選挙","糸満市","沖縄県",0,1,0,2,66,66,1,0,1,1,1,0,0
"2016-06-12","下田市長選挙","下田市","静岡県",0,1,0,2,68,68,1,0,1,1,0,0,1
"2016-06-12","平取町長選挙","平取町","北海道",0,1,0,1,65,65,1,0,0,1,0,0,1
"2016-06-12","港区長選挙","港区","東京都",0,1,0,3,63,63,1,0,0,0,0,0,1
"2016-06-12","福知山市長選挙","福知山市","京都府",0,1,0,2,62,62,1,0,1,0,0,0,1
"2016-06-12","野田市議会議員補欠選挙","野田市","千葉県",1,0,1,5,36.5,35,1,1,1,0,0,0,1
"2016-06-12","野田市長選挙","野田市","千葉県",0,1,0,4,59,59,1,0,1,0,0,0,1
"2016-06-19","別海町長選挙","別海町","北海道",0,1,0,1,65,65,1,0,1,1,0,0,1
"2016-06-19","千早赤阪村長選挙","千早赤阪村","大阪府",0,1,0,2,76,76,1,0,0,1,0,0,1
"2016-06-19","塙町長選挙","塙町","福島県",0,1,0,4,66,66,1,0,1,1,0,0,1
"2016-06-19","狛江市長選挙","狛江市","東京都",0,1,0,2,64,64,1,0,0,0,0,0,1
"2016-06-19","竜王町長選挙","竜王町","滋賀県",0,1,0,2,64,64,1,0,1,0,0,0,1
"2016-06-19","美馬市長選挙","美馬市","徳島県",0,1,0,1,54,54,1,0,1,0,0,0,1
"2016-06-19","長生村長選挙","長生村","千葉県",0,1,0,2,63,63,1,0,0,0,0,0,1
"2016-06-19","香南市長選挙","香南市","高知県",0,1,0,2,51,51,1,0,0,0,0,0,1
"2016-06-26","厚真町長選挙","厚真町","北海道",0,1,0,1,60,60,1,0,0,0,0,0,1
"2016-06-26","売木村議会議員選挙","売木村","長野県",1,0,0,7,64,52,7,0,0.285714285714286,0.428571428571429,0,0,1
"2016-06-26","売木村長選挙","売木村","長野県",0,1,0,2,63,63,1,0,0,0,0,0,1
"2016-07-03","うきは市長選挙","うきは市","福岡県",0,1,0,2,64,64,1,0,0,0,0,0,1
"2016-07-03","日野町長選挙","日野町","滋賀県",0,1,0,1,60,60,1,0,0,0,0,0,1
"2016-07-10","三宅町議会議員補欠選挙","三宅町","奈良県",1,0,1,4,53,53,2,0,1,0,0,0,1
"2016-07-10","三宅町長選挙","三宅町","奈良県",0,1,0,2,32,32,1,0,1,0,0,0,1
"2016-07-10","下條村議会議員補欠選挙","下條村","長野県",1,0,1,2,65,65,1,0,1,1,0,0,1
"2016-07-10","下條村長選挙","下條村","長野県",0,1,0,2,69,69,1,0,1,1,0,0,1
"2016-07-10","千曲市議会議員選挙","千曲市","長野県",1,0,0,26,64,32,18,4,0.272727272727273,0.5,0.0909090909090909,0.136363636363636,0.772727272727273
"2016-07-10","印西市長選挙","印西市","千葉県",0,1,0,2,69,69,1,0,0,1,0,0,1
"2016-07-10","名取市長選挙","名取市","宮城県",0,1,0,2,53,53,1,0,1,0,0,0,1
"2016-07-10","喜茂別町長選挙","喜茂別町","北海道",0,1,0,1,62,62,1,0,0,0,0,0,1
"2016-07-10","太子町議会議員補欠選挙","太子町","兵庫県",1,0,1,3,60,48,2,0,0.5,0.5,0,0,1
"2016-07-10","太子町長選挙","太子町","兵庫県",0,1,0,3,56,56,1,0,1,0,0,0,1
"2016-07-10","山田町長選挙","山田町","岩手県",0,1,0,1,61,61,1,0,0,0,0,0,1
"2016-07-10","岩手町議会議員選挙","岩手町","岩手県",1,0,0,17,64,54,13,1,0.214285714285714,0.357142857142857,0,0.142857142857143,0.857142857142857
"2016-07-10","川上村長選挙","川上村","奈良県",0,1,0,1,65,65,1,0,0,1,0,0,1
"2016-07-10","常総市長選挙","常総市","茨城県",0,1,0,4,47,47,1,0,1,0,0,0,1
"2016-07-10","弥彦村議会議員補欠選挙","弥彦村","新潟県",1,0,1,4,78.5,68,2,0,0.5,1,0,0,1
"2016-07-10","新座市長選挙","新座市","埼玉県",0,1,0,2,57,57,1,0,1,0,0,0,1
"2016-07-10","河内長野市議会議員補欠選挙","河内長野市","大阪府",1,0,1,1,53,53,1,0,1,0,0,0,1
"2016-07-10","河内長野市長選挙","河内長野市","大阪府",0,1,0,2,46,46,1,0,1,0,0,0,1
"2016-07-10","甘楽町長選挙","甘楽町","群馬県",0,1,0,1,68,68,1,0,0,1,0,0,1
"2016-07-10","睦沢町長選挙","睦沢町","千葉県",0,1,0,1,61,61,1,0,0,0,0,0,1
"2016-07-10","綾瀬市長選挙","綾瀬市","神奈川県",0,1,0,2,65,65,1,0,1,1,0,0,1
"2016-07-10","羽曳野市議会議員補欠選挙","羽曳野市","大阪府",1,0,1,4,36,36,1,0,1,0,0,0,0
"2016-07-10","羽曳野市長選挙","羽曳野市","大阪府",0,1,0,2,73,73,1,0,0,1,1,0,0
"2016-07-10","鳩山町長選挙","鳩山町","埼玉県",0,1,0,3,58,58,1,0,0,0,0,0,1
"2016-07-17","久米南町議会議員補欠選挙","久米南町","岡山県",1,0,1,2,58,58,1,0,0,0,0,0,1
"2016-07-17","久米南町長選挙","久米南町","岡山県",0,1,0,2,58,58,1,0,1,0,0,0,1
"2016-07-17","北山村長選挙","北山村","和歌山県",0,1,0,2,66,66,1,0,1,1,0,0,1
"2016-07-17","境港市議会議員補欠選挙","境港市","鳥取県",1,0,1,2,56,56,1,0,0,0,0,0,1
"2016-07-17","境港市長選挙","境港市","鳥取県",0,1,0,2,71,71,1,0,0,1,0,0,1
"2016-07-17","太地町長選挙","太地町","和歌山県",0,1,0,2,68,68,1,0,0,1,0,0,1
"2016-07-17","新郷村議会議員選挙","新郷村","青森県",1,0,0,8,65.5,44,7,1,0.375,0.5,0,0,1
"2016-07-17","粟国村長選挙","粟国村","沖縄県",0,1,0,2,63,63,1,0,0,0,0,0,1
"2016-07-24","小山市議会議員補欠選挙","小山市","栃木県",1,0,1,2,76,76,1,0,0,1,0,0,1
"2016-07-24","小山市長選挙","小山市","栃木県",0,1,0,2,67,67,1,0,0,1,1,0,0
"2016-07-24","小浜市長選挙","小浜市","福井県",0,1,0,1,54,54,1,0,0,0,0,0,1
"2016-07-24","江府町長選挙","江府町","鳥取県",0,1,0,1,56,56,1,0,1,0,0,0,1
"2016-07-24","益田市議会議員補欠選挙","益田市","島根県",1,0,1,2,60,60,1,0,1,0,0,0,1
"2016-07-24","益田市長選挙","益田市","島根県",0,1,0,2,47,47,1,0,0,0,0,0,1
"2016-07-24","門真市長選挙","門真市","大阪府",0,1,0,2,45,45,1,0,1,0,0,0,0
"2016-07-24","須賀川市長選挙","須賀川市","福島県",0,1,0,1,53,53,1,0,0,0,0,0,1
"2016-07-27","小国町長選挙","小国町","山形県",0,1,0,2,64,64,1,0,1,0,0,0,1
"2016-07-31","富士見市議会議員補欠選挙","富士見市","埼玉県",1,0,1,2,27,25,1,1,1,0,0,0,1
"2016-07-31","富士見市長選挙","富士見市","埼玉県",0,1,0,2,59,59,1,0,1,0,1,0,0
"2016-07-31","神津島村議会議員補欠選挙","神津島村","東京都",1,0,1,2,45.5,39,2,0,1,0,0,0,1
"2016-07-31","角田市長選挙","角田市","宮城県",0,1,0,2,65,65,1,0,0,1,0,0,1
"2016-08-07","今帰仁村議会議員補欠選挙","今帰仁村","沖縄県",1,0,1,2,41,41,1,0,1,0,0,0,1
"2016-08-07","今帰仁村長選挙","今帰仁村","沖縄県",0,1,0,2,65,65,1,0,1,1,0,0,1
"2016-08-07","塩谷町長選挙","塩谷町","栃木県",0,1,0,2,63,63,1,0,0,0,0,0,1
"2016-08-07","新上五島町長選挙","新上五島町","長崎県",0,1,0,1,69,69,1,0,0,1,0,0,1
"2016-08-07","登別市議会議員補欠選挙","登別市","北海道",1,0,1,1,29,29,0,1,1,0,0,0,1
"2016-08-07","登別市長選挙","登別市","北海道",0,1,0,1,49,49,1,0,0,0,0,0,1
"2016-08-07","野木町長選挙","野木町","栃木県",0,1,0,3,70,70,0,1,0,1,0,0,1
"2016-08-07","長沼町長選挙","長沼町","北海道",0,1,0,1,67,67,1,0,0,1,0,0,1
"2016-08-21","中標津町議会議員選挙","中標津町","北海道",1,0,0,20,65,29,15,3,0.388888888888889,0.5,0.111111111111111,0,0.888888888888889
"2016-08-21","中標津町長選挙","中標津町","北海道",0,1,0,1,60,60,1,0,1,0,0,0,1
"2016-08-21","久御山町長選挙","久御山町","京都府",0,1,0,1,51,51,1,0,0,0,0,0,1
"2016-08-21","箕面市議会議員選挙","箕面市","大阪府",1,0,0,29,60,31,18,5,0.260869565217391,0.217391304347826,0.260869565217391,0.130434782608696,0.347826086956522
"2016-08-21","箕面市長選挙","箕面市","大阪府",0,1,0,2,42,42,1,0,0,0,0,0,1
"2016-08-28","与論町議会議員選挙","与論町","鹿児島県",1,0,0,16,63,53,10,0,0.2,0.3,0,0.1,0.9
"2016-08-28","久万高原町議会議員補欠選挙（久万選挙区）","久万高原町","愛媛県",1,0,1,2,67,67,1,0,1,1,0,0,1
"2016-08-28","久万高原町長選挙","久万高原町","愛媛県",0,1,0,2,65,65,1,0,1,1,0,0,1
"2016-08-28","五島市長選挙","五島市","長崎県",0,1,0,1,60,60,1,0,0,0,0,0,1
"2016-08-28","佐呂間町議会議員補欠選挙","佐呂間町","北海道",1,0,1,1,45,45,1,0,1,0,0,0,1
"2016-08-28","佐呂間町長選挙","佐呂間町","北海道",0,1,0,1,67,67,1,0,0,1,0,0,1
"2016-08-28","八郎潟町長選挙","八郎潟町","秋田県",0,1,0,2,62,62,1,0,0,0,0,0,1
"2016-08-28","北塩原村長選挙","北塩原村","福島県",0,1,0,3,68,68,1,0,0,1,0,0,1
"2016-08-28","和泊町議会議員選挙","和泊町","鹿児島県",1,0,0,18,61,33,11,1,0.5,0.416666666666667,0.0833333333333333,0,0.916666666666667
"2016-08-28","大潟村議会議員選挙","大潟村","秋田県",1,0,0,14,59,45,9,3,0.25,0.25,0,0,1
"2016-08-28","大潟村長選挙","大潟村","秋田県",0,1,0,1,56,56,1,0,0,0,0,0,1
"2016-08-28","宇検村議会議員選挙","宇検村","鹿児島県",1,0,0,8,61.5,35,7,1,0.25,0.125,0,0,1
"2016-08-28","嵐山町長選挙","嵐山町","埼玉県",0,1,0,1,74,74,1,0,0,1,0,0,1
"2016-08-28","日出町議会議員補欠選挙","日出町","大分県",1,0,1,3,66,66,1,0,1,1,0,0,1
"2016-08-28","日出町長選挙","日出町","大分県",0,1,0,2,63,63,1,0,1,0,0,0,1
"2016-08-28","東秩父村長選挙","東秩父村","埼玉県",0,1,0,1,66,66,1,0,0,1,0,0,1
"2016-08-28","湯浅町長選挙","湯浅町","和歌山県",0,1,0,1,77,77,1,0,0,1,0,0,1
"2016-08-28","知名町議会議員選挙","知名町","鹿児島県",1,0,0,14,62,43,12,0,0.583333333333333,0.166666666666667,0,0,1
"2016-08-28","福山市長選挙","福山市","広島県",0,1,0,2,60,60,1,0,1,0,0,0,1
"2016-08-28","竹富町長選挙","竹富町","沖縄県",0,1,0,2,68,68,1,0,1,1,0,0,1
"2016-08-28","那珂川町長選挙","那珂川町","福岡県",0,1,0,1,63,63,1,0,0,0,0,0,1
"2016-08-28","龍郷町議会議員選挙","龍郷町","鹿児島県",1,0,0,11,58,38,10,0,0.3,0.2,0,0,1
"2016-09-04","岩見沢市長選挙","岩見沢市","北海道",0,1,0,2,60,60,1,0,0,0,0,0,1
"2016-09-04","有田市長選挙","有田市","和歌山県",0,1,0,1,44,44,1,0,0,0,0,0,1
"2016-09-04","棚倉町長選挙","棚倉町","福島県",0,1,0,2,55,55,1,0,0,0,0,0,1
"2016-09-11","いわき市議会議員選挙","いわき市","福島県",1,0,0,42,55,36,31,6,0.162162162162162,0.108108108108108,0.648648648648649,0.162162162162162,0.135135135135135
"2016-09-11","和泉市議会議員選挙","和泉市","大阪府",1,0,0,28,58.5,43,19,5,0.125,0.166666666666667,0.208333333333333,0.125,0.541666666666667
"2016-09-11","大井町議会議員選挙","大井町","神奈川県",1,0,0,18,65,44,13,1,0.0714285714285714,0.5,0.0714285714285714,0.0714285714285714,0.857142857142857
"2016-09-11","大洗町議会議員補欠選挙","大洗町","茨城県",1,0,1,1,53,53,0,1,1,0,0,0,1
"2016-09-11","大洗町長選挙","大洗町","茨城県",0,1,0,1,77,77,1,0,0,1,0,0,1
"2016-09-11","真鶴町長選挙","真鶴町","神奈川県",0,1,0,2,64,64,1,0,0,0,0,0,1
"2016-09-11","西原村議会議員選挙","西原村","熊本県",1,0,0,13,59.5,47,10,0,0.2,0.3,0,0,1
"2016-09-11","西原村長選挙","西原村","熊本県",0,1,0,1,68,68,1,0,0,1,0,0,1
"2016-09-11","西原町議会議員補欠選挙","西原町","沖縄県",1,0,1,3,68,68,1,0,1,1,0,0,1
"2016-09-11","西原町長選挙","西原町","沖縄県",0,1,0,2,70,70,1,0,0,1,0,0,1
"2016-09-18","摂津市長選挙","摂津市","大阪府",0,1,0,3,72,72,1,0,0,1,0,0,1
"2016-09-18","甲斐市議会議員補欠選挙","甲斐市","山梨県",1,0,1,2,38,38,1,0,1,0,0,0,1
"2016-09-18","甲斐市長選挙","甲斐市","山梨県",0,1,0,1,71,71,1,0,0,1,0,0,1
"2016-09-25","三田市議会議員選挙","三田市","兵庫県",1,0,0,32,57.5,38,17,5,0.272727272727273,0.136363636363636,0.181818181818182,0.136363636363636,0.5
"2016-09-25","伊勢原市長選挙","伊勢原市","神奈川県",0,1,0,1,66,66,1,0,0,1,0,0,1
"2016-09-25","吉備中央町議会議員選挙","吉備中央町","岡山県",1,0,0,18,66.5,39,12,0,0.25,0.583333333333333,0,0.0833333333333333,0.916666666666667
"2016-09-25","吉備中央町長選挙","吉備中央町","岡山県",0,1,0,1,58,58,1,0,0,0,0,0,1
"2016-09-25","喜界町議会議員選挙","喜界町","鹿児島県",1,0,0,14,62.5,32,12,0,0.25,0.416666666666667,0.0833333333333333,0.0833333333333333,0.833333333333333
"2016-09-25","喜界町長選挙","喜界町","鹿児島県",0,1,0,1,72,72,1,0,0,1,0,0,1
"2016-09-25","大月町議会議員選挙","大月町","高知県",1,0,0,12,66.5,50,10,0,0.3,0.6,0.1,0.1,0.8
"2016-09-25","府中町議会議員選挙","府中町","広島県",1,0,0,22,63.5,43,15,3,0.277777777777778,0.5,0.111111111111111,0.111111111111111,0.777777777777778
"2016-09-25","座間市議会議員選挙","座間市","神奈川県",1,0,0,26,52,32,16,6,0.227272727272727,0.0909090909090909,0.409090909090909,0.136363636363636,0.363636363636364
"2016-09-25","座間市長選挙","座間市","神奈川県",0,1,0,1,58,58,1,0,0,0,0,0,1
"2016-09-25","月形町議会議員補欠選挙","月形町","北海道",1,0,1,1,71,71,1,0,0,1,0,0,1
"2016-09-25","月形町長選挙","月形町","北海道",0,1,0,2,65,65,1,0,1,1,0,0,1
"2016-09-25","河南町議会議員選挙","河南町","大阪府",1,0,0,15,60.5,36,10,2,0.0833333333333333,0.333333333333333,0.166666666666667,0.0833333333333333,0.666666666666667
"2016-09-25","蔵王町長選挙","蔵王町","宮城県",0,1,0,1,64,64,1,0,0,0,0,0,1
"2016-09-25","豊能町議会議員補欠選挙","豊能町","大阪府",1,0,1,1,33,33,0,1,1,0,0,0,1
"2016-09-25","豊能町長選挙","豊能町","大阪府",0,1,0,4,77,77,1,0,0,1,0,0,1
"2016-09-25","高梁市議会議員選挙","高梁市","岡山県",1,0,0,20,59.5,46,17,1,0.222222222222222,0.222222222222222,0.0555555555555556,0.111111111111111,0.833333333333333
"2016-09-25","高梁市長選挙","高梁市","岡山県",0,1,0,2,57,57,1,0,0,0,0,0,1
"2016-10-02","みなべ町議会議員選挙","みなべ町","和歌山県",1,0,0,17,60,42,13,1,0.428571428571429,0.214285714285714,0,0.0714285714285714,0.928571428571429
"2016-10-02","みなべ町長選挙","みなべ町","和歌山県",0,1,0,1,67,67,1,0,0,1,0,0,1
"2016-10-02","伊方町長選挙","伊方町","愛媛県",0,1,0,2,58,58,1,0,1,0,0,0,1
"2016-10-02","大桑村長選挙","大桑村","長野県",0,1,0,2,67,67,1,0,0,1,0,0,1
"2016-10-02","富津市長選挙","富津市","千葉県",0,1,0,2,46,46,1,0,1,0,0,0,1
"2016-10-02","岩出市長選挙","岩出市","和歌山県",0,1,0,2,73,73,1,0,0,1,0,0,1
"2016-10-02","揖斐川町議会議員補欠選挙（谷汲選挙区）","揖斐川町","岐阜県",1,0,1,1,42,42,1,0,1,0,0,0,1
"2016-10-02","羽咋市長選挙","羽咋市","石川県",0,1,0,2,75,75,1,0,0,1,0,0,1
"2016-10-02","身延町長選挙","身延町","山梨県",0,1,0,1,57,57,1,0,1,0,0,0,1
"2016-10-02","鯖江市長選挙","鯖江市","福井県",0,1,0,1,74,74,1,0,0,1,0,0,1
"2016-10-09","美郷町議会議員補欠選挙","美郷町","島根県",1,0,1,2,68.5,68,2,0,1,1,0,0,1
"2016-10-09","美郷町長選挙","美郷町","島根県",0,1,0,2,77,77,1,0,0,1,0,0,1
"2016-10-16","いの町議会議員補欠選挙","いの町","高知県",1,0,1,3,66,65,2,0,0.5,1,0,0,1
"2016-10-16","いの町長選挙","いの町","高知県",0,1,0,2,58,58,0,1,1,0,0,0,1
"2016-10-16","久山町議会議員補欠選挙","久山町","福岡県",1,0,1,2,64,59,2,0,1,0.5,0,0,1
"2016-10-16","久山町長選挙","久山町","福岡県",0,1,0,2,67,67,1,0,0,1,0,0,1
"2016-10-16","九重町議会議員補欠選挙","九重町","大分県",1,0,1,1,62,62,1,0,1,0,0,0,1
"2016-10-16","九重町長選挙","九重町","大分県",0,1,0,2,57,57,1,0,1,0,0,0,1
"2016-10-16","利島村議会議員選挙","利島村","東京都",1,0,0,7,62.5,36,6,0,0.333333333333333,0.333333333333333,0,0.166666666666667,0.833333333333333
"2016-10-16","南部町議会議員選挙","南部町","鳥取県",1,0,0,15,62.5,47,13,1,0.285714285714286,0.357142857142857,0.0714285714285714,0.214285714285714,0.714285714285714
"2016-10-16","南部町長選挙","南部町","鳥取県",0,1,0,1,60,60,1,0,1,0,0,0,1
"2016-10-16","吉野川市長選挙","吉野川市","徳島県",0,1,0,1,69,69,1,0,0,1,0,0,1
"2016-10-16","大河原町長選挙","大河原町","宮城県",0,1,0,2,63,63,1,0,0,0,0,0,1
"2016-10-16","安来市議会議員補欠選挙","安来市","島根県",1,0,1,2,54.5,49,2,0,1,0,0,0.5,0.5
"2016-10-16","安来市長選挙","安来市","島根県",0,1,0,2,71,71,1,0,0,1,0,0,1
"2016-10-16","安芸太田町長選挙","安芸太田町","広島県",0,1,0,3,67,67,1,0,0,1,0,0,1
"2016-10-16","宗像市議会議員選挙","宗像市","福岡県",1,0,0,24,57,34,16,4,0.25,0.15,0.1,0.15,0.65
"2016-10-16","岡崎市議会議員選挙","岡崎市","愛知県",1,0,0,56,54,32,32,5,0.27027027027027,0.162162162162162,0.108108108108108,0.0810810810810811,0.756756756756757
"2016-10-16","岡崎市長選挙","岡崎市","愛知県",0,1,0,2,63,63,1,0,0,0,1,0,0
"2016-10-16","忠岡町長選挙","忠岡町","大阪府",0,1,0,1,76,76,1,0,0,1,0,0,1
"2016-10-16","愛南町長選挙","愛南町","愛媛県",0,1,0,1,66,66,1,0,0,1,0,0,1
"2016-10-16","昭島市議会議員補欠選挙","昭島市","東京都",1,0,1,2,67,67,1,0,1,1,0,0,1
"2016-10-16","昭島市長選挙","昭島市","東京都",0,1,0,2,61,61,1,0,1,0,1,0,0
"2016-10-16","森町長選挙","森町","北海道",0,1,0,1,60,60,1,0,0,0,0,0,1
"2016-10-16","湖南市議会議員補欠選挙","湖南市","滋賀県",1,0,1,3,43,42,2,1,1,0,0,0,1
"2016-10-16","湖南市長選挙","湖南市","滋賀県",0,1,0,1,50,50,1,0,0,0,0,0,1
"2016-10-16","甲賀市議会議員補欠選挙","甲賀市","滋賀県",1,0,1,2,66,66,1,0,1,1,0,0,1
"2016-10-16","甲賀市長選挙","甲賀市","滋賀県",0,1,0,2,43,43,1,0,1,0,0,0,1
"2016-10-16","白鷹町議会議員補欠選挙","白鷹町","山形県",1,0,1,2,65,65,1,0,1,1,0,0,1
"2016-10-16","白鷹町長選挙","白鷹町","山形県",0,1,0,2,65,65,1,0,0,1,0,0,1
"2016-10-16","能勢町長選挙","能勢町","大阪府",0,1,0,2,56,56,1,0,1,0,0,0,1
"2016-10-16","袖ケ浦市議会議員選挙","袖ケ浦市","千葉県",1,0,0,29,58,30,17,5,0.0454545454545455,0.227272727272727,0.0909090909090909,0.0909090909090909,0.818181818181818
"2016-10-16","遠別町長選挙","遠別町","北海道",0,1,0,1,70,70,1,0,0,1,0,0,1
"2016-10-16","邑南町長選挙","邑南町","島根県",0,1,0,1,67,67,1,0,0,1,0,0,1
"2016-10-16","長岡市議会議員補欠選挙","長岡市","新潟県",1,0,1,1,34,34,0,1,1,0,0,0,1
"2016-10-16","長岡市長選挙","長岡市","新潟県",0,1,0,3,65,65,1,0,1,1,0,1,0
"2016-10-16","阿賀野市議会議員選挙","阿賀野市","新潟県",1,0,0,24,65,36,18,2,0.1,0.65,0.05,0.2,0.7
"2016-10-16","隠岐の島町議会議員補欠選挙","隠岐の島町","島根県",1,0,1,1,59,59,1,0,1,0,0,0,1
"2016-10-16","隠岐の島町長選挙","隠岐の島町","島根県",0,1,0,3,61,61,1,0,1,0,0,0,1
"2016-10-16","飯田市長選挙","飯田市","長野県",0,1,0,1,55,55,1,0,0,0,0,0,1
"2016-10-16","飯舘村長選挙","飯舘村","福島県",0,1,0,2,69,69,1,0,0,1,0,0,1
"2016-10-16","飯館村議会議員補欠選挙","飯館村","福島県",1,0,1,1,69,69,1,0,1,1,0,0,1
"2016-10-23","七尾市長選挙","七尾市","石川県",0,1,0,1,67,67,1,0,0,1,0,0,1
"2016-10-23","上島町議会議員選挙","上島町","愛媛県",1,0,0,16,69.5,41,13,1,0.214285714285714,0.642857142857143,0.0714285714285714,0.0714285714285714,0.857142857142857
"2016-10-23","上島町長選挙","上島町","愛媛県",0,1,0,2,65,65,1,0,1,1,0,0,1
"2016-10-23","世羅町議会議員選挙","世羅町","広島県",1,0,0,15,66,41,12,1,0.384615384615385,0.538461538461538,0.0769230769230769,0.0769230769230769,0.846153846153846
"2016-10-23","世羅町長選挙","世羅町","広島県",0,1,0,2,53,53,1,0,0,0,0,0,1
"2016-10-23","伊豆市議会議員選挙","伊豆市","静岡県",1,0,0,19,63.5,40,15,1,0.4375,0.4375,0.0625,0.0625,0.875
"2016-10-23","光市議会議員選挙","光市","山口県",1,0,0,23,57.5,42,15,3,0.166666666666667,0.277777777777778,0.0555555555555556,0.111111111111111,0.833333333333333
"2016-10-23","光市長選挙","光市","山口県",0,1,0,1,69,69,1,0,0,1,0,0,1
"2016-10-23","入間市長選挙","入間市","埼玉県",0,1,0,2,64,64,1,0,0,0,0,0,1
"2016-10-23","南部町議会議員選挙","南部町","山梨県",1,0,0,14,66.5,56,12,0,0.416666666666667,0.666666666666667,0,0,1
"2016-10-23","周防大島町議会議員選挙","周防大島町","山口県",1,0,0,16,59.5,41,14,0,0.357142857142857,0.428571428571429,0.0714285714285714,0.0714285714285714,0.857142857142857
"2016-10-23","周防大島町長選挙","周防大島町","山口県",0,1,0,1,68,68,1,0,0,1,0,0,1
"2016-10-23","大川市議会議員補欠選挙","大川市","福岡県",1,0,1,2,60,60,1,0,1,0,0,0,1
"2016-10-23","大川市長選挙","大川市","福岡県",0,1,0,2,39,39,1,0,1,0,0,0,1
"2016-10-23","天龍村長選挙","天龍村","長野県",0,1,0,2,54,54,1,0,1,0,0,0,1
"2016-10-23","太子町議会議員選挙","太子町","大阪府",1,0,0,15,66,44,10,1,0,0.545454545454545,0.181818181818182,0.181818181818182,0.636363636363636
"2016-10-23","志摩市議会議員補欠選挙","志摩市","三重県",1,0,1,3,51.5,41,2,0,1,0,0,0,1
"2016-10-23","志摩市長選挙","志摩市","三重県",0,1,0,3,57,57,1,0,0,0,0,0,1
"2016-10-23","東温市議会議員選挙","東温市","愛媛県",1,0,0,19,66,40,14,2,0.125,0.5625,0.125,0.0625,0.8125
"2016-10-23","東温市長選挙","東温市","愛媛県",0,1,0,3,68,68,1,0,1,1,0,0,1
"2016-10-23","歌志内市議会議員補欠選挙","歌志内市","北海道",1,0,1,1,45,45,1,0,1,0,0,0,1
"2016-10-23","歌志内市長選挙","歌志内市","北海道",0,1,0,1,69,69,1,0,0,1,0,0,1
"2016-10-23","池田町長選挙","池田町","北海道",0,1,0,2,66,66,1,0,0,1,0,0,1
"2016-10-23","泉南市議会議員選挙","泉南市","大阪府",1,0,0,20,49,26,13,3,0.25,0.25,0.3125,0.125,0.4375
"2016-10-23","波佐見町議会議員選挙","波佐見町","長崎県",1,0,0,16,58,35,13,1,0.357142857142857,0.357142857142857,0,0,1
"2016-10-23","白石市議会議員補欠選挙","白石市","宮城県",1,0,1,2,41,41,1,0,1,0,0,0,1
"2016-10-23","白石市長選挙","白石市","宮城県",0,1,0,2,40,40,1,0,1,0,0,0,1
"2016-10-23","笛吹市議会議員選挙","笛吹市","山梨県",1,0,0,23,64,46,18,3,0.142857142857143,0.476190476190476,0.142857142857143,0.0952380952380952,0.761904761904762
"2016-10-23","笛吹市長選挙","笛吹市","山梨県",0,1,0,4,50,50,1,0,1,0,0,0,1
"2016-10-23","笠置町議会議員選挙","笠置町","京都府",1,0,0,9,66,35,8,0,0.25,0.5,0,0.125,0.875
"2016-10-23","芸西村長選挙","芸西村","高知県",0,1,0,1,57,57,1,0,1,0,0,0,1
"2016-10-23","葛城市議会議員補欠選挙","葛城市","奈良県",1,0,1,1,50,50,1,0,1,0,0,0,0
"2016-10-23","葛城市長選挙","葛城市","奈良県",0,1,0,2,57,57,1,0,1,0,0,0,1
"2016-10-23","葛尾村長選挙","葛尾村","福島県",0,1,0,1,65,65,1,0,1,1,0,0,1
"2016-10-23","薩摩川内市議会議員選挙","薩摩川内市","鹿児島県",1,0,0,28,63,27,24,2,0.153846153846154,0.384615384615385,0.0769230769230769,0.0769230769230769,0.807692307692308
"2016-10-23","薩摩川内市長選挙","薩摩川内市","鹿児島県",0,1,0,2,74,74,1,0,0,1,0,0,1
"2016-10-23","豊浦町議会議員選挙","豊浦町","北海道",1,0,0,10,65,53,7,1,0.25,0.625,0,0.125,0.875
"2016-10-23","野洲市議会議員補欠選挙","野洲市","滋賀県",1,0,1,3,63,63,1,0,0,0,0,0,1
"2016-10-23","野洲市長選挙","野洲市","滋賀県",0,1,0,3,65,65,1,0,0,1,0,0,1
"2016-10-23","釧路市長選挙","釧路市","北海道",0,1,0,2,57,57,1,0,0,0,0,0,1
"2016-10-23","養父市議会議員選挙","養父市","兵庫県",1,0,0,19,65.5,40,16,0,0.4375,0.5625,0.0625,0.0625,0.875
"2016-10-23","養父市長選挙","養父市","兵庫県",0,1,0,2,68,68,1,0,0,1,0,0,1
"2016-10-25","飯豊町長選挙","飯豊町","山形県",0,1,0,1,65,65,1,0,0,1,0,0,1
"2016-10-30","千曲市長選挙","千曲市","長野県",0,1,0,2,65,65,1,0,0,1,0,0,1
"2016-10-30","早川町長選挙","早川町","山梨県",0,1,0,1,76,76,1,0,0,1,0,0,1
"2016-10-30","沼津市長選挙","沼津市","静岡県",0,1,0,2,57,57,1,0,1,0,0,0,1
"2016-10-30","田舎館村長選挙","田舎館村","青森県",0,1,0,3,79,79,1,0,0,1,0,0,1
"2016-10-30","知夫村議会議員補欠選挙","知夫村","島根県",1,0,1,1,68,68,1,0,1,1,0,0,1
"2016-10-30","知夫村長選挙","知夫村","島根県",0,1,0,2,58,58,1,0,1,0,0,0,1
"2016-10-30","箱根町長選挙","箱根町","神奈川県",0,1,0,2,72,72,1,0,0,1,0,0,1
"2016-10-30","菰野町議会議員選挙","菰野町","三重県",1,0,0,22,60.5,34,15,3,0.166666666666667,0.333333333333333,0.0555555555555556,0.166666666666667,0.777777777777778
"2016-10-30","蘭越町長選挙","蘭越町","北海道",0,1,0,2,60,60,1,0,1,0,0,0,1
"2016-10-30","阪南市長選挙","阪南市","大阪府",0,1,0,3,62,62,1,0,1,0,0,0,1
"2016-10-30","鷹栖町議会議員補欠選挙","鷹栖町","北海道",1,0,1,2,61,61,0,1,1,0,0,0,1
"2016-10-30","鷹栖町長選挙","鷹栖町","北海道",0,1,0,1,49,49,1,0,0,0,0,0,1
"2016-11-06","伊予市議会議員補欠選挙","伊予市","愛媛県",1,0,1,4,59.5,49,4,0,0.75,0.5,0,0,1
"2016-11-06","八女市長選挙","八女市","福岡県",0,1,0,1,72,72,1,0,0,1,0,0,1
"2016-11-06","大豊町議会議員補欠選挙","大豊町","高知県",1,0,1,3,63.5,55,1,1,0.5,0.5,0,0,1
"2016-11-06","姫島村長選挙","姫島村","大分県",0,1,0,2,73,73,1,0,0,1,0,0,1
"2016-11-06","宇治田原町議会議員選挙","宇治田原町","京都府",1,0,0,14,63,51,10,2,0.5,0.416666666666667,0.0833333333333333,0.166666666666667,0.75
"2016-11-06","富山市議会議員補欠選挙","富山市","富山県",1,0,1,25,53,32,11,2,1,0.153846153846154,0,0.230769230769231,0.615384615384615
"2016-11-06","岐南町長選挙","岐南町","岐阜県",0,1,0,4,70,70,1,0,0,1,0,0,1
"2016-11-06","弟子屈町議会議員選挙","弟子屈町","北海道",1,0,0,13,64,50,10,1,0.272727272727273,0.454545454545455,0.0909090909090909,0.0909090909090909,0.818181818181818
"2016-11-06","弟子屈町長選挙","弟子屈町","北海道",0,1,0,1,67,67,1,0,0,1,0,0,1
"2016-11-06","東御市議会議員選挙","東御市","長野県",1,0,0,18,65,41,14,3,0.294117647058824,0.529411764705882,0.117647058823529,0.117647058823529,0.764705882352941
"2016-11-06","板倉町長選挙","板倉町","群馬県",0,1,0,2,68,68,1,0,0,1,0,0,1
"2016-11-06","荒川区長選挙","荒川区","東京都",0,1,0,2,74,74,1,0,0,1,1,0,0
"2016-11-06","高山村議会議員補欠選挙","高山村","長野県",1,0,1,2,78,78,1,1,1,1,0,0.5,0.5
"2016-11-06","高山村長選挙","高山村","長野県",0,1,0,2,72,72,1,0,1,1,0,0,1
"2016-11-13","つくば市議会議員選挙","つくば市","茨城県",1,0,0,38,55,35,21,7,0.142857142857143,0.321428571428571,0.107142857142857,0.107142857142857,0.571428571428571
"2016-11-13","つくば市長選挙","つくば市","茨城県",0,1,0,3,38,38,1,0,1,0,0,0,1
"2016-11-13","下市町長選挙","下市町","奈良県",0,1,0,1,70,70,1,0,0,1,0,0,1
"2016-11-13","伊賀市長選挙","伊賀市","三重県",0,1,0,3,65,65,1,0,0,1,0,0,1
"2016-11-13","北杜市議会議員選挙","北杜市","山梨県",1,0,0,23,62,34,20,2,0.363636363636364,0.363636363636364,0.0909090909090909,0.0909090909090909,0.818181818181818
"2016-11-13","北杜市長選挙","北杜市","山梨県",0,1,0,3,70,70,0,1,1,1,0,0,1
"2016-11-13","南砺市議会議員選挙","南砺市","富山県",1,0,0,26,60.5,44,19,1,0.3,0.3,0.05,0,0.95
"2016-11-13","南砺市長選挙","南砺市","富山県",0,1,0,1,55,55,1,0,0,0,0,0,1
"2016-11-13","四国中央市議会議員選挙","四国中央市","愛媛県",1,0,0,28,64,35,21,1,0.0909090909090909,0.409090909090909,0.136363636363636,0.136363636363636,0.727272727272727
"2016-11-13","国富町長選挙","国富町","宮崎県",0,1,0,2,64,64,1,0,1,0,0,0,1
"2016-11-13","国見町長選挙","国見町","福島県",0,1,0,1,66,66,1,0,0,1,0,0,1
"2016-11-13","安芸高田市議会議員選挙","安芸高田市","広島県",1,0,0,22,63,44,16,2,0.111111111111111,0.444444444444444,0.0555555555555556,0,0.944444444444444
"2016-11-13","恵那市議会議員選挙","恵那市","岐阜県",1,0,0,22,65,49,16,2,0.111111111111111,0.555555555555556,0.0555555555555556,0.111111111111111,0.833333333333333
"2016-11-13","恵那市長選挙","恵那市","岐阜県",0,1,0,3,53,53,1,0,1,0,0,0,1
"2016-11-13","新居浜市長選挙","新居浜市","愛媛県",0,1,0,1,68,68,1,0,0,1,0,0,1
"2016-11-13","松川町議会議員選挙","松川町","長野県",1,0,0,16,66,57,12,2,0.357142857142857,0.642857142857143,0,0.0714285714285714,0.928571428571429
"2016-11-13","松野町長選挙","松野町","愛媛県",0,1,0,3,52,52,1,0,1,0,0,0,1
"2016-11-13","江田島市長選挙","江田島市","広島県",0,1,0,3,61,61,1,0,1,0,0,0,1
"2016-11-13","熊野町長選挙","熊野町","広島県",0,1,0,1,64,64,1,0,0,0,0,0,1
"2016-11-13","真狩村議会議員補欠選挙","真狩村","北海道",1,0,1,1,60,60,1,0,1,0,0,0,1
"2016-11-13","真狩村長選挙","真狩村","北海道",0,1,0,2,64,64,1,0,0,0,0,0,1
"2016-11-13","砺波市長選挙","砺波市","富山県",0,1,0,1,61,61,1,0,0,0,0,0,1
"2016-11-13","篠栗町長選挙","篠栗町","福岡県",0,1,0,1,62,62,1,0,0,0,0,0,1
"2016-11-13","美郷町長選挙","美郷町","秋田県",0,1,0,1,53,53,1,0,0,0,0,0,1
"2016-11-13","西桂町議会議員選挙","西桂町","山梨県",1,0,0,10,64,57,10,0,0.6,0.1,0,0,1
"2016-11-13","西桂町長選挙","西桂町","山梨県",0,1,0,2,66,66,1,0,0,1,0,0,1
"2016-11-13","豊橋市長選挙","豊橋市","愛知県",0,1,0,2,63,63,1,0,0,0,0,0,1
"2016-11-13","都城市議会議員補欠選挙","都城市","宮崎県",1,0,1,4,60,60,1,0,1,0,0,0,1
"2016-11-13","都城市長選挙","都城市","宮崎県",0,1,0,1,45,45,1,0,0,0,0,0,1
"2016-11-13","防府市議会議員選挙","防府市","山口県",1,0,0,30,55,34,22,3,0.24,0.24,0.28,0.08,0.64
"2016-11-13","阿智村議会議員選挙","阿智村","長野県",1,0,0,14,64,48,9,3,0.333333333333333,0.5,0,0.0833333333333333,0.916666666666667
"2016-11-13","雲南市議会議員選挙","雲南市","島根県",1,0,0,22,64.5,51,20,2,0.0909090909090909,0.5,0.0454545454545455,0.0909090909090909,0.863636363636364
"2016-11-13","雲南市長選挙","雲南市","島根県",0,1,0,1,70,70,1,0,0,1,0,0,1
"2016-11-20","三戸町長選挙","三戸町","青森県",0,1,0,2,53,53,1,0,1,0,0,0,1
"2016-11-20","下諏訪町議会議員補欠選挙","下諏訪町","長野県",1,0,1,1,67,67,1,0,1,1,0,0,1
"2016-11-20","下諏訪町長選挙","下諏訪町","長野県",0,1,0,2,62,62,1,0,0,0,0,0,1
"2016-11-20","中野市長選挙","中野市","長野県",0,1,0,1,63,63,1,0,0,0,0,0,1
"2016-11-20","丹波市議会議員選挙","丹波市","兵庫県",1,0,0,28,61,39,16,4,0.55,0.3,0.1,0.1,0.75
"2016-11-20","丹波市長選挙","丹波市","兵庫県",0,1,0,2,63,63,1,0,1,0,0,0,1
"2016-11-20","伊佐市議会議員選挙","伊佐市","鹿児島県",1,0,0,19,66,32,16,2,0.222222222222222,0.611111111111111,0.111111111111111,0.0555555555555556,0.833333333333333
"2016-11-20","伊佐市長選挙","伊佐市","鹿児島県",0,1,0,2,66,66,1,0,0,1,0,0,1
"2016-11-20","刈羽村長選挙","刈羽村","新潟県",0,1,0,1,59,59,1,0,0,0,0,0,1
"2016-11-20","南アルプス市議会議員選挙","南アルプス市","山梨県",1,0,0,25,65.5,40,19,3,0.409090909090909,0.545454545454545,0.136363636363636,0.0909090909090909,0.772727272727273
"2016-11-20","南魚沼市議会議員補欠選挙","南魚沼市","新潟県",1,0,1,4,60,58,2,1,1,0.333333333333333,0,0.333333333333333,0.666666666666667
"2016-11-20","南魚沼市長選挙","南魚沼市","新潟県",0,1,0,3,49,49,1,0,1,0,0,0,1
"2016-11-20","只見町長選挙","只見町","福島県",0,1,0,1,70,70,1,0,1,1,0,0,1
"2016-11-20","宇都宮市長選挙","宇都宮市","栃木県",0,1,0,2,55,55,1,0,0,0,0,0,1
"2016-11-20","守谷市議会議員補欠選挙","守谷市","茨城県",1,0,1,4,54,39,2,0,0,0.5,0,0,1
"2016-11-20","守谷市長選挙","守谷市","茨城県",0,1,0,4,62,62,1,0,1,0,0,0,1
"2016-11-20","揖斐川町長選挙","揖斐川町","岐阜県",0,1,0,2,70,70,1,0,1,1,0,0,1
"2016-11-20","柏崎市長選挙","柏崎市","新潟県",0,1,0,2,54,54,1,0,1,0,0,0,1
"2016-11-20","深浦町長選挙","深浦町","青森県",0,1,0,2,63,63,1,0,0,0,0,0,1
"2016-11-20","湖西市長選挙","湖西市","静岡県",0,1,0,2,42,42,1,0,1,0,0,0,1
"2016-11-20","湯前町議会議員選挙","湯前町","熊本県",1,0,0,12,61.5,47,10,0,0.1,0.3,0,0.1,0.9
"2016-11-20","白岡市長選挙","白岡市","埼玉県",0,1,0,2,77,77,1,0,0,1,0,0,1
"2016-11-20","神石高原町議会議員選挙","神石高原町","広島県",1,0,0,12,57.5,49,11,1,0.166666666666667,0.25,0.0833333333333333,0,0.916666666666667
"2016-11-20","神石高原町長選挙","神石高原町","広島県",0,1,0,1,55,55,1,0,1,0,0,0,1
"2016-11-20","羽島市長選挙","羽島市","岐阜県",0,1,0,1,65,65,1,0,0,1,0,0,1
"2016-11-20","西条市長選挙","西条市","愛媛県",0,1,0,3,53,53,1,0,1,0,0,0,1
"2016-11-20","豊山町議会議員補欠選挙","豊山町","愛知県",1,0,1,1,47,47,1,0,1,0,0,0,1
"2016-11-20","豊山町長選挙","豊山町","愛知県",0,1,0,1,51,51,1,0,1,0,0,0,1
"2016-11-27","上富良野町長選挙","上富良野町","北海道",0,1,0,2,68,68,1,0,0,1,0,0,1
"2016-11-27","下仁田町議会議員補欠選挙","下仁田町","群馬県",1,0,1,2,66.5,60,2,0,0.5,0.5,0,0,1
"2016-11-27","下仁田町長選挙","下仁田町","群馬県",0,1,0,2,63,63,1,0,1,0,0,0,1
"2016-11-27","勝山市議会議員補欠選挙","勝山市","福井県",1,0,1,1,62,62,1,0,1,0,0,1,0
"2016-11-27","勝山市長選挙","勝山市","福井県",0,1,0,2,71,71,1,0,0,1,0,0,1
"2016-11-27","古河市議会議員補欠選挙","古河市","茨城県",1,0,1,6,51,51,0,1,1,0,0,0,1
"2016-11-27","古河市長選挙","古河市","茨城県",0,1,0,2,55,55,1,0,1,0,0,0,1
"2016-11-27","四日市市長選挙","四日市市","三重県",0,1,0,2,38,38,1,0,1,0,0,0,1
"2016-11-27","大豊町長選挙","大豊町","高知県",0,1,0,2,65,65,1,0,0,1,0,0,1
"2016-11-27","天川村議会議員選挙","天川村","奈良県",1,0,0,8,63.5,59,8,0,0.125,0.375,0,0,1
"2016-11-27","天童市長選挙","天童市","山形県",0,1,0,1,69,69,1,0,0,1,0,0,1
"2016-11-27","島原市長選挙","島原市","長崎県",0,1,0,1,60,60,1,0,0,0,0,0,1
"2016-11-27","朝日町議会議員補欠選挙","朝日町","山形県",1,0,1,1,61,61,1,0,0,0,0,0,1
"2016-11-27","朝日町長選挙","朝日町","山形県",0,1,0,1,56,56,1,0,0,0,0,0,1
"2016-11-27","桑名市長選挙","桑名市","三重県",0,1,0,3,40,40,1,0,0,0,0,0,1
"2016-11-27","瀬戸内町議会議員選挙","瀬戸内町","鹿児島県",1,0,0,10,67,41,10,0,0.2,0.7,0,0,1
"2016-11-27","知立市長選挙","知立市","愛知県",0,1,0,2,56,56,1,0,0,0,0,0,1
"2016-11-27","美里町長選挙","美里町","熊本県",0,1,0,1,41,41,1,0,0,0,0,0,1
"2016-11-27","金武町議会議員選挙","金武町","沖縄県",1,0,0,20,60.5,40,15,1,0.3125,0.375,0,0,1
"2016-11-27","関ケ原町長選挙","関ケ原町","岐阜県",0,1,0,1,64,64,1,0,0,0,0,0,1
"2016-11-27","青森市長選挙","青森市","青森県",0,1,0,4,41,41,1,0,1,0,0,0,1
"2016-11-27","鹿児島市長選挙","鹿児島市","鹿児島県",0,1,0,2,67,67,1,0,0,1,0,0,1
"2016-12-04","上北山村長選挙","上北山村","奈良県",0,1,0,2,64,64,1,0,1,0,0,0,1
"2016-12-04","北中城村長選挙","北中城村","沖縄県",0,1,0,2,60,60,1,0,0,0,0,0,1
"2016-12-04","山中湖村長選挙","山中湖村","山梨県",0,1,0,2,66,66,1,0,0,1,0,0,1
"2016-12-04","岐南町議会議員補欠選挙","岐南町","岐阜県",1,0,1,3,66,39,2,1,0.333333333333333,0.666666666666667,0,0,1
"2016-12-04","横浜町長選挙","横浜町","青森県",0,1,0,2,65,65,1,0,0,1,0,0,1
"2016-12-04","稲沢市長選挙","稲沢市","愛知県",0,1,0,4,61,61,1,0,1,0,0,0,1
"2016-12-04","魚沼市長選挙","魚沼市","新潟県",0,1,0,2,65,65,1,0,1,1,0,0,1
"2016-12-11","宇治市長選挙","宇治市","京都府",0,1,0,3,69,69,1,0,0,1,0,0,0
"2016-12-11","宜野座村長選挙","宜野座村","沖縄県",0,1,0,1,44,44,1,0,0,0,0,0,1
"2016-12-11","御宿町長選挙","御宿町","千葉県",0,1,0,1,68,68,1,0,0,1,0,0,1
"2016-12-18","名古屋市議会議員補欠選挙（名東区）","名古屋市","愛知県",1,0,1,2,31,31,0,1,1,0,0,0,0
"2016-12-18","泉大津市長選挙","泉大津市","大阪府",0,1,0,2,36,36,1,0,1,0,0,0,1
"2016-12-18","焼津市長選挙","焼津市","静岡県",0,1,0,2,59,59,1,0,0,0,0,0,1
"2016-12-18","舟橋村長選挙","舟橋村","富山県",0,1,0,1,73,73,1,0,0,1,0,0,1
"2016-12-25","南幌町長選挙","南幌町","北海道",0,1,0,1,66,66,1,0,0,1,0,0,1
"2016-12-25","国立市長選挙","国立市","東京都",0,1,0,2,67,67,1,0,1,1,1,0,0
"2016-12-25","寒河江市長選挙","寒河江市","山形県",0,1,0,1,66,66,1,0,0,1,0,0,1
"2016-12-25","小布施町長選挙","小布施町","長野県",0,1,0,1,68,68,1,0,0,1,0,0,1
"2016-12-25","岡垣町長選挙","岡垣町","福岡県",0,1,0,1,69,69,1,0,0,1,0,0,1
"2016-12-25","新見市長選挙","新見市","岡山県",0,1,0,2,63,63,0,1,1,0,0,0,1
"2016-12-25","芦北町長選挙","芦北町","熊本県",0,1,0,1,69,69,1,0,0,1,0,0,1
"2016-12-25","雲仙市長選挙","雲仙市","長崎県",0,1,0,1,56,56,1,0,0,0,0,0,1
"2017-01-15","伊勢崎市議会議員補欠選挙","伊勢崎市","群馬県",1,0,1,2,32,32,0,1,1,0,0,0,1
"2017-01-15","伊勢崎市長選挙","伊勢崎市","群馬県",0,1,0,1,64,64,1,0,0,0,0,0,1
"2017-01-15","嘉手納町議会議員選挙","嘉手納町","沖縄県",1,0,0,18,53.5,38,16,0,0.1875,0.1875,0.0625,0.0625,0.875
"2017-01-15","四條畷市長選挙","四條畷市","大阪府",0,1,0,2,28,28,1,0,1,0,0,0,1
"2017-01-15","大多喜町議会議員選挙","大多喜町","千葉県",1,0,0,13,68.5,54,10,2,0.166666666666667,0.583333333333333,0.0833333333333333,0.0833333333333333,0.833333333333333
"2017-01-15","大間町長選挙","大間町","青森県",0,1,0,4,66,66,1,0,0,1,0,0,1
"2017-01-15","大鹿村長選挙","大鹿村","長野県",0,1,0,2,65,65,1,0,0,1,0,0,1
"2017-01-15","臼杵市議会議員補欠選挙","臼杵市","大分県",1,0,1,1,67,67,1,0,1,1,0,0,1
"2017-01-15","臼杵市長選挙","臼杵市","大分県",0,1,0,3,70,70,1,0,0,1,0,0,1
"2017-01-17","黒松内町長選挙","黒松内町","北海道",0,1,0,1,58,58,1,0,0,0,0,0,1
"2017-01-22","伯耆町長選挙","伯耆町","鳥取県",0,1,0,1,58,58,1,0,0,0,0,0,1
"2017-01-22","倉敷市議会議員選挙","倉敷市","岡山県",1,0,0,51,56,35,36,7,0.13953488372093,0.116279069767442,0.162790697674419,0.0930232558139535,0.674418604651163
"2017-01-22","内子町長選挙","内子町","愛媛県",0,1,0,1,65,65,1,0,0,1,0,0,1
"2017-01-22","内灘町長選挙","内灘町","石川県",0,1,0,1,62,62,1,0,0,0,0,0,1
"2017-01-22","十和田市議会議員補欠選挙","十和田市","青森県",1,0,1,2,49,49,0,1,1,0,0,0,1
"2017-01-22","十和田市長選挙","十和田市","青森県",0,1,0,1,70,70,1,0,0,1,0,0,1
"2017-01-22","坂町長選挙","坂町","広島県",0,1,0,1,64,64,1,0,0,0,0,0,1
"2017-01-22","宮古島市議会議員補欠選挙","宮古島市","沖縄県",1,0,1,5,35,34,1,1,1,0,0,0,1
"2017-01-22","宮古島市長選挙","宮古島市","沖縄県",0,1,0,4,71,71,1,0,0,1,0,0,1
"2017-01-22","小松島市長選挙","小松島市","徳島県",0,1,0,1,59,59,1,0,0,0,0,0,1
"2017-01-22","岩倉市長選挙","岩倉市","愛知県",0,1,0,1,55,55,1,0,1,0,0,0,1
"2017-01-22","川越市議会議員補欠選挙","川越市","埼玉県",1,0,1,3,45,45,1,0,1,0,0,0,1
"2017-01-22","川越市長選挙","川越市","埼玉県",0,1,0,3,66,66,1,0,0,1,0,0,1
"2017-01-22","平谷村長選挙","平谷村","長野県",0,1,0,2,74,74,1,0,0,1,0,0,1
"2017-01-22","池田町議会議員補欠選挙","池田町","福井県",1,0,1,1,62,62,1,0,1,0,0,0,1
"2017-01-22","池田町長選挙","池田町","福井県",0,1,0,1,59,59,1,0,0,0,0,0,1
"2017-01-22","玉東町長選挙","玉東町","熊本県",0,1,0,1,66,66,1,0,0,1,0,0,1
"2017-01-22","茨木市議会議員選挙","茨木市","大阪府",1,0,0,43,53.5,30,21,7,0.0714285714285714,0.142857142857143,0.357142857142857,0.107142857142857,0.25
"2017-01-22","菊川市議会議員選挙","菊川市","静岡県",1,0,0,24,68,41,15,2,0.411764705882353,0.705882352941177,0,0.0588235294117647,0.941176470588235
"2017-01-22","菊川市長選挙","菊川市","静岡県",0,1,0,2,66,66,1,0,0,1,0,0,1
"2017-01-22","鞍手町長選挙","鞍手町","福岡県",0,1,0,1,57,57,1,0,0,0,0,0,1
"2017-01-22","飯南町長選挙","飯南町","島根県",0,1,0,1,65,65,1,0,0,1,0,0,1
"2017-01-29","亀山市議会議員補欠選挙","亀山市","三重県",1,0,1,2,47,47,1,0,0,0,0,0,1
"2017-01-29","亀山市長選挙","亀山市","三重県",0,1,0,2,53,53,1,0,0,0,0,0,1
"2017-01-29","北九州市議会議員選挙","北九州市","福岡県",1,0,0,80,53,33,46,11,0.175438596491228,0.140350877192982,0.543859649122807,0.192982456140351,0.12280701754386
"2017-01-29","南越前町長選挙","南越前町","福井県",0,1,0,1,62,62,1,0,1,0,0,0,1
"2017-01-29","双葉町議会議員選挙","双葉町","福島県",1,0,0,8,63,46,7,1,0,0.5,0,0,1
"2017-01-29","双葉町長選挙","双葉町","福島県",0,1,0,1,58,58,1,0,0,0,0,0,1
"2017-01-29","唐津市議会議員選挙","唐津市","佐賀県",1,0,0,32,62.5,34,28,2,0.233333333333333,0.4,0.133333333333333,0.1,0.733333333333333
"2017-01-29","唐津市長選挙","唐津市","佐賀県",0,1,0,4,56,56,1,0,1,0,0,0,1
"2017-01-29","山鹿市議会議員選挙","山鹿市","熊本県",1,0,0,24,63,38,18,2,0.25,0.35,0.05,0.05,0.9
"2017-01-29","山鹿市長選挙","山鹿市","熊本県",0,1,0,2,66,66,1,0,0,1,0,0,1
"2017-01-29","岩出市議会議員選挙","岩出市","和歌山県",1,0,0,17,62,45,13,3,0.125,0.3125,0.1875,0.125,0.6875
"2017-01-29","御殿場市長選挙","御殿場市","静岡県",0,1,0,2,45,45,1,0,0,0,0,0,1
"2017-01-29","戸田市議会議員選挙","戸田市","埼玉県",1,0,0,31,53.5,30,19,7,0.269230769230769,0.153846153846154,0.192307692307692,0.153846153846154,0.653846153846154
"2017-01-29","白石町議会議員選挙","白石町","佐賀県",1,0,0,18,63,31,14,2,0.25,0.3125,0.0625,0,0.9375
"2017-01-29","白石町長選挙","白石町","佐賀県",0,1,0,1,66,66,1,0,0,1,0,0,1
"2017-01-29","砥部町議会議員選挙","砥部町","愛媛県",1,0,0,17,66,54,15,1,0.25,0.5625,0.0625,0.0625,0.875
"2017-01-29","砥部町長選挙","砥部町","愛媛県",0,1,0,1,66,66,1,0,0,1,0,0,1
"2017-01-29","美濃加茂市議会議員補欠選挙","美濃加茂市","岐阜県",1,0,1,3,58,58,1,0,0,0,0,0,1
"2017-01-29","美濃加茂市長選挙","美濃加茂市","岐阜県",0,1,0,2,32,32,1,0,0,0,0,0,1
"2017-01-29","西之表市議会議員選挙","西之表市","鹿児島県",1,0,0,19,60.5,36,13,3,0.3125,0.3125,0,0.125,0.875
"2017-01-29","西都市議会議員補欠選挙","西都市","宮崎県",1,0,1,1,59,59,1,0,0,0,0,0,1
"2017-01-29","西都市長選挙","西都市","宮崎県",0,1,0,2,61,61,1,0,1,0,0,0,1
"2017-01-29","高島市議会議員選挙","高島市","滋賀県",1,0,0,24,56.5,38,15,3,0.388888888888889,0.166666666666667,0.166666666666667,0.111111111111111,0.666666666666667
"2017-01-29","高島市長選挙","高島市","滋賀県",0,1,0,2,65,65,1,0,0,1,0,0,1
"2017-02-05","三川町議会議員選挙","三川町","山形県",1,0,0,11,61.5,34,10,0,0.2,0.4,0,0.1,0.9
"2017-02-05","上砂川町議会議員選挙","上砂川町","北海道",1,0,0,9,63,44,9,0,0.222222222222222,0.444444444444444,0.111111111111111,0.111111111111111,0.555555555555556
"2017-02-05","五島市議会議員選挙","五島市","長崎県",1,0,0,22,61,44,18,2,0.1,0.2,0.45,0.1,0.4
"2017-02-05","今治市議会議員選挙","今治市","愛媛県",1,0,0,39,65,31,30,2,0.15625,0.5625,0.25,0.0625,0.6875
"2017-02-05","今治市長選挙","今治市","愛媛県",0,1,0,1,73,73,1,0,0,1,0,0,1
"2017-02-05","八郎潟町議会議員選挙","八郎潟町","秋田県",1,0,0,12,67.5,37,11,1,0.166666666666667,0.75,0,0.0833333333333333,0.916666666666667
"2017-02-05","千代田区長選挙","千代田区","東京都",0,1,0,3,75,75,1,0,0,1,0,0,1
"2017-02-05","南あわじ市議会議員補欠選挙","南あわじ市","兵庫県",1,0,1,1,32,32,1,0,1,0,0,0,1
"2017-02-05","南あわじ市長選挙","南あわじ市","兵庫県",0,1,0,1,56,56,1,0,1,0,0,0,1
"2017-02-05","多良木町議会議員補欠選挙","多良木町","熊本県",1,0,1,2,56,56,1,0,0,0,0,0,1
"2017-02-05","多良木町長選挙","多良木町","熊本県",0,1,0,2,69,69,1,0,1,1,0,0,1
"2017-02-05","大津町議会議員選挙","大津町","熊本県",1,0,0,18,64,34,15,1,0.1875,0.5,0.0625,0.0625,0.875
"2017-02-05","大津町長選挙","大津町","熊本県",0,1,0,1,74,74,1,0,0,1,0,0,1
"2017-02-05","宇城市長選挙","宇城市","熊本県",0,1,0,2,57,57,1,0,0,0,0,0,1
"2017-02-05","宇治田原町長選挙","宇治田原町","京都府",0,1,0,1,57,57,1,0,0,0,0,0,1
"2017-02-05","東近江市議会議員補欠選挙","東近江市","滋賀県",1,0,1,1,60,60,1,0,1,0,0,0,1
"2017-02-05","東近江市長選挙","東近江市","滋賀県",0,1,0,1,65,65,1,0,0,1,0,0,1
"2017-02-05","橿原市議会議員選挙","橿原市","奈良県",1,0,0,29,59.5,28,22,2,0.208333333333333,0.25,0.416666666666667,0.125,0.333333333333333
"2017-02-05","田布施町議会議員選挙","田布施町","山口県",1,0,0,14,69,51,13,0,0.230769230769231,0.769230769230769,0,0,1
"2017-02-05","福津市長選挙","福津市","福岡県",0,1,0,3,46,46,1,0,1,0,0,0,1
"2017-02-05","能美市議会議員補欠選挙","能美市","石川県",1,0,1,1,36,36,1,0,1,0,0,0,1
"2017-02-05","能美市長選挙","能美市","石川県",0,1,0,2,54,54,1,0,1,0,0,0,1
"2017-02-05","荒尾市長選挙","荒尾市","熊本県",0,1,0,2,56,56,1,0,1,0,0,0,1
"2017-02-05","西東京市長選挙","西東京市","東京都",0,1,0,2,69,69,1,0,0,1,0,0,1
"2017-02-05","越生町長選挙","越生町","埼玉県",0,1,0,1,76,76,1,0,0,1,0,0,1
"2017-02-05","鹿部町議会議員選挙","鹿部町","北海道",1,0,0,11,68,47,9,1,0.2,0.8,0,0,1
"2017-02-05","鹿部町長選挙","鹿部町","北海道",0,1,0,2,45,45,1,0,1,0,0,0,1
"2017-02-12","前橋市議会議員選挙","前橋市","群馬県",1,0,0,45,58,33,32,6,0.131578947368421,0.263157894736842,0.105263157894737,0.105263157894737,0.763157894736842
"2017-02-12","柏原市議会議員補欠選挙","柏原市","大阪府",1,0,1,2,63,63,1,0,0,0,0,0,1
"2017-02-12","柏原市長選挙","柏原市","大阪府",0,1,0,4,41,41,1,0,1,0,0,0,1
"2017-02-12","津野町長選挙","津野町","高知県",0,1,0,1,61,61,1,0,0,0,0,0,1
"2017-02-12","浦添市議会議員選挙","浦添市","沖縄県",1,0,0,36,59,25,24,3,0.37037037037037,0.148148148148148,0.148148148148148,0.148148148148148,0.666666666666667
"2017-02-12","浦添市長選挙","浦添市","沖縄県",0,1,0,2,49,49,1,0,0,0,0,0,1
"2017-02-12","西ノ島町議会議員選挙","西ノ島町","島根県",1,0,0,10,67.5,59,10,0,0.1,0.8,0,0,1
"2017-02-12","野田村長選挙","野田村","岩手県",0,1,0,1,61,61,1,0,0,0,0,0,1
"2017-02-12","高鍋町長選挙","高鍋町","宮崎県",0,1,0,2,63,63,1,0,1,0,0,0,1
"2017-02-19","上野原市議会議員補欠選挙","上野原市","山梨県",1,0,1,2,53,53,1,0,1,0,0,0,1
"2017-02-19","上野原市長選挙","上野原市","山梨県",0,1,0,3,74,74,1,0,0,1,0,0,1
"2017-02-19","五城目町長選挙","五城目町","秋田県",0,1,0,2,69,69,1,0,0,1,0,0,1
"2017-02-19","大分市議会議員選挙","大分市","大分県",1,0,0,49,56.5,29,42,2,0.136363636363636,0.227272727272727,0.454545454545455,0.159090909090909,0.318181818181818
"2017-02-19","奥尻町長選挙","奥尻町","北海道",0,1,0,1,64,64,1,0,0,0,0,0,1
"2017-02-19","寒川町議会議員選挙","寒川町","神奈川県",1,0,0,23,52,29,16,2,0.222222222222222,0.277777777777778,0.222222222222222,0.166666666666667,0.555555555555556
"2017-02-19","山形村長選挙","山形村","長野県",0,1,0,2,65,65,1,0,1,1,0,0,1
"2017-02-19","揖斐川町議会議員選挙","揖斐川町","岐阜県",1,0,0,23,65,42,15,1,0.1875,0.5625,0.0625,0,0.9375
"2017-02-19","津別町議会議員選挙","津別町","北海道",1,0,0,12,66,36,9,1,0.4,0.6,0.1,0.1,0.8
"2017-02-19","清水町議会議員補欠選挙","清水町","北海道",1,0,1,2,52,52,1,0,1,0,0,0,1
"2017-02-19","清水町長選挙","清水町","北海道",0,1,0,2,64,64,1,0,1,0,0,0,1
"2017-02-19","王寺町長選挙","王寺町","奈良県",0,1,0,1,64,64,1,0,0,0,0,0,1
"2017-02-19","神流町議会議員選挙","神流町","群馬県",1,0,0,9,60,37,8,0,0.5,0.375,0,0,1
"2017-02-19","米原市長選挙","米原市","滋賀県",0,1,0,2,66,66,1,0,0,1,0,0,1
"2017-02-19","西条市議会議員選挙","西条市","愛媛県",1,0,0,32,64.5,25,26,4,0.166666666666667,0.5,0.0666666666666667,0.0666666666666667,0.833333333333333
"2017-02-19","阿蘇市長選挙","阿蘇市","熊本県",0,1,0,3,67,67,1,0,0,1,0,0,1
"2017-02-19","風間浦村長選挙","風間浦村","青森県",0,1,0,3,54,54,1,0,1,0,0,0,1
"2017-02-26","つがる市長選挙","つがる市","青森県",0,1,0,1,71,71,1,0,0,1,0,0,1
"2017-02-26","南阿蘇村議会議員選挙","南阿蘇村","熊本県",1,0,0,19,61,38,14,0,0.214285714285714,0.357142857142857,0,0.0714285714285714,0.928571428571429
"2017-02-26","南阿蘇村長選挙","南阿蘇村","熊本県",0,1,0,2,61,61,1,0,1,0,0,0,1
"2017-02-26","各務原市議会議員選挙","各務原市","岐阜県",1,0,0,29,54.5,27,19,5,0.166666666666667,0.208333333333333,0.25,0.0833333333333333,0.666666666666667
"2017-02-26","吉野町議会議員選挙","吉野町","奈良県",1,0,0,13,61,39,9,1,0.3,0.3,0.1,0.1,0.8
"2017-02-26","大紀町議会議員選挙","大紀町","三重県",1,0,0,17,68,51,14,0,0.142857142857143,0.571428571428571,0,0.0714285714285714,0.928571428571429
"2017-02-26","大紀町長選挙","大紀町","三重県",0,1,0,1,77,77,1,0,0,1,0,0,1
"2017-02-26","山都町長選挙","山都町","熊本県",0,1,0,2,69,69,1,0,1,1,0,0,1
"2017-02-26","川俣町議会議員補欠選挙","川俣町","福島県",1,0,1,2,68,68,1,0,0,1,0,0,1
"2017-02-26","川俣町長選挙","川俣町","福島県",0,1,0,4,68,68,1,0,1,1,0,0,1
"2017-02-26","朝霞市長選挙","朝霞市","埼玉県",0,1,0,1,62,62,1,0,0,0,0,0,1
"2017-02-26","柳井市長選挙","柳井市","山口県",0,1,0,2,42,42,1,0,0,0,0,0,1
"2017-02-26","白山市議会議員選挙","白山市","石川県",1,0,0,27,60,36,19,2,0.19047619047619,0.333333333333333,0.0952380952380952,0.0476190476190476,0.80952380952381
"2017-02-26","芦別市議会議員補欠選挙","芦別市","北海道",1,0,1,3,44,44,1,0,1,0,0,0,1
"2017-02-26","芦別市長選挙","芦別市","北海道",0,1,0,1,65,65,1,0,1,1,0,0,1
"2017-02-26","飯塚市長選挙","飯塚市","福岡県",0,1,0,3,60,60,1,0,1,0,0,0,1
"2017-03-05","上牧町長選挙","上牧町","奈良県",0,1,0,1,66,66,1,0,0,1,0,0,1
"2017-03-05","北広島町議会議員選挙","北広島町","広島県",1,0,0,17,63.5,32,14,2,0.375,0.4375,0.0625,0.125,0.8125
"2017-03-05","北広島町長選挙","北広島町","広島県",0,1,0,2,61,61,1,0,0,0,0,0,1
"2017-03-05","本部町議会議員選挙","本部町","沖縄県",1,0,0,19,60.5,36,13,1,0.5,0.285714285714286,0,0,1
"2017-03-05","越前町議会議員選挙","越前町","福井県",1,0,0,16,62.5,40,13,1,0.357142857142857,0.428571428571429,0,0,1
"2017-03-05","越前町長選挙","越前町","福井県",0,1,0,2,69,69,1,0,0,1,0,0,1
"2017-03-05","鴨川市長選挙","鴨川市","千葉県",0,1,0,2,65,65,1,0,1,1,0,0,1
"2017-03-12","上士幌町長選挙","上士幌町","北海道",0,1,0,1,68,68,1,0,0,1,0,0,1
"2017-03-12","上峰町長選挙","上峰町","佐賀県",0,1,0,2,37,37,1,0,0,0,0,0,1
"2017-03-12","下関市議会議員補欠選挙","下関市","山口県",1,0,1,2,60,60,1,0,1,0,1,0,0
"2017-03-12","下関市長選挙","下関市","山口県",0,1,0,3,40,40,1,0,1,0,1,0,0
"2017-03-12","入間市議会議員選挙","入間市","埼玉県",1,0,0,27,57,25,16,6,0.272727272727273,0.136363636363636,0.181818181818182,0.181818181818182,0.545454545454545
"2017-03-12","小野町長選挙","小野町","福島県",0,1,0,1,69,69,1,0,0,1,0,0,1
"2017-03-12","遊佐町長選挙","遊佐町","山形県",0,1,0,1,66,66,1,0,0,1,0,0,1
"2017-03-12","鹿角市議会議員選挙","鹿角市","秋田県",1,0,0,22,64.5,43,17,1,0.111111111111111,0.5,0.0555555555555556,0,0.944444444444444
"2017-03-19","つるぎ町議会議員補欠選挙","つるぎ町","徳島県",1,0,1,2,35,35,1,0,0,0,0,0,1
"2017-03-19","つるぎ町長選挙","つるぎ町","徳島県",0,1,0,1,64,64,1,0,0,0,0,0,1
"2017-03-19","七宗町長選挙","七宗町","岐阜県",0,1,0,2,55,55,1,0,0,0,0,0,1
"2017-03-19","中能登町議会議員補欠選挙","中能登町","石川県",1,0,1,4,64,64,1,0,1,0,0,0,1
"2017-03-19","中能登町長選挙","中能登町","石川県",0,1,0,2,75,75,1,0,0,1,0,0,1
"2017-03-19","加美町議会議員選挙","加美町","宮城県",1,0,0,18,64,37,17,1,0,0.444444444444444,0.0555555555555556,0,0.944444444444444
"2017-03-19","大月町長選挙","大月町","高知県",0,1,0,2,66,66,1,0,0,1,0,0,1
"2017-03-19","宝達志水町議会議員補欠選挙","宝達志水町","石川県",1,0,1,5,59,58,2,0,1,0,0,0,1
"2017-03-19","宝達志水町長選挙","宝達志水町","石川県",0,1,0,2,39,39,1,0,1,0,0,0,1
"2017-03-19","東通村議会議員補欠選挙","東通村","青森県",1,0,1,4,68.5,68,2,0,0,1,0,0,1
"2017-03-19","東通村長選挙","東通村","青森県",0,1,0,1,75,75,1,0,0,1,0,0,1
"2017-03-19","萩市長選挙","萩市","山口県",0,1,0,2,57,57,1,0,1,0,0,0,1
"2017-03-19","西之表市長再選挙","西之表市","鹿児島県",0,1,0,4,63,63,1,0,1,0,0,0,1
"2017-03-19","香春町議会議員選挙","香春町","福岡県",1,0,0,17,63,44,12,1,0.307692307692308,0.461538461538462,0.0769230769230769,0.0769230769230769,0.846153846153846
"2017-03-26","上松町議会議員補欠選挙","上松町","長野県",1,0,1,2,60.5,58,2,0,1,0,0,0,1
"2017-03-26","上松町長選挙","上松町","長野県",0,1,0,3,61,61,1,0,1,0,0,0,1
"2017-03-26","伊賀市議会議員選挙","伊賀市","三重県",1,0,0,30,56,32,18,6,0.333333333333333,0.333333333333333,0.125,0.0416666666666667,0.791666666666667
"2017-03-26","信濃町議会議員選挙","信濃町","長野県",1,0,0,13,64.5,48,11,1,0.333333333333333,0.5,0.0833333333333333,0.25,0.666666666666667
"2017-03-26","北茨城市議会議員選挙","北茨城市","茨城県",1,0,0,20,64,42,15,4,0.157894736842105,0.368421052631579,0.105263157894737,0.0526315789473684,0.684210526315789
"2017-03-26","外ヶ浜町長選挙","外ヶ浜町","青森県",0,1,0,2,35,35,0,1,1,0,0,0,1
"2017-03-26","大崎上島町議会議員選挙","大崎上島町","広島県",1,0,0,13,65.5,43,12,0,0.166666666666667,0.5,0,0,1
"2017-03-26","安芸太田町議会議員選挙","安芸太田町","広島県",1,0,0,16,64.5,56,11,1,0.583333333333333,0.5,0,0,1
"2017-03-26","富士見市議会議員選挙","富士見市","埼玉県",1,0,0,28,47,25,17,4,0.142857142857143,0.0476190476190476,0.19047619047619,0.142857142857143,0.666666666666667
"2017-03-26","小城市長選挙","小城市","佐賀県",0,1,0,2,64,64,1,0,0,0,0,0,1
"2017-03-26","小松市長選挙","小松市","石川県",0,1,0,3,65,65,1,0,0,1,0,0,1
"2017-03-26","小金井市議会議員選挙","小金井市","東京都",1,0,0,34,55.5,28,14,10,0.125,0.125,0.333333333333333,0.166666666666667,0.333333333333333
"2017-03-26","廿日市市議会議員選挙","廿日市市","広島県",1,0,0,35,63.5,45,22,6,0.0357142857142857,0.464285714285714,0.107142857142857,0.0357142857142857,0.821428571428571
"2017-03-26","東金市議会議員選挙","東金市","千葉県",1,0,0,23,65,44,17,5,0.181818181818182,0.5,0.136363636363636,0.136363636363636,0.727272727272727
"2017-03-26","柴田町議会議員選挙","柴田町","宮城県",1,0,0,19,64.5,39,12,6,0.166666666666667,0.5,0.111111111111111,0.0555555555555556,0.833333333333333
"2017-03-26","浦安市議会議員補欠選挙","浦安市","千葉県",1,0,1,5,54,47,0,2,0.5,0,0,0,0.5
"2017-03-26","浦安市長選挙","浦安市","千葉県",0,1,0,3,52,52,1,0,1,0,0,0,1
"2017-03-26","海田町議会議員選挙","海田町","広島県",1,0,0,17,67,43,13,3,0.125,0.5625,0.125,0.125,0.75
"2017-03-26","留寿都村議会議員補欠選挙","留寿都村","北海道",1,0,1,3,43,43,1,0,1,0,0,0,1
"2017-03-26","留寿都村長選挙","留寿都村","北海道",0,1,0,2,67,67,1,0,0,1,0,0,1
"2017-03-26","真室川町議会議員選挙","真室川町","山形県",1,0,0,11,66,50,9,2,0.0909090909090909,0.636363636363636,0,0.0909090909090909,0.909090909090909
"2017-03-26","羽村市長選挙","羽村市","東京都",0,1,0,1,72,72,1,0,0,1,0,0,1
"2017-03-26","能登町議会議員補欠選挙","能登町","石川県",1,0,1,5,65.5,63,2,0,0.5,0.5,0,0,1
"2017-03-26","能登町長選挙","能登町","石川県",0,1,0,2,61,61,1,0,0,0,0,0,1
"2017-03-26","蟹江町長選挙","蟹江町","愛知県",0,1,0,2,65,65,1,0,0,1,0,0,1
"2017-03-26","諫早市議会議員選挙","諫早市","長崎県",1,0,0,32,62,27,26,4,0.233333333333333,0.366666666666667,0.333333333333333,0.1,0.533333333333333
"2017-03-26","諫早市長選挙","諫早市","長崎県",0,1,0,3,68,68,1,0,0,1,0,0,1
"2017-03-26","赤磐市議会議員選挙","赤磐市","岡山県",1,0,0,22,62,46,16,2,0.166666666666667,0.444444444444444,0.111111111111111,0.0555555555555556,0.833333333333333
"2017-03-26","赤磐市長選挙","赤磐市","岡山県",0,1,0,2,59,59,1,0,0,0,0,0,1
"2017-03-26","那珂川町議会議員選挙","那珂川町","福岡県",1,0,0,20,56,40,13,4,0.117647058823529,0.235294117647059,0.235294117647059,0.176470588235294,0.529411764705882
"2017-03-26","野沢温泉村議会議員選挙","野沢温泉村","長野県",1,0,0,8,66,53,7,1,0.25,0.5,0,0.125,0.875
"2017-03-26","野沢温泉村長選挙","野沢温泉村","長野県",0,1,0,1,67,67,1,0,0,1,0,0,1
"2017-03-26","鏡野町議会議員選挙","鏡野町","岡山県",1,0,0,17,61,37,14,1,0.333333333333333,0.4,0,0.0666666666666667,0.933333333333333
"2017-03-26","鏡野町長選挙","鏡野町","岡山県",0,1,0,1,63,63,1,0,0,0,0,0,1
"2017-03-26","静岡市議会議員選挙","静岡市","静岡県",1,0,0,59,61,33,43,5,0.229166666666667,0.395833333333333,0.458333333333333,0.104166666666667,0.416666666666667
"2017-03-26","飯島町議会議員選挙","飯島町","長野県",1,0,0,12,66,36,7,5,0.0833333333333333,0.583333333333333,0.0833333333333333,0.166666666666667,0.75
"2017-03-26","香芝市議会議員選挙","香芝市","奈良県",1,0,0,23,57,38,16,0,0.1875,0.25,0.1875,0,0.5625
"2017-03-26","高根沢町議会議員補欠選挙","高根沢町","栃木県",1,0,1,2,57,57,1,0,0,0,0,0,1
"2017-03-26","高根沢町長選挙","高根沢町","栃木県",0,1,0,2,57,57,1,0,0,0,0,0,1
"2017-04-02","みやき町議会議員補欠選挙","みやき町","佐賀県",1,0,1,3,63,63,1,0,0,0,0,0,1
"2017-04-02","みやき町長選挙","みやき町","佐賀県",0,1,0,1,60,60,1,0,0,0,0,0,1
"2017-04-02","坂東市長選挙","坂東市","茨城県",0,1,0,2,61,61,1,0,1,0,0,0,1
"2017-04-02","氷見市長選挙","氷見市","富山県",0,1,0,3,60,60,1,0,1,0,0,0,1
"2017-04-02","赤穂市議会議員選挙","赤穂市","兵庫県",1,0,0,21,61.5,26,17,1,0.222222222222222,0.388888888888889,0.111111111111111,0.111111111111111,0.722222222222222
"2017-04-02","音更町議会議員補欠選挙","音更町","北海道",1,0,1,2,46,46,0,1,1,0,0,0,1
"2017-04-02","音更町長選挙","音更町","北海道",0,1,0,1,68,68,1,0,1,1,0,0,1
"2017-04-02","館林市議会議員補欠選挙","館林市","群馬県",1,0,1,3,65,65,0,1,1,1,0,0,1
"2017-04-02","館林市長選挙","館林市","群馬県",0,1,0,3,49,49,1,0,1,0,0,0,1
"2017-04-09","中富良野町議会議員選挙","中富良野町","北海道",1,0,0,11,66,46,9,1,0.1,0.6,0,0,1
"2017-04-09","中泊町長選挙","中泊町","青森県",0,1,0,2,57,57,1,0,1,0,0,0,1
"2017-04-09","佐久穂町議会議員選挙","佐久穂町","長野県",1,0,0,15,63,42,11,3,0.357142857142857,0.428571428571429,0.0714285714285714,0.214285714285714,0.714285714285714
"2017-04-09","佐久穂町長選挙","佐久穂町","長野県",0,1,0,2,57,57,1,0,1,0,0,0,1
"2017-04-09","佐伯市議会議員選挙","佐伯市","大分県",1,0,0,26,62,36,23,2,0.28,0.32,0.16,0.08,0.72
"2017-04-09","佐伯市長選挙","佐伯市","大分県",0,1,0,1,65,65,1,0,1,1,0,0,1
"2017-04-09","佐野市議会議員選挙","佐野市","栃木県",1,0,0,29,63,37,23,1,0.166666666666667,0.291666666666667,0.291666666666667,0.0833333333333333,0.625
"2017-04-09","佐野市長選挙","佐野市","栃木県",0,1,0,1,78,78,1,0,0,1,0,0,1
"2017-04-09","備前市長選挙","備前市","岡山県",0,1,0,3,72,72,1,0,1,1,0,0,1
"2017-04-09","出雲市議会議員選挙","出雲市","島根県",1,0,0,35,60,40,30,2,0.25,0.28125,0.09375,0.03125,0.875
"2017-04-09","出雲市長選挙","出雲市","島根県",0,1,0,2,66,66,1,0,0,1,0,0,1
"2017-04-09","北秋田市長選挙","北秋田市","秋田県",0,1,0,1,65,65,1,0,0,1,0,0,1
"2017-04-09","南箕輪村長選挙","南箕輪村","長野県",0,1,0,1,68,68,1,0,0,1,0,0,1
"2017-04-09","大仙市議会議員補欠選挙","大仙市","秋田県",1,0,1,3,57,52,2,0,1,0,0,0,1
"2017-04-09","大仙市長選挙","大仙市","秋田県",0,1,0,2,62,62,1,0,1,0,0,0,1
"2017-04-09","大任町長選挙","大任町","福岡県",0,1,0,1,63,63,1,0,0,0,0,0,1
"2017-04-09","太田市議会議員補欠選挙","太田市","群馬県",1,0,1,4,50.5,42,2,0,1,0,0,0,1
"2017-04-09","太田市長選挙","太田市","群馬県",0,1,0,3,75,75,1,0,0,1,0,0,1
"2017-04-09","小坂町長選挙","小坂町","秋田県",0,1,0,1,69,69,1,0,0,1,0,0,1
"2017-04-09","小平市議会議員補欠選挙","小平市","東京都",1,0,1,3,49,49,0,1,1,0,0,0,1
"2017-04-09","小平市長選挙","小平市","東京都",0,1,0,3,64,64,1,0,0,0,0,0,1
"2017-04-09","山陽小野田市長選挙","山陽小野田市","山口県",0,1,0,2,57,57,1,0,1,0,0,0,1
"2017-04-09","庄原市議会議員選挙","庄原市","広島県",1,0,0,24,64.5,34,18,2,0.2,0.5,0.05,0.1,0.85
"2017-04-09","庄原市長選挙","庄原市","広島県",0,1,0,2,63,63,1,0,0,0,0,0,1
"2017-04-09","愛南町議会議員選挙","愛南町","愛媛県",1,0,0,17,64.5,54,15,1,0.1875,0.5,0.0625,0.0625,0.875
"2017-04-09","東北町長選挙","東北町","青森県",0,1,0,3,57,57,1,0,1,0,0,0,1
"2017-04-09","東秩父村議会議員選挙","東秩父村","埼玉県",1,0,0,8,61,43,6,2,0.375,0.375,0,0,1
"2017-04-09","湯川村議会議員選挙","湯川村","福島県",1,0,0,12,65,46,9,1,0.3,0.5,0,0.1,0.9
"2017-04-09","湯沢市議会議員補欠選挙","湯沢市","秋田県",1,0,1,2,50,40,2,0,1,0,0,0.5,0.5
"2017-04-09","湯沢市長選挙","湯沢市","秋田県",0,1,0,4,66,66,1,0,0,1,0,0,1
"2017-04-09","潟上市議会議員補欠選挙","潟上市","秋田県",1,0,1,3,46,44,2,0,0.5,0,0,0,1
"2017-04-09","潟上市長選挙","潟上市","秋田県",0,1,0,2,56,56,1,0,1,0,0,0,1
"2017-04-09","田村市議会議員補欠選挙","田村市","福島県",1,0,1,2,63,63,1,0,1,0,0,0,1
"2017-04-09","田村市長選挙","田村市","福島県",0,1,0,2,54,54,1,0,1,0,0,0,1
"2017-04-09","由利本荘市長選挙","由利本荘市","秋田県",0,1,0,1,66,66,1,0,0,1,0,0,1
"2017-04-09","男鹿市議会議員補欠選挙","男鹿市","秋田県",1,0,1,2,37,37,1,0,1,0,0,0,1
"2017-04-09","男鹿市長選挙","男鹿市","秋田県",0,1,0,2,65,65,1,0,1,1,0,0,1
"2017-04-09","秋田市長選挙","秋田市","秋田県",0,1,0,2,60,60,1,0,0,0,0,0,1
"2017-04-09","筑西市長選挙","筑西市","茨城県",0,1,0,1,65,65,1,0,0,1,0,0,1
"2017-04-09","羽後町長選挙","羽後町","秋田県",0,1,0,1,64,64,1,0,0,0,0,0,1
"2017-04-09","菊池市議会議員補欠選挙","菊池市","熊本県",1,0,1,2,48,48,1,0,1,0,0,0,1
"2017-04-09","菊池市長選挙","菊池市","熊本県",0,1,0,2,63,63,1,0,0,0,0,0,1
"2017-04-16","かほく市議会議員選挙","かほく市","石川県",1,0,0,16,64,42,14,1,0.2,0.466666666666667,0.266666666666667,0.0666666666666667,0.6
"2017-04-16","さくら市長選挙","さくら市","栃木県",0,1,0,2,57,57,1,0,1,0,0,0,1
"2017-04-16","さつま町議会議員選挙","さつま町","鹿児島県",1,0,0,16,66,58,16,0,0.25,0.625,0,0,1
"2017-04-16","さつま町長選挙","さつま町","鹿児島県",0,1,0,1,72,72,1,0,0,1,0,0,1
"2017-04-16","七戸町長選挙","七戸町","青森県",0,1,0,1,68,68,1,0,0,1,0,0,1
"2017-04-16","三原市議会議員選挙","三原市","広島県",1,0,0,28,63,41,22,4,0.192307692307692,0.384615384615385,0.115384615384615,0.0384615384615385,0.846153846153846
"2017-04-16","三原市長選挙","三原市","広島県",0,1,0,2,70,70,1,0,0,1,0,0,1
"2017-04-16","上勝町長選挙","上勝町","徳島県",0,1,0,1,59,59,1,0,0,0,0,0,1
"2017-04-16","串本町議会議員選挙","串本町","和歌山県",1,0,0,19,64,39,15,0,0.2,0.4,0,0.0666666666666667,0.933333333333333
"2017-04-16","串本町長選挙","串本町","和歌山県",0,1,0,2,58,58,1,0,0,0,0,0,1
"2017-04-16","丸亀市議会議員選挙","丸亀市","香川県",1,0,0,32,60,35,22,3,0.2,0.28,0.48,0.12,0.4
"2017-04-16","丸亀市長選挙","丸亀市","香川県",0,1,0,2,64,64,1,0,0,0,0,0,1
"2017-04-16","久万高原町議会議員選挙","久万高原町","愛媛県",1,0,0,16,65,42,12,1,0.230769230769231,0.538461538461538,0,0,1
"2017-04-16","伊丹市長選挙","伊丹市","兵庫県",0,1,0,1,62,62,1,0,0,0,0,0,1
"2017-04-16","伊予市議会議員選挙","伊予市","愛媛県",1,0,0,21,65,44,18,1,0.157894736842105,0.526315789473684,0.315789473684211,0.0526315789473684,0.631578947368421
"2017-04-16","伊予市長選挙","伊予市","愛媛県",0,1,0,2,60,60,1,0,0,0,0,0,1
"2017-04-16","伊方町議会議員選挙","伊方町","愛媛県",1,0,0,18,61.5,37,16,0,0.1875,0.3125,0,0,1
"2017-04-16","伊江村議会議員補欠選挙","伊江村","沖縄県",1,0,1,1,60,60,1,0,1,0,0,0,1
"2017-04-16","伊江村長選挙","伊江村","沖縄県",0,1,0,2,64,64,1,0,0,0,0,0,1
"2017-04-16","伊豆の国市議会議員選挙","伊豆の国市","静岡県",1,0,0,24,62,30,NA,NA,0.529411764705882,0.176470588235294,0.0588235294117647,0.117647058823529,0.823529411764706
"2017-04-16","伊豆の国市長選挙","伊豆の国市","静岡県",0,1,0,3,72,72,0,1,0,1,0,0,1
"2017-04-16","佐久市議会議員選挙","佐久市","長野県",1,0,0,31,61,40,20,6,0.307692307692308,0.269230769230769,0.153846153846154,0.115384615384615,0.730769230769231
"2017-04-16","佐久市長選挙","佐久市","長野県",0,1,0,2,47,47,1,0,0,0,0,0,1
"2017-04-16","八幡浜市長選挙","八幡浜市","愛媛県",0,1,0,1,52,52,1,0,0,0,0,0,1
"2017-04-16","八頭町議会議員選挙","八頭町","鳥取県",1,0,0,14,62.5,38,11,3,0.214285714285714,0.428571428571429,0.0714285714285714,0.0714285714285714,0.857142857142857
"2017-04-16","十津川村長選挙","十津川村","奈良県",0,1,0,3,70,70,1,0,0,1,0,0,1
"2017-04-16","南大隅町議会議員選挙","南大隅町","鹿児島県",1,0,0,15,63.5,53,9,3,0.25,0.333333333333333,0,0,1
"2017-04-16","南大隅町長選挙","南大隅町","鹿児島県",0,1,0,3,58,58,1,0,0,0,0,0,1
"2017-04-16","和束町長選挙","和束町","京都府",0,1,0,2,71,71,1,0,0,1,0,0,1
"2017-04-16","塩谷町議会議員選挙","塩谷町","栃木県",1,0,0,22,63,46,12,0,0.416666666666667,0.416666666666667,0.0833333333333333,0.0833333333333333,0.75
"2017-04-16","大垣市議会議員補欠選挙","大垣市","岐阜県",1,0,1,2,44,44,1,0,1,0,1,0,0
"2017-04-16","大垣市長選挙","大垣市","岐阜県",0,1,0,1,66,66,1,0,0,1,0,0,1
"2017-04-16","大山町議会議員選挙","大山町","鳥取県",1,0,0,19,64.5,31,14,2,0.1875,0.5,0.0625,0.0625,0.875
"2017-04-16","大山町長選挙","大山町","鳥取県",0,1,0,2,35,35,1,0,1,0,0,0,1
"2017-04-16","大河原町議会議員選挙","大河原町","宮城県",1,0,0,16,66,39,14,1,0.133333333333333,0.533333333333333,0.133333333333333,0.0666666666666667,0.733333333333333
"2017-04-16","宇佐市長選挙","宇佐市","大分県",0,1,0,1,61,61,1,0,0,0,0,0,1
"2017-04-16","宝塚市長選挙","宝塚市","兵庫県",0,1,0,3,69,69,0,1,0,1,0,0,1
"2017-04-16","富山市議会議員選挙","富山市","富山県",1,0,0,58,55.5,32,34,4,0.184210526315789,0.263157894736842,0.684210526315789,0.131578947368421,0.0526315789473684
"2017-04-16","富山市長選挙","富山市","富山県",0,1,0,2,64,64,1,0,0,0,0,0,1
"2017-04-16","山梨市議会議員選挙","山梨市","山梨県",1,0,0,19,62.5,39,15,3,0.166666666666667,0.444444444444444,0.111111111111111,0.0555555555555556,0.833333333333333
"2017-04-16","島本町議会議員選挙","島本町","大阪府",1,0,0,18,55,35,NA,NA,NA,0.142857142857143,0.357142857142857,0.0714285714285714,0.357142857142857
"2017-04-16","島本町長選挙","島本町","大阪府",0,1,0,3,32,32,NA,NA,1,0,0,0,1
"2017-04-16","御杖村議会議員選挙","御杖村","奈良県",1,0,0,8,69,44,8,0,0.25,0.625,0,0,1
"2017-04-16","掛川市議会議員選挙","掛川市","静岡県",1,0,0,25,56,34,17,4,0.428571428571429,0.238095238095238,0.0476190476190476,0.0476190476190476,0.857142857142857
"2017-04-16","掛川市長選挙","掛川市","静岡県",0,1,0,2,70,70,1,0,0,1,0,0,1
"2017-04-16","新上五島町議会議員選挙","新上五島町","長崎県",1,0,0,17,62,54,13,3,0.0625,0.25,0,0,0.9375
"2017-04-16","新見市議会議員選挙","新見市","岡山県",1,0,0,18,62,47,16,2,0.166666666666667,0.333333333333333,0.0555555555555556,0.0555555555555556,0.888888888888889
"2017-04-16","日南市議会議員補欠選挙","日南市","宮崎県",1,0,1,6,47.5,38,2,0,1,0,0,0.5,0.5
"2017-04-16","日南市長選挙","日南市","宮崎県",0,1,0,2,37,37,1,0,0,0,0,0,1
"2017-04-16","日野市長選挙","日野市","東京都",0,1,0,2,59,59,1,0,0,0,0,0,1
"2017-04-16","松江市議会議員選挙","松江市","島根県",1,0,0,41,62,34,28,6,0.205882352941176,0.411764705882353,0.147058823529412,0.0882352941176471,0.764705882352941
"2017-04-16","松江市長選挙","松江市","島根県",0,1,0,2,69,69,1,0,0,1,0,0,1
"2017-04-16","柳川市長選挙","柳川市","福岡県",0,1,0,1,68,68,1,0,0,1,0,0,1
"2017-04-16","桶川市議会議員補欠選挙","桶川市","埼玉県",1,0,1,3,34,34,1,0,1,0,0,0,1
"2017-04-16","桶川市長選挙","桶川市","埼玉県",0,1,0,1,48,48,1,0,0,0,0,0,1
"2017-04-16","森町議会議員選挙","森町","静岡県",1,0,0,12,61.5,53,11,1,0.166666666666667,0.333333333333333,0,0.0833333333333333,0.833333333333333
"2017-04-16","榛東村議会議員選挙","榛東村","群馬県",1,0,0,15,61.5,36,13,1,0.428571428571429,0.428571428571429,0.0714285714285714,0.0714285714285714,0.857142857142857
"2017-04-16","海南市長選挙","海南市","和歌山県",0,1,0,1,66,66,1,0,0,1,0,0,1
"2017-04-16","湧水町議会議員選挙","湧水町","鹿児島県",1,0,0,13,61,52,11,1,0.5,0.25,0,0,1
"2017-04-16","湧水町長選挙","湧水町","鹿児島県",0,1,0,3,56,56,1,0,1,0,0,0,1
"2017-04-16","真庭市議会議員選挙","真庭市","岡山県",1,0,0,26,64,49,22,2,0.166666666666667,0.416666666666667,0.0833333333333333,0.0416666666666667,0.833333333333333
"2017-04-16","真庭市長選挙","真庭市","岡山県",0,1,0,1,65,65,1,0,0,1,0,0,1
"2017-04-16","砺波市議会議員選挙","砺波市","富山県",1,0,0,19,66.5,39,16,2,0.0555555555555556,0.555555555555556,0,0.0555555555555556,0.944444444444444
"2017-04-16","磐田市議会議員選挙","磐田市","静岡県",1,0,0,32,60,35,24,2,0.346153846153846,0.230769230769231,0.0769230769230769,0.0769230769230769,0.807692307692308
"2017-04-16","磐田市長選挙","磐田市","静岡県",0,1,0,2,66,66,1,0,0,1,0,0,1
"2017-04-16","稲敷市長選挙","稲敷市","茨城県",0,1,0,2,68,68,1,0,0,1,0,0,1
"2017-04-16","竹田市議会議員選挙","竹田市","大分県",1,0,0,18,62,42,15,1,0.1875,0.25,0,0.0625,0.9375
"2017-04-16","竹田市長選挙","竹田市","大分県",0,1,0,3,63,63,1,0,0,0,0,0,1
"2017-04-16","筑前町長選挙","筑前町","福岡県",0,1,0,1,66,66,1,0,0,1,0,0,1
"2017-04-16","米子市長選挙","米子市","鳥取県",0,1,0,3,43,43,1,0,1,0,0,0,1
"2017-04-16","粕屋町議会議員選挙","粕屋町","福岡県",1,0,0,19,65.5,33,14,2,0.25,0.5,0.125,0.125,0.75
"2017-04-16","糸魚川市議会議員選挙","糸魚川市","新潟県",1,0,0,22,65,43,19,1,0.25,0.5,0.05,0.1,0.85
"2017-04-16","糸魚川市長選挙","糸魚川市","新潟県",0,1,0,2,68,68,1,0,0,1,0,0,1
"2017-04-16","美作市議会議員選挙","美作市","岡山県",1,0,0,25,67,42,16,2,0.277777777777778,0.611111111111111,0.111111111111111,0.0555555555555556,0.833333333333333
"2017-04-16","美咲町議会議員選挙","美咲町","岡山県",1,0,0,16,63,31,12,2,0.214285714285714,0.357142857142857,0.0714285714285714,0.0714285714285714,0.857142857142857
"2017-04-16","美咲町長選挙","美咲町","岡山県",0,1,0,2,68,68,1,0,0,1,0,0,1
"2017-04-16","若狭町議会議員選挙","若狭町","福井県",1,0,0,14,68.5,36,14,0,0.142857142857143,0.642857142857143,0.0714285714285714,0.0714285714285714,0.857142857142857
"2017-04-16","若狭町長選挙","若狭町","福井県",0,1,0,2,68,68,1,0,0,1,0,0,1
"2017-04-16","袋井市議会議員選挙","袋井市","静岡県",1,0,0,22,64,30,18,2,0.3,0.4,0.05,0.1,0.85
"2017-04-16","袋井市長選挙","袋井市","静岡県",0,1,0,1,74,74,1,0,0,1,0,0,1
"2017-04-16","西伊豆町議会議員選挙","西伊豆町","静岡県",1,0,0,12,66,58,11,0,0.181818181818182,0.545454545454545,0.0909090909090909,0.0909090909090909,0.818181818181818
"2017-04-16","西伊豆町長選挙","西伊豆町","静岡県",0,1,0,2,39,39,1,0,1,0,0,0,1
"2017-04-16","豊前市議会議員補欠選挙","豊前市","福岡県",1,0,1,2,47,47,0,1,1,0,0,0,1
"2017-04-16","豊前市長選挙","豊前市","福岡県",0,1,0,1,66,66,1,0,0,1,0,0,1
"2017-04-16","豊後大野市議会議員選挙","豊後大野市","大分県",1,0,0,23,63,43,NA,NA,0.277777777777778,0.388888888888889,0,0.0555555555555556,0.944444444444444
"2017-04-16","豊後大野市長選挙","豊後大野市","大分県",0,1,0,2,58,58,1,0,1,0,0,0,1
"2017-04-16","豊後高田市長選挙","豊後高田市","大分県",0,1,0,2,74,74,1,0,1,1,0,0,1
"2017-04-16","豊頃町長選挙","豊頃町","北海道",0,1,0,1,76,76,1,0,0,1,0,0,1
"2017-04-16","邑南町議会議員選挙","邑南町","島根県",1,0,0,17,63,43,14,1,0,0.4,0.0666666666666667,0,0.933333333333333
"2017-04-16","郡山市議会議員補欠選挙","郡山市","福島県",1,0,1,4,53,49,2,0,1,0,0,0,0.5
"2017-04-16","郡山市長選挙","郡山市","福島県",0,1,0,2,72,72,1,0,0,1,0,0,1
"2017-04-16","錦江町議会議員選挙","錦江町","鹿児島県",1,0,0,12,65,58,11,1,0.0833333333333333,0.583333333333333,0,0,1
"2017-04-16","長門市議会議員選挙","長門市","山口県",1,0,0,21,56,40,15,3,0.333333333333333,0.222222222222222,0.0555555555555556,0.0555555555555556,0.888888888888889
"2017-04-16","阿武町長選挙","阿武町","山口県",0,1,0,1,61,61,1,0,1,0,0,0,1
"2017-04-16","阿波市長選挙","阿波市","徳島県",0,1,0,2,66,66,1,0,1,1,0,0,1
"2017-04-16","隠岐の島町議会議員選挙","隠岐の島町","島根県",1,0,0,17,66,36,16,0,0.1875,0.625,0,0.0625,0.9375
"2017-04-16","飯田市議会議員選挙","飯田市","長野県",1,0,0,25,62,34,21,2,0.217391304347826,0.260869565217391,0.130434782608696,0.0869565217391304,0.782608695652174
"2017-04-16","鬼北町議会議員選挙","鬼北町","愛媛県",1,0,0,16,61,52,11,1,0.333333333333333,0.333333333333333,0.0833333333333333,0,0.916666666666667
"2017-04-16","鬼北町長選挙","鬼北町","愛媛県",0,1,0,2,54,54,1,0,1,0,0,0,1
"2017-04-16","鳥羽市議会議員補欠選挙","鳥羽市","三重県",1,0,1,2,61,61,1,0,1,0,0,0,1
"2017-04-16","鳥羽市長選挙","鳥羽市","三重県",0,1,0,1,58,58,1,0,1,0,0,0,1
"2017-04-23","うるま市長選挙","うるま市","沖縄県",0,1,0,2,64,64,1,0,0,0,0,0,1
"2017-04-23","上天草市議会議員選挙","上天草市","熊本県",1,0,0,19,63,46,14,2,0.0625,0.375,0,0.0625,0.9375
"2017-04-23","与那原町議会議員選挙","与那原町","沖縄県",1,0,0,15,61,29,14,0,0.214285714285714,0.357142857142857,0.0714285714285714,0.0714285714285714,0.857142857142857
"2017-04-23","中川村議会議員補欠選挙","中川村","長野県",1,0,1,1,66,66,1,0,1,1,0,0,1
"2017-04-23","中川村長選挙","中川村","長野県",0,1,0,2,62,62,1,0,1,0,0,0,1
"2017-04-23","丹波山村長選挙","丹波山村","山梨県",0,1,0,1,64,64,1,0,1,0,0,0,1
"2017-04-23","井原市議会議員選挙","井原市","岡山県",1,0,0,21,61,43,19,1,0.25,0.25,0.05,0.05,0.9
"2017-04-23","仁木町長選挙","仁木町","北海道",0,1,0,1,41,41,1,0,0,0,0,0,1
"2017-04-23","伯耆町議会議員選挙","伯耆町","鳥取県",1,0,0,14,65.5,35,13,1,0.142857142857143,0.642857142857143,0.0714285714285714,0.142857142857143,0.714285714285714
"2017-04-23","内子町議会議員選挙","内子町","愛媛県",1,0,0,16,64,44,15,0,0.2,0.466666666666667,0.0666666666666667,0.0666666666666667,0.866666666666667
"2017-04-23","北相木村議会議員補欠選挙","北相木村","長野県",1,0,1,1,57,57,1,0,1,0,0,0,1
"2017-04-23","北相木村長選挙","北相木村","長野県",0,1,0,2,69,69,1,0,0,1,0,0,1
"2017-04-23","十日町市議会議員選挙","十日町市","新潟県",1,0,0,27,62,32,20,4,0.25,0.416666666666667,0.0416666666666667,0.125,0.833333333333333
"2017-04-23","十日町市長選挙","十日町市","新潟県",0,1,0,2,58,58,1,0,0,0,0,0,1
"2017-04-23","千早赤阪村議会議員選挙","千早赤阪村","大阪府",1,0,0,9,68,39,6,1,0.571428571428571,0.714285714285714,0.142857142857143,0.142857142857143,0.714285714285714
"2017-04-23","古平町長選挙","古平町","北海道",0,1,0,1,59,59,1,0,1,0,0,0,1
"2017-04-23","各務原市長選挙","各務原市","岐阜県",0,1,0,2,45,45,1,0,0,0,0,0,1
"2017-04-23","吉見町長選挙","吉見町","埼玉県",0,1,0,2,49,49,1,0,1,0,0,0,1
"2017-04-23","名古屋市長選挙","名古屋市","愛知県",0,1,0,3,68,68,1,0,0,1,0,0,1
"2017-04-23","四万十市議会議員補欠選挙","四万十市","高知県",1,0,1,3,52.5,42,2,0,1,0,0,0,1
"2017-04-23","四万十市長選挙","四万十市","高知県",0,1,0,2,60,60,1,0,0,0,0,0,1
"2017-04-23","四国中央市長選挙","四国中央市","愛媛県",0,1,0,2,67,67,1,0,0,1,0,0,1
"2017-04-23","国富町議会議員選挙","国富町","宮崎県",1,0,0,14,63,50,11,2,0.307692307692308,0.384615384615385,0.0769230769230769,0.153846153846154,0.692307692307692
"2017-04-23","大泉町議会議員選挙","大泉町","群馬県",1,0,0,22,57,25,14,1,0.4,0.266666666666667,0.0666666666666667,0.0666666666666667,0.866666666666667
"2017-04-23","大泉町長選挙","大泉町","群馬県",0,1,0,1,54,54,1,0,0,0,0,0,1
"2017-04-23","天龍村議会議員選挙","天龍村","長野県",1,0,0,8,62,47,7,1,0.25,0.25,0,0,1
"2017-04-23","奥出雲町議会議員選挙","奥出雲町","島根県",1,0,0,15,67.5,51,13,1,0.285714285714286,0.785714285714286,0.0714285714285714,0.142857142857143,0.785714285714286
"2017-04-23","小海町議会議員選挙","小海町","長野県",1,0,0,14,68,46,11,1,0.416666666666667,0.75,0,0.166666666666667,0.833333333333333
"2017-04-23","小郡市議会議員補欠選挙","小郡市","福岡県",1,0,1,2,46,46,0,1,1,0,0,0,1
"2017-04-23","小郡市長選挙","小郡市","福岡県",0,1,0,2,52,52,1,0,1,0,0,0,1
"2017-04-23","岩泉町議会議員選挙","岩泉町","岩手県",1,0,0,15,65,46,13,1,0.142857142857143,0.571428571428571,0,0.0714285714285714,0.928571428571429
"2017-04-23","川辺町長選挙","川辺町","岐阜県",0,1,0,2,60,60,1,0,0,0,0,0,1
"2017-04-23","彦根市長選挙","彦根市","滋賀県",0,1,0,3,53,53,1,0,0,0,0,0,1
"2017-04-23","愛別町長選挙","愛別町","北海道",0,1,0,2,63,63,1,0,0,0,0,0,1
"2017-04-23","愛西市長選挙","愛西市","愛知県",0,1,0,2,43,43,1,0,0,0,0,0,1
"2017-04-23","新冠町議会議員補欠選挙","新冠町","北海道",1,0,1,1,66,66,1,0,1,1,0,0,1
"2017-04-23","新冠町長選挙","新冠町","北海道",0,1,0,2,66,66,1,0,1,1,0,0,1
"2017-04-23","朝来市長選挙","朝来市","兵庫県",0,1,0,1,67,67,1,0,0,1,0,0,1
"2017-04-23","木曽岬町議会議員選挙","木曽岬町","三重県",1,0,0,10,61,31,7,1,0.375,0.375,0,0,1
"2017-04-23","木曽岬町長選挙","木曽岬町","三重県",0,1,0,1,72,72,1,0,0,1,0,0,1
"2017-04-23","東松島市議会議員選挙","東松島市","宮城県",1,0,0,20,62.5,32,16,2,0.277777777777778,0.388888888888889,0.0555555555555556,0.0555555555555556,0.888888888888889
"2017-04-23","東松島市長選挙","東松島市","宮城県",0,1,0,3,69,69,1,0,1,1,0,0,1
"2017-04-23","東海市長選挙","東海市","愛知県",0,1,0,1,71,71,1,0,0,1,0,0,1
"2017-04-23","栄村議会議員選挙","栄村","長野県",1,0,0,12,67,54,10,0,0.4,0.7,0,0.1,0.9
"2017-04-23","栗原市議会議員選挙","栗原市","宮城県",1,0,0,28,65.5,33,26,0,0.153846153846154,0.576923076923077,0.0384615384615385,0.230769230769231,0.730769230769231
"2017-04-23","栗原市長選挙","栗原市","宮城県",0,1,0,2,60,60,1,0,1,0,0,0,1
"2017-04-23","武豊町長選挙","武豊町","愛知県",0,1,0,1,69,69,1,0,0,1,0,0,1
"2017-04-23","浪江町議会議員選挙","浪江町","福島県",1,0,0,17,62.5,36,14,2,0.25,0.4375,0,0.0625,0.9375
"2017-04-23","海津市長選挙","海津市","岐阜県",0,1,0,3,71,71,1,0,0,1,0,0,1
"2017-04-23","淡路市長選挙","淡路市","兵庫県",0,1,0,2,71,71,1,0,0,1,0,0,1
"2017-04-23","清川村議会議員選挙","清川村","神奈川県",1,0,0,11,63.5,42,10,0,0.4,0.4,0,0.1,0.9
"2017-04-23","湯梨浜町議会議員選挙","湯梨浜町","鳥取県",1,0,0,12,65,55,10,2,0,0.5,0.0833333333333333,0.166666666666667,0.75
"2017-04-23","瑞穂町長選挙","瑞穂町","東京都",0,1,0,3,63,63,1,0,1,0,0,0,1
"2017-04-23","田辺市議会議員選挙","田辺市","和歌山県",1,0,0,26,53,26,19,3,0.318181818181818,0.136363636363636,0.181818181818182,0.136363636363636,0.681818181818182
"2017-04-23","田辺市長選挙","田辺市","和歌山県",0,1,0,1,59,59,1,0,0,0,0,0,1
"2017-04-23","田野町長選挙","田野町","高知県",0,1,0,2,64,64,1,0,1,0,0,0,1
"2017-04-23","登米市議会議員選挙","登米市","宮城県",1,0,0,28,62,33,23,3,0.230769230769231,0.461538461538462,0.0769230769230769,0.115384615384615,0.807692307692308
"2017-04-23","登米市長選挙","登米市","宮城県",0,1,0,2,66,66,1,0,1,1,0,0,1
"2017-04-23","白馬村議会議員選挙","白馬村","長野県",1,0,0,13,63,34,8,4,0.166666666666667,0.5,0,0.0833333333333333,0.916666666666667
"2017-04-23","相良村議会議員選挙","相良村","熊本県",1,0,0,11,64,57,8,2,0.2,0.4,0,0,1
"2017-04-23","真岡市長選挙","真岡市","栃木県",0,1,0,1,61,61,1,0,1,0,0,0,1
"2017-04-23","石巻市議会議員補欠選挙","石巻市","宮城県",1,0,1,5,45.5,37,2,0,1,0,0,0,1
"2017-04-23","石巻市長選挙","石巻市","宮城県",0,1,0,4,74,74,1,0,0,1,0,0,1
"2017-04-23","福崎町議会議員選挙","福崎町","兵庫県",1,0,0,15,61.5,34,13,1,0.142857142857143,0.428571428571429,0.0714285714285714,0.142857142857143,0.785714285714286
"2017-04-23","秩父市長選挙","秩父市","埼玉県",0,1,0,2,62,62,1,0,0,0,0,0,1
"2017-04-23","能勢町議会議員選挙","能勢町","大阪府",1,0,0,13,58.5,36,9,3,0.333333333333333,0.0833333333333333,0.166666666666667,0.0833333333333333,0.75
"2017-04-23","茂原市議会議員選挙","茂原市","千葉県",1,0,0,25,62.5,43,19,3,0.136363636363636,0.454545454545455,0.181818181818182,0.0909090909090909,0.681818181818182
"2017-04-23","西海市議会議員選挙","西海市","長崎県",1,0,0,20,63.5,34,17,1,0.166666666666667,0.388888888888889,0.0555555555555556,0.0555555555555556,0.888888888888889
"2017-04-23","西海市長選挙","西海市","長崎県",0,1,0,2,64,64,1,0,1,0,0,0,1
"2017-04-23","豊岡市議会議員補欠選挙","豊岡市","兵庫県",1,0,1,1,50,50,1,0,1,0,0,0,1
"2017-04-23","豊岡市長選挙","豊岡市","兵庫県",0,1,0,1,62,62,1,0,0,0,0,0,1
"2017-04-23","足利市議会議員補欠選挙","足利市","栃木県",1,0,1,4,41,31,1,1,1,0,0,0,1
"2017-04-23","足利市長選挙","足利市","栃木県",0,1,0,1,53,53,1,0,0,0,0,0,1
"2017-04-23","那須塩原市議会議員選挙","那須塩原市","栃木県",1,0,0,34,58.5,38,24,2,0.230769230769231,0.230769230769231,0.153846153846154,0.0384615384615385,0.807692307692308
"2017-04-23","銚子市議会議員補欠選挙","銚子市","千葉県",1,0,1,2,39,39,1,0,1,0,0,0,1
"2017-04-23","銚子市長選挙","銚子市","千葉県",0,1,0,3,55,55,1,0,0,0,0,0,1
"2017-04-23","鎌倉市議会議員選挙","鎌倉市","神奈川県",1,0,0,37,55.5,33,16,10,0.230769230769231,0.153846153846154,0.230769230769231,0.115384615384615,0.538461538461538
"2017-04-23","長洲町長選挙","長洲町","熊本県",0,1,0,1,62,62,1,0,0,0,0,0,1
"2017-04-23","阿賀町議会議員選挙","阿賀町","新潟県",1,0,0,15,67.5,32,12,0,0.0833333333333333,0.833333333333333,0,0.0833333333333333,0.916666666666667
"2017-04-23","青木村議会議員選挙","青木村","長野県",1,0,0,11,68,44,9,1,0.3,0.8,0,0.1,0.9
"2017-04-23","青木村長選挙","青木村","長野県",0,1,0,1,74,74,1,0,0,1,0,0,1
"2017-04-23","飯能市議会議員選挙","飯能市","埼玉県",1,0,0,26,61,42,15,4,0.157894736842105,0.368421052631579,0.157894736842105,0.210526315789474,0.526315789473684
"2017-04-30","共和町長選挙","共和町","北海道",0,1,0,3,73,73,1,0,0,1,0,0,1
"2017-04-30","利尻町議会議員補欠選挙","利尻町","北海道",1,0,1,1,58,58,1,0,1,0,0,0,1
"2017-04-30","利尻町長選挙","利尻町","北海道",0,1,0,3,69,69,1,0,0,1,0,0,1
"2017-04-30","南伊豆町議会議員補欠選挙","南伊豆町","静岡県",1,0,1,1,68,68,1,0,0,1,0,0,1
"2017-04-30","南伊豆町長選挙","南伊豆町","静岡県",0,1,0,2,54,54,1,0,1,0,0,0,1
"2017-04-30","宍粟市議会議員選挙","宍粟市","兵庫県",1,0,0,20,60.5,38,16,2,0.5,0.222222222222222,0.166666666666667,0.0555555555555556,0.777777777777778
"2017-04-30","宍粟市長選挙","宍粟市","兵庫県",0,1,0,2,63,63,1,0,0,0,0,0,1
"2017-04-30","生坂村議会議員選挙","生坂村","長野県",1,0,0,7,67,43,7,0,0.428571428571429,0.857142857142857,0,0.142857142857143,0.857142857142857
"2017-04-30","香美町議会議員選挙","香美町","兵庫県",1,0,0,16,66,42,15,1,0.125,0.5625,0.0625,0.125,0.8125
"2017-04-30","香美町長選挙","香美町","兵庫県",0,1,0,2,55,55,1,0,0,0,0,0,1
"2017-05-14","吉野川市議会議員選挙","吉野川市","徳島県",1,0,0,21,61,43,19,1,0.05,0.4,0.05,0.05,0.9
"2017-05-14","坂出市長選挙","坂出市","香川県",0,1,0,1,64,64,1,0,0,0,0,0,1
"2017-05-14","常陸太田市議会議員補欠選挙","常陸太田市","茨城県",1,0,1,5,63,62,3,0,1,0.333333333333333,0,0,1
"2017-05-14","常陸太田市長選挙","常陸太田市","茨城県",0,1,0,1,77,77,1,0,0,1,0,0,1
"2017-05-14","座間味村長選挙","座間味村","沖縄県",0,1,0,1,49,49,1,0,0,0,0,0,1
"2017-05-14","松伏町長選挙","松伏町","埼玉県",0,1,0,2,62,62,1,0,1,0,0,0,1
"2017-05-14","河内町長選挙","河内町","茨城県",0,1,0,1,61,61,1,0,0,0,0,0,1
"2017-05-14","精華町議会議員選挙","精華町","京都府",1,0,0,23,64.5,48,13,5,0.166666666666667,0.5,0.111111111111111,0.222222222222222,0.611111111111111
"2017-05-14","黒滝村長選挙","黒滝村","奈良県",0,1,0,1,63,63,1,0,0,0,0,0,1
"2017-05-21","いの町議会議員選挙","いの町","高知県",1,0,0,22,64,40,14,4,0.111111111111111,0.5,0.0555555555555556,0.111111111111111,0.833333333333333
"2017-05-21","えりも町議会議員補欠選挙","えりも町","北海道",1,0,1,1,37,37,1,0,1,0,0,0,1
"2017-05-21","えりも町長選挙","えりも町","北海道",0,1,0,2,64,64,1,0,1,0,0,0,1
"2017-05-21","さいたま市長選挙","さいたま市","埼玉県",0,1,0,3,55,55,1,0,0,0,0,0,1
"2017-05-21","伊東市議会議員補欠選挙","伊東市","静岡県",1,0,1,4,40,35,1,1,1,0,0,0,1
"2017-05-21","伊東市長選挙","伊東市","静岡県",0,1,0,2,54,54,1,0,1,0,0,0,1
"2017-05-21","八千代市長選挙","八千代市","千葉県",0,1,0,5,59,59,1,0,1,0,0,0,1
"2017-05-21","出雲崎町議会議員選挙","出雲崎町","新潟県",1,0,0,10,66.5,45,9,1,0.2,0.7,0,0,1
"2017-05-21","和光市長選挙","和光市","埼玉県",0,1,0,2,48,48,1,0,0,0,0,0,1
"2017-05-21","土佐清水市議会議員補欠選挙","土佐清水市","高知県",1,0,1,2,62,62,1,0,1,0,0,0,1
"2017-05-21","土佐清水市長選挙","土佐清水市","高知県",0,1,0,2,58,58,1,0,0,0,0,0,1
"2017-05-21","対馬市議会議員選挙","対馬市","長崎県",1,0,0,24,67,52,18,1,0.157894736842105,0.578947368421053,0.315789473684211,0,0.684210526315789
"2017-05-21","島田市議会議員選挙","島田市","静岡県",1,0,0,22,62,33,16,4,0.25,0.25,0.15,0.05,0.75
"2017-05-21","島田市長選挙","島田市","静岡県",0,1,0,3,62,62,0,1,0,0,0,0,1
"2017-05-21","新郷村長選挙","新郷村","青森県",0,1,0,2,64,64,1,0,1,0,0,0,1
"2017-05-21","日置市議会議員選挙","日置市","鹿児島県",1,0,0,23,60.5,46,18,4,0.363636363636364,0.227272727272727,0.0454545454545455,0.0909090909090909,0.863636363636364
"2017-05-21","日置市長選挙","日置市","鹿児島県",0,1,0,3,62,62,1,0,0,0,0,0,1
"2017-05-21","日高川町長選挙","日高川町","和歌山県",0,1,0,1,61,61,1,0,1,0,0,0,1
"2017-05-21","美濃加茂市長選挙","美濃加茂市","岐阜県",0,1,0,1,32,32,1,0,0,0,0,0,1
"2017-05-28","上野村長選挙","上野村","群馬県",0,1,0,1,55,55,1,0,1,0,0,0,1
"2017-05-28","千歳市議会議員選挙","千歳市","北海道",1,0,0,31,55,32,17,6,0.304347826086957,0.0869565217391304,0.565217391304348,0.0434782608695652,0.347826086956522
"2017-05-28","千葉市長選挙","千葉市","千葉県",0,1,0,2,39,39,1,0,0,0,0,0,1
"2017-05-28","多良間村議会議員選挙","多良間村","沖縄県",1,0,0,10,64,52,7,0,0.285714285714286,0.428571428571429,0,0,1
"2017-05-28","松原市議会議員補欠選挙","松原市","大阪府",1,0,1,2,37,37,0,1,1,0,0,0,0
"2017-05-28","松原市長選挙","松原市","大阪府",0,1,0,2,46,46,1,0,0,0,0,0,1
"2017-05-28","標津町議会議員補欠選挙","標津町","北海道",1,0,1,1,68,68,1,0,1,1,0,0,1
"2017-05-28","標津町長選挙","標津町","北海道",0,1,0,1,70,70,1,0,0,1,0,0,1
"2017-05-28","白子町長選挙","白子町","千葉県",0,1,0,1,69,69,1,0,0,1,0,0,1
"2017-06-04","半田市長選挙","半田市","愛知県",0,1,0,3,68,68,1,0,0,1,0,0,1
"2017-06-04","和泉市長選挙","和泉市","大阪府",0,1,0,1,57,57,1,0,0,0,0,0,1
"2017-06-04","尼崎市議会議員選挙","尼崎市","兵庫県",1,0,0,61,53.5,37,31,11,0.333333333333333,0.119047619047619,0.428571428571429,0.19047619047619,0.166666666666667
"2017-06-04","明日香村議会議員選挙","明日香村","奈良県",1,0,0,10,68,44,8,1,0.111111111111111,0.555555555555556,0,0.111111111111111,0.777777777777778
"2017-06-04","瀬戸内市議会議員選挙","瀬戸内市","岡山県",1,0,0,19,57.5,37,14,4,0.0555555555555556,0.277777777777778,0.111111111111111,0.111111111111111,0.777777777777778
"2017-06-04","瀬戸内市長選挙","瀬戸内市","岡山県",0,1,0,1,48,48,1,0,0,0,0,0,1
"2017-06-11","あきる野市議会議員選挙","あきる野市","東京都",1,0,0,23,52,39,15,6,0.285714285714286,0.238095238095238,0.19047619047619,0.142857142857143,0.571428571428571
"2017-06-11","会津坂下町議会議員補欠選挙","会津坂下町","福島県",1,0,1,2,62,62,1,0,1,0,0,0,1
"2017-06-11","会津坂下町長選挙","会津坂下町","福島県",0,1,0,2,65,65,1,0,0,1,0,0,1
"2017-06-11","喬木村議会議員選挙","喬木村","長野県",1,0,0,12,65.5,47,11,1,0.5,0.5,0,0.166666666666667,0.833333333333333
"2017-06-11","尾鷲市議会議員選挙","尾鷲市","三重県",1,0,0,18,61,39,12,1,0.384615384615385,0.384615384615385,0.0769230769230769,0,0.923076923076923
"2017-06-11","尾鷲市長選挙","尾鷲市","三重県",0,1,0,2,68,68,1,0,1,1,0,0,1
"2017-06-11","志木市長選挙","志木市","埼玉県",0,1,0,2,44,44,1,0,0,0,0,0,1
"2017-06-18","あわら市議会議員選挙","あわら市","福井県",1,0,0,22,68,47,16,2,0.166666666666667,0.722222222222222,0.0555555555555556,0.0555555555555556,0.888888888888889
"2017-06-18","三浦市長選挙","三浦市","神奈川県",0,1,0,2,61,61,1,0,0,0,0,0,1
"2017-06-18","中札内村長選挙","中札内村","北海道",0,1,0,2,50,50,1,0,1,0,0,0,1
"2017-06-18","中間市議会議員選挙","中間市","福岡県",1,0,0,19,65,29,13,4,0.294117647058824,0.529411764705882,0.176470588235294,0.176470588235294,0.588235294117647
"2017-06-18","中間市長選挙","中間市","福岡県",0,1,0,3,56,56,1,0,1,0,0,0,1
"2017-06-18","佐々町議会議員選挙","佐々町","長崎県",1,0,0,12,66,50,10,0,0.3,0.6,0,0.1,0.9
"2017-06-18","佐々町長選挙","佐々町","長崎県",0,1,0,2,70,70,1,0,0,1,0,0,1
"2017-06-18","厚岸町長選挙","厚岸町","北海道",0,1,0,1,75,75,1,0,0,1,0,0,1
"2017-06-18","大和郡山市長選挙","大和郡山市","奈良県",0,1,0,3,65,65,1,0,0,1,0,0,1
"2017-06-18","津野町議会議員選挙","津野町","高知県",1,0,0,11,66,43,8,2,0.1,0.6,0,0.1,0.9
"2017-06-18","紋別市長選挙","紋別市","北海道",0,1,0,1,63,63,1,0,0,0,0,0,1
"2017-06-18","船橋市議会議員補欠選挙","船橋市","千葉県",1,0,1,6,34,34,0,1,1,0,1,0,0
"2017-06-18","船橋市長選挙","船橋市","千葉県",0,1,0,4,62,62,1,0,0,0,0,0,1
"2017-06-25","南知多町議会議員選挙","南知多町","愛知県",1,0,0,15,61.5,37,12,0,0.583333333333333,0.333333333333333,0,0.0833333333333333,0.916666666666667
"2017-06-25","和泊町長選挙","和泊町","鹿児島県",0,1,0,1,73,73,1,0,0,1,0,0,1
"2017-06-25","境町議会議員選挙","境町","茨城県",1,0,0,15,59.5,49,12,0,0.25,0.25,0.0833333333333333,0,0.916666666666667
"2017-06-25","多良間村長選挙","多良間村","沖縄県",0,1,0,2,62,62,1,0,0,0,0,0,1
"2017-06-25","宮古市議会議員補欠選挙","宮古市","岩手県",1,0,1,7,51,44,4,1,0.8,0,0,0,1
"2017-06-25","宮古市長選挙","宮古市","岩手県",0,1,0,2,61,61,1,0,0,0,0,0,1
"2017-06-25","広陵町長選挙","広陵町","奈良県",0,1,0,1,69,69,1,0,0,1,0,0,1
"2017-06-25","新篠津村議会議員補欠選挙","新篠津村","北海道",1,0,1,1,55,55,1,0,1,0,0,0,1
"2017-06-25","新篠津村長選挙","新篠津村","北海道",0,1,0,1,63,63,1,0,1,0,0,0,1
"2017-06-25","椎葉村長選挙","椎葉村","宮崎県",0,1,0,1,71,71,1,0,0,1,0,0,1
"2017-06-25","横須賀市議会議員補欠選挙","横須賀市","神奈川県",1,0,1,4,34.5,29,2,0,1,0,0,0,1
"2017-06-25","横須賀市長選挙","横須賀市","神奈川県",0,1,0,3,63,63,1,0,1,0,0,0,1
"2017-06-25","江府町議会議員選挙","江府町","鳥取県",1,0,0,12,65.5,61,10,0,0.5,0.6,0,0,1
"2017-06-25","礼文町議会議員選挙","礼文町","北海道",1,0,0,9,62,50,8,1,0.222222222222222,0.444444444444444,0,0,1
"2017-06-25","礼文町長選挙","礼文町","北海道",0,1,0,1,66,66,1,0,0,1,0,0,1
"2017-06-25","西尾市議会議員選挙","西尾市","愛知県",1,0,0,35,63.5,41,27,3,0.166666666666667,0.466666666666667,0.0666666666666667,0.0666666666666667,0.866666666666667
"2017-06-25","西尾市長選挙","西尾市","愛知県",0,1,0,2,38,38,1,0,1,0,0,0,1
"2017-06-25","高取町議会議員選挙","高取町","奈良県",1,0,0,9,65.5,50,7,1,0.25,0.625,0.25,0.125,0.625
"2017-06-25","魚沼市議会議員選挙","魚沼市","新潟県",1,0,0,22,60.5,38,18,2,0.2,0.25,0.05,0.1,0.85
"2017-06-25","鹿角市長選挙","鹿角市","秋田県",0,1,0,3,70,70,1,0,0,1,0,0,1
"2017-07-02","三木市長選挙","三木市","兵庫県",0,1,0,2,44,44,1,0,1,0,0,0,1
"2017-07-02","上郡町議会議員選挙","上郡町","兵庫県",1,0,0,11,64,44,9,1,0.1,0.4,0.1,0,0.9
"2017-07-02","上郡町長選挙","上郡町","兵庫県",0,1,0,3,69,69,1,0,0,1,0,0,1
"2017-07-02","利根町議会議員補欠選挙","利根町","茨城県",1,0,1,2,56,56,1,0,1,0,0,0,1
"2017-07-02","利根町長選挙","利根町","茨城県",0,1,0,3,61,61,1,0,1,0,0,0,1
"2017-07-02","国分寺市長選挙","国分寺市","東京都",0,1,0,2,66,66,1,0,0,1,1,0,0
"2017-07-02","宮田村長選挙","宮田村","長野県",0,1,0,1,72,72,1,0,0,1,0,0,1
"2017-07-02","淡路市議会議員選挙","淡路市","兵庫県",1,0,0,25,64,39,18,0,0.333333333333333,0.5,0.111111111111111,0.0555555555555556,0.833333333333333
"2017-07-02","道志村長選挙","道志村","山梨県",0,1,0,2,75,75,1,0,0,1,0,0,1
"2017-07-02","高岡市長選挙","高岡市","富山県",0,1,0,1,63,63,1,0,0,0,0,0,1
"2017-07-09","三好市長選挙","三好市","徳島県",0,1,0,2,69,69,1,0,0,1,0,0,1
"2017-07-09","北広島市長選挙","北広島市","北海道",0,1,0,1,69,69,1,0,0,1,0,0,1
"2017-07-09","奈良市議会議員選挙","奈良市","奈良県",1,0,0,50,55,28,33,6,0.230769230769231,0.128205128205128,0.333333333333333,0.153846153846154,0.358974358974359
"2017-07-09","奈良市長選挙","奈良市","奈良県",0,1,0,4,41,41,1,0,0,0,0,0,1
"2017-07-09","宇部市長選挙","宇部市","山口県",0,1,0,1,62,62,0,1,0,0,0,0,1
"2017-07-09","智頭町議会議員選挙","智頭町","鳥取県",1,0,0,12,60,41,11,1,0.25,0.333333333333333,0,0,1
"2017-07-09","杉戸町議会議員補欠選挙","杉戸町","埼玉県",1,0,1,2,54,54,0,1,1,0,0,0,1
"2017-07-09","杉戸町長選挙","杉戸町","埼玉県",0,1,0,3,66,66,1,0,0,1,0,0,1
"2017-07-09","津奈木町長選挙","津奈木町","熊本県",0,1,0,2,65,65,1,0,1,1,0,0,1
"2017-07-09","肝付町長選挙","肝付町","鹿児島県",0,1,0,2,66,66,1,0,0,1,0,0,1
"2017-07-09","西会津町長選挙","西会津町","福島県",0,1,0,3,69,69,1,0,1,1,0,0,1
"2017-07-09","赤村議会議員選挙","赤村","福岡県",1,0,0,15,65.5,41,10,0,0.3,0.5,0,0,1
"2017-07-09","赤村長選挙","赤村","福岡県",0,1,0,2,69,69,1,0,1,1,0,0,1
"2017-07-09","那覇市議会議員選挙","那覇市","沖縄県",1,0,0,67,52.5,30,31,9,0.35,0.15,0.35,0.25,0.3
"2017-07-09","長瀞町長選挙","長瀞町","埼玉県",0,1,0,1,70,70,0,1,0,1,0,0,1
"2017-07-09","飯能市長選挙","飯能市","埼玉県",0,1,0,3,64,64,1,0,0,0,0,0,1
"2017-07-09","高森町議会議員選挙","高森町","長野県",1,0,0,15,63.5,44,13,1,0.357142857142857,0.428571428571429,0.0714285714285714,0.214285714285714,0.714285714285714
"2017-07-16","川西町長選挙","川西町","奈良県",0,1,0,1,44,44,1,0,0,0,0,0,1
"2017-07-23","三郷市議会議員選挙","三郷市","埼玉県",1,0,0,31,55,26,20,4,0.25,0.25,0.208333333333333,0.166666666666667,0.583333333333333
"2017-07-23","五木村議会議員選挙","五木村","熊本県",1,0,0,10,66,35,7,1,0.125,0.5,0,0,1
"2017-07-23","仙台市長選挙","仙台市","宮城県",0,1,0,4,60,60,0,1,1,0,0,0,1
"2017-07-23","住田町議会議員補欠選挙","住田町","岩手県",1,0,1,1,57,57,1,0,1,0,0,0,1
"2017-07-23","住田町長選挙","住田町","岩手県",0,1,0,2,58,58,1,0,1,0,0,0,1
"2017-07-23","大治町長選挙","大治町","愛知県",0,1,0,1,59,59,1,0,0,0,0,0,1
"2017-07-23","庄内町長選挙","庄内町","山形県",0,1,0,4,64,64,1,0,0,0,0,0,1
"2017-07-23","当別町長選挙","当別町","北海道",0,1,0,2,74,74,1,0,0,1,0,0,1
"2017-07-23","新得町長選挙","新得町","北海道",0,1,0,1,62,62,1,0,0,0,0,0,1
"2017-07-23","旭市長選挙","旭市","千葉県",0,1,0,2,74,74,1,0,0,1,0,0,1
"2017-07-23","曽於市長選挙","曽於市","鹿児島県",0,1,0,2,63,63,1,0,0,0,0,0,1
"2017-07-23","松茂町長選挙","松茂町","徳島県",0,1,0,1,60,60,1,0,1,0,0,0,1
"2017-07-23","松阪市議会議員選挙","松阪市","三重県",1,0,0,32,58,36,23,5,0.321428571428571,0.214285714285714,0.107142857142857,0.107142857142857,0.785714285714286
"2017-07-23","清須市議会議員補欠選挙","清須市","愛知県",1,0,1,3,59,52,2,0,1,0.5,0,0,1
"2017-07-23","清須市長選挙","清須市","愛知県",0,1,0,2,62,62,1,0,1,0,0,0,1
"2017-07-23","美郷町議会議員選挙","美郷町","島根県",1,0,0,14,68,59,12,0,0.166666666666667,0.75,0,0.0833333333333333,0.916666666666667
"2017-07-23","飯南町議会議員選挙","飯南町","島根県",1,0,0,12,64.5,57,10,0,0.2,0.5,0,0.1,0.9
"2017-07-30","五ヶ瀬町議会議員選挙","五ヶ瀬町","宮崎県",1,0,0,10,63,55,8,1,0,0.222222222222222,0,0,1
"2017-07-30","壱岐市議会議員選挙","壱岐市","長崎県",1,0,0,20,59.5,39,16,0,0.25,0.3125,0.3125,0,0.6875
"2017-07-30","大玉村議会議員補欠選挙","大玉村","福島県",1,0,1,2,52,52,0,1,1,0,0,0,1
"2017-07-30","大玉村長選挙","大玉村","福島県",0,1,0,2,67,67,1,0,0,1,0,0,1
"2017-07-30","太地町議会議員選挙","太地町","和歌山県",1,0,0,11,63,40,10,0,0.1,0.5,0,0,1
"2017-07-30","富岡町議会議員補欠選挙","富岡町","福島県",1,0,1,1,57,57,1,0,1,0,0,0,1
"2017-07-30","富岡町長選挙","富岡町","福島県",0,1,0,2,70,70,1,0,0,1,0,0,1
"2017-07-30","横浜市議会議員補欠選挙（緑区選挙区）","横浜市","神奈川県",1,0,1,2,31,31,1,0,1,0,0,0,0
"2017-07-30","横浜市長選挙","横浜市","神奈川県",0,1,0,3,71,71,0,1,0,1,1,0,0
"2017-07-30","美波町長選挙","美波町","徳島県",0,1,0,1,61,61,1,0,0,0,0,0,1
"2017-08-06","与那国町議会議員補欠選挙","与那国町","沖縄県",1,0,1,1,55,55,1,0,1,0,0,0,1
"2017-08-06","与那国町長選挙","与那国町","沖縄県",0,1,0,2,67,67,1,0,0,1,1,0,0
"2017-08-06","仁淀川町長選挙","仁淀川町","高知県",0,1,0,2,68,68,1,0,0,1,0,0,1
"2017-08-06","八幡浜市議会議員選挙","八幡浜市","愛媛県",1,0,0,20,60.5,44,13,3,0.1875,0.4375,0.0625,0.125,0.8125
"2017-08-06","南国市長選挙","南国市","高知県",0,1,0,1,54,54,1,0,1,0,0,0,1
"2017-08-06","印南町議会議員選挙","印南町","和歌山県",1,0,0,12,59,44,12,0,0.166666666666667,0.333333333333333,0,0.0833333333333333,0.916666666666667
"2017-08-06","富士見町長選挙","富士見町","長野県",0,1,0,1,66,66,1,0,1,1,0,0,1
"2017-08-06","板野町長選挙","板野町","徳島県",0,1,0,1,66,66,1,0,0,1,0,0,1
"2017-08-06","楢葉町議会議員選挙","楢葉町","福島県",1,0,0,11,61,49,11,0,0.0909090909090909,0.454545454545455,0,0,1
"2017-08-06","田野畑村長選挙","田野畑村","岩手県",0,1,0,2,59,59,1,0,0,0,0,0,1
"2017-08-20","大和村長選挙","大和村","鹿児島県",0,1,0,1,56,56,1,0,0,0,0,0,1
"2017-08-20","安芸市長選挙","安芸市","高知県",0,1,0,1,61,61,1,0,0,0,0,0,1
"2017-08-20","小清水町長選挙","小清水町","北海道",0,1,0,1,56,56,1,0,1,0,0,0,1
"2017-08-26","本別町長選挙","本別町","北海道",0,1,0,1,66,66,1,0,0,1,0,0,1
"2017-08-27","伊平屋村長選挙","伊平屋村","沖縄県",0,1,0,1,70,70,1,0,0,1,0,0,1
"2017-08-27","八代市議会議員選挙","八代市","熊本県",1,0,0,38,61.5,37,27,1,0.214285714285714,0.357142857142857,0.428571428571429,0.0357142857142857,0.535714285714286
"2017-08-27","八代市長選挙","八代市","熊本県",0,1,0,2,58,58,1,0,0,0,0,0,1
"2017-08-27","占冠村長選挙","占冠村","北海道",0,1,0,1,61,61,1,0,1,0,0,0,1
"2017-08-27","和木町長選挙","和木町","山口県",0,1,0,1,56,56,1,0,0,0,0,0,1
"2017-08-27","大郷町議会議員補欠選挙","大郷町","宮城県",1,0,1,1,54,54,1,0,0,0,0,0,1
"2017-08-27","大郷町長選挙","大郷町","宮城県",0,1,0,3,71,71,1,0,0,1,0,0,1
"2017-08-27","宇和島市議会議員選挙","宇和島市","愛媛県",1,0,0,33,57.5,37,22,2,0.333333333333333,0.25,0.583333333333333,0.0833333333333333,0.291666666666667
"2017-08-27","宇和島市長選挙","宇和島市","愛媛県",0,1,0,2,47,47,1,0,1,0,0,0,1
"2017-08-27","東海村長選挙","東海村","茨城県",0,1,0,1,56,56,1,0,0,0,0,0,1
"2017-08-27","渋川市長選挙","渋川市","群馬県",0,1,0,3,65,65,1,0,1,1,0,0,1
"2017-08-27","白川町議会議員選挙","白川町","岐阜県",1,0,0,11,65,41,7,2,0.222222222222222,0.555555555555556,0,0,1
"2017-08-27","白川町長選挙","白川町","岐阜県",0,1,0,1,69,69,1,0,0,1,0,0,1
"2017-08-27","高浜市長選挙","高浜市","愛知県",0,1,0,2,61,61,1,0,0,0,0,0,1
"2017-09-03","せたな町長選挙","せたな町","北海道",0,1,0,2,66,66,1,0,0,1,0,0,1
"2017-09-03","八潮市議会議員選挙","八潮市","埼玉県",1,0,0,26,59,35,15,6,0.19047619047619,0.333333333333333,0.476190476190476,0.142857142857143,0.285714285714286
"2017-09-03","八潮市長選挙","八潮市","埼玉県",0,1,0,1,60,60,1,0,0,0,0,0,1
"2017-09-03","大洲市議会議員選挙","大洲市","愛媛県",1,0,0,22,60,40,19,2,0.0476190476190476,0.380952380952381,0.571428571428571,0.0476190476190476,0.333333333333333
"2017-09-03","大洲市長選挙","大洲市","愛媛県",0,1,0,1,62,62,1,0,0,0,0,0,1
"2017-09-03","大野城市長選挙","大野城市","福岡県",0,1,0,1,65,65,1,0,0,1,0,0,1
"2017-09-03","山添村議会議員選挙","山添村","奈良県",1,0,0,11,64.5,41,10,0,0.3,0.5,0.1,0.1,0.8
"2017-09-03","山添村長選挙","山添村","奈良県",0,1,0,3,71,71,1,0,1,1,0,0,1
"2017-09-03","村山市議会議員補欠選挙","村山市","山形県",1,0,1,2,53.5,53,2,0,1,0,0,0,1
"2017-09-03","村山市長選挙","村山市","山形県",0,1,0,1,66,66,1,0,0,1,0,0,1
"2017-09-03","羽咋市議会議員選挙","羽咋市","石川県",1,0,0,16,65,41,13,1,0.214285714285714,0.5,0.142857142857143,0.0714285714285714,0.785714285714286
"2017-09-03","青ヶ島村議会議員選挙","青ヶ島村","東京都",1,0,0,6,57.5,33,6,0,0,0.333333333333333,0,0,1
"2017-09-03","青ヶ島村長選挙","青ヶ島村","東京都",0,1,0,1,64,64,1,0,0,0,0,0,1
"2017-09-10","いわき市長選挙","いわき市","福島県",0,1,0,3,54,54,1,0,0,0,0,0,1
"2017-09-10","佐呂間町議会議員選挙","佐呂間町","北海道",1,0,0,12,66,46,8,2,0.1,0.7,0,0.1,0.9
"2017-09-10","八重瀬町議会議員補欠選挙","八重瀬町","沖縄県",1,0,1,7,61,49,4,0,1,0.5,0,0.25,0.75
"2017-09-10","城陽市長選挙","城陽市","京都府",0,1,0,2,72,72,1,0,0,1,1,0,0
"2017-09-10","士別市長選挙","士別市","北海道",0,1,0,1,66,66,1,0,0,1,0,0,1
"2017-09-10","多久市長選挙","多久市","佐賀県",0,1,0,1,61,61,1,0,0,0,0,0,1
"2017-09-10","岐南町議会議員選挙","岐南町","岐阜県",1,0,0,10,64.5,39,8,2,0,0.5,0.1,0.1,0.8
"2017-09-10","広川町長選挙","広川町","和歌山県",0,1,0,2,66,66,1,0,0,1,0,0,1
"2017-09-10","御代田町議会議員選挙","御代田町","長野県",1,0,0,16,67.5,51,11,3,0.285714285714286,0.571428571428571,0.0714285714285714,0.0714285714285714,0.857142857142857
"2017-09-10","志賀町長選挙","志賀町","石川県",0,1,0,2,51,51,1,0,0,0,0,0,1
"2017-09-10","新島村議会議員補欠選挙","新島村","東京都",1,0,1,4,59,57,2,0,1,0,0,0,1
"2017-09-10","松田町長選挙","松田町","神奈川県",0,1,0,2,47,47,1,0,0,0,0,0,1
"2017-09-10","柏原市議会議員選挙","柏原市","大阪府",1,0,0,21,54.5,37,10,6,0.1875,0.125,0.3125,0.0625,0.5
"2017-09-10","根室市議会議員選挙","根室市","北海道",1,0,0,20,60,40,NA,NA,0.222222222222222,0.333333333333333,0.166666666666667,0.111111111111111,0.555555555555556
"2017-09-10","田原本町議会議員選挙","田原本町","奈良県",1,0,0,17,63.5,42,13,1,0.285714285714286,0.5,0.214285714285714,0.0714285714285714,0.714285714285714
"2017-09-10","羽曳野市議会議員選挙","羽曳野市","大阪府",1,0,0,20,56.5,36,12,6,0.111111111111111,0.166666666666667,0.388888888888889,0.222222222222222,0.166666666666667
"2017-09-10","行方市長選挙","行方市","茨城県",0,1,0,2,45,45,1,0,0,0,0,0,1
"2017-09-13","高千穂町議会議員選挙","高千穂町","宮崎県",1,0,0,17,61,38,11,2,0.230769230769231,0.307692307692308,0.0769230769230769,0,0.923076923076923
"2017-09-17","屋久島町議会議員選挙","屋久島町","鹿児島県",1,0,0,23,63.5,44,14,2,0.3125,0.5,0.0625,0,0.9375
"2017-09-17","摂津市議会議員選挙","摂津市","大阪府",1,0,0,27,52,30,17,2,0.263157894736842,0.0526315789473684,0.368421052631579,0.210526315789474,0.157894736842105
"2017-09-17","早川町議会議員選挙","早川町","山梨県",1,0,0,8,69.5,58,8,0,0,0.75,0,0,1
"2017-09-17","積丹町議会議員選挙","積丹町","北海道",1,0,0,9,68,39,9,0,0,0.888888888888889,0,0,1
"2017-09-17","美郷町議会議員選挙","美郷町","秋田県",1,0,0,17,64,29,15,1,0.25,0.4375,0,0.0625,0.9375
"2017-09-17","胎内市議会議員補欠選挙","胎内市","新潟県",1,0,1,1,71,71,0,1,1,1,0,1,0
"2017-09-17","胎内市長選挙","胎内市","新潟県",0,1,0,2,56,56,1,0,1,0,0,0,1
"2017-09-17","長泉町議会議員選挙","長泉町","静岡県",1,0,0,23,60.5,30,16,0,0.25,0.3125,0.125,0.0625,0.75
"2017-09-17","長泉町長選挙","長泉町","静岡県",0,1,0,2,60,60,1,0,1,0,0,0,1
"2017-09-17","阪南市議会議員選挙","阪南市","大阪府",1,0,0,19,58.5,44,12,2,0.5,0.214285714285714,0.214285714285714,0.142857142857143,0.5
"2017-09-17","麻績村議会議員選挙","麻績村","長野県",1,0,0,9,64,53,8,0,0.625,0.375,0,0.125,0.875
"2017-09-24","えびの市議会議員選挙","えびの市","宮崎県",1,0,0,18,67,41,11,4,0.266666666666667,0.6,0.0666666666666667,0.0666666666666667,0.8
"2017-09-24","えびの市長選挙","えびの市","宮崎県",0,1,0,2,54,54,1,0,0,0,0,0,1
"2017-09-24","下郷町長選挙","下郷町","福島県",0,1,0,2,70,70,1,0,0,1,0,0,1
"2017-09-24","久山町議会議員選挙","久山町","福岡県",1,0,0,13,66,50,10,0,0.2,0.6,0,0.1,0.9
"2017-09-24","八幡平市長選挙","八幡平市","岩手県",0,1,0,2,69,69,1,0,0,1,0,0,1
"2017-09-24","堺市議会議員補欠選挙","堺市","大阪府",1,0,1,NA,50,39,2,0,0.5,0,0,0,0.5
"2017-09-24","堺市長選挙","堺市","大阪府",0,1,0,2,67,67,1,0,0,1,0,0,1
"2017-09-24","大仙市議会議員選挙","大仙市","秋田県",1,0,0,29,67,40,26,2,0.0714285714285714,0.571428571428571,0.0714285714285714,0.0714285714285714,0.857142857142857
"2017-09-24","岬町長選挙","岬町","大阪府",0,1,0,1,73,73,1,0,0,1,0,0,1
"2017-09-24","島牧村議会議員選挙","島牧村","北海道",1,0,0,8,61.5,55,8,0,0,0.375,0,0,1
"2017-09-24","本巣市議会議員選挙","本巣市","岐阜県",1,0,0,17,66.5,31,14,2,0.375,0.5625,0.125,0.0625,0.8125
"2017-09-24","海津市議会議員選挙","海津市","岐阜県",1,0,0,17,61,40,13,2,0.266666666666667,0.333333333333333,0.0666666666666667,0.0666666666666667,0.8
"2017-09-24","玄海町議会議員選挙","玄海町","佐賀県",1,0,0,11,64.5,54,10,0,0.3,0.5,0,0,1
"2017-09-24","真鶴町議会議員選挙","真鶴町","神奈川県",1,0,0,13,66,50,9,2,0.272727272727273,0.545454545454545,0.181818181818182,0.0909090909090909,0.727272727272727
"2017-09-24","知多市長選挙","知多市","愛知県",0,1,0,2,69,69,1,0,0,1,0,0,1
"2017-09-24","箱根町議会議員選挙","箱根町","神奈川県",1,0,0,16,67.5,45,12,2,0.0714285714285714,0.642857142857143,0.142857142857143,0.0714285714285714,0.785714285714286
"2017-09-24","総社市議会議員選挙","総社市","岡山県",1,0,0,23,63,38,19,3,0.181818181818182,0.363636363636364,0.0909090909090909,0.0909090909090909,0.818181818181818
"2017-09-24","豊能町議会議員選挙","豊能町","大阪府",1,0,0,15,62,34,8,4,0.25,0.416666666666667,0.25,0.0833333333333333,0.5
"2017-09-24","飯舘村議会議員選挙","飯舘村","福島県",1,0,0,12,63,35,10,0,0.5,0.5,0,0.1,0.9
"2017-09-24","高山村議会議員選挙","高山村","長野県",1,0,0,11,68,64,11,0,0.272727272727273,0.909090909090909,0,0.181818181818182,0.818181818181818
"2017-10-01","ニセコ町長選挙","ニセコ町","北海道",0,1,0,1,64,64,1,0,0,0,0,0,1
"2017-10-01","一関市議会議員選挙","一関市","岩手県",1,0,0,32,64.5,43,26,4,0.233333333333333,0.5,0.0666666666666667,0.166666666666667,0.766666666666667
"2017-10-01","一関市長選挙","一関市","岩手県",0,1,0,1,67,67,1,0,0,1,0,0,1
"2017-10-01","上市町議会議員選挙","上市町","富山県",1,0,0,14,63.5,44,11,1,0.25,0.416666666666667,0.25,0.166666666666667,0.583333333333333
"2017-10-01","上市町長選挙","上市町","富山県",0,1,0,2,67,67,1,0,1,1,0,0,1
"2017-10-01","上板町長選挙","上板町","徳島県",0,1,0,2,69,69,1,0,1,1,0,0,1
"2017-10-01","今別町長選挙","今別町","青森県",0,1,0,2,62,62,1,0,1,0,0,0,1
"2017-10-01","倉吉市議会議員選挙","倉吉市","鳥取県",1,0,0,21,64,44,NA,NA,0.176470588235294,0.470588235294118,0.176470588235294,0.0588235294117647,0.705882352941177
"2017-10-01","加賀市議会議員選挙","加賀市","石川県",1,0,0,18,62,37,16,2,0.166666666666667,0.444444444444444,0.611111111111111,0.0555555555555556,0.333333333333333
"2017-10-01","加賀市長選挙","加賀市","石川県",0,1,0,1,60,60,1,0,0,0,0,0,1
"2017-10-01","北栄町議会議員選挙","北栄町","鳥取県",1,0,0,16,62,44,13,2,0.2,0.4,0.0666666666666667,0.0666666666666667,0.8
"2017-10-01","北栄町長選挙","北栄町","鳥取県",0,1,0,1,66,66,1,0,0,1,0,0,1
"2017-10-01","天理市議会議員補欠選挙","天理市","奈良県",1,0,1,1,44,44,0,1,1,0,0,0,1
"2017-10-01","天理市長選挙","天理市","奈良県",0,1,0,1,38,38,1,0,0,0,0,0,1
"2017-10-01","宮代町議会議員補欠選挙","宮代町","埼玉県",1,0,1,3,59,59,1,0,0,0,0,0,1
"2017-10-01","宮代町長選挙","宮代町","埼玉県",0,1,0,2,60,60,1,0,1,0,0,0,1
"2017-10-01","富士河口湖町議会議員選挙","富士河口湖町","山梨県",1,0,0,19,63,39,15,1,0.25,0.4375,0.0625,0.0625,0.875
"2017-10-01","山梨市長選挙","山梨市","山梨県",0,1,0,2,67,67,1,0,1,1,0,1,0
"2017-10-01","山陽小野田市議会議員選挙","山陽小野田市","山口県",1,0,0,26,62,35,19,3,0.363636363636364,0.363636363636364,0.0909090909090909,0.0454545454545455,0.863636363636364
"2017-10-01","岡山市議会議員補欠選挙（中区選挙区）","岡山市","岡山県",1,0,1,4,59,59,1,0,1,0,1,0,0
"2017-10-01","岡山市長選挙","岡山市","岡山県",0,1,0,2,63,63,1,0,0,0,0,0,1
"2017-10-01","川根本町議会議員選挙","川根本町","静岡県",1,0,0,14,64.5,58,11,1,0.333333333333333,0.5,0,0,1
"2017-10-01","川根本町長選挙","川根本町","静岡県",0,1,0,1,74,74,1,0,0,1,0,0,1
"2017-10-01","様似町長選挙","様似町","北海道",0,1,0,1,69,69,1,0,0,1,0,0,1
"2017-10-01","武蔵野市議会議員補欠選挙","武蔵野市","東京都",1,0,1,2,51,51,0,1,0,0,1,0,0
"2017-10-01","武蔵野市長選挙","武蔵野市","東京都",0,1,0,2,47,47,0,1,1,0,0,0,1
"2017-10-01","江田島市議会議員選挙","江田島市","広島県",1,0,0,19,65.5,36,17,1,0.277777777777778,0.5,0.0555555555555556,0,0.944444444444444
"2017-10-01","玉村町議会議員選挙","玉村町","群馬県",1,0,0,15,66,46,11,2,0.230769230769231,0.538461538461538,0.0769230769230769,0.0769230769230769,0.846153846153846
"2017-10-01","長岡京市議会議員選挙","長岡京市","京都府",1,0,0,29,56,28,18,6,0.208333333333333,0.125,0.166666666666667,0.25,0.5
"2017-10-01","長洲町議会議員選挙","長洲町","熊本県",1,0,0,14,67,44,11,3,0.142857142857143,0.785714285714286,0,0.0714285714285714,0.928571428571429
"2017-10-01","高原町長選挙","高原町","宮崎県",0,1,0,2,63,63,1,0,1,0,0,0,1
"2017-10-08","串間市議会議員補欠選挙","串間市","宮崎県",1,0,1,3,62,32,3,0,0.666666666666667,0.333333333333333,0,0,1
"2017-10-08","串間市長選挙","串間市","宮崎県",0,1,0,3,71,71,1,0,1,1,0,0,1
"2017-10-08","佐川町議会議員選挙","佐川町","高知県",1,0,0,15,69,54,12,2,0.214285714285714,0.785714285714286,0.0714285714285714,0.0714285714285714,0.785714285714286
"2017-10-08","佐川町長選挙","佐川町","高知県",0,1,0,1,48,48,1,0,0,0,0,0,1
"2017-10-08","小鹿野町議会議員選挙","小鹿野町","埼玉県",1,0,0,15,64.5,39,11,1,0.25,0.5,0,0.0833333333333333,0.916666666666667
"2017-10-08","小鹿野町長選挙","小鹿野町","埼玉県",0,1,0,2,60,60,1,0,1,0,0,0,1
"2017-10-15","みなかみ町長選挙","みなかみ町","群馬県",0,1,0,2,50,50,1,0,1,0,0,0,1
"2017-10-15","仙北市長選挙","仙北市","秋田県",0,1,0,2,57,57,1,0,0,0,0,0,1
"2017-10-15","佐賀市議会議員選挙","佐賀市","佐賀県",1,0,0,43,59.5,32,33,3,0.166666666666667,0.333333333333333,0.555555555555556,0.0833333333333333,0.277777777777778
"2017-10-15","佐賀市長選挙","佐賀市","佐賀県",0,1,0,1,75,75,1,0,0,1,0,0,1
"2017-10-15","入善町議会議員選挙","入善町","富山県",1,0,0,15,62,39,14,0,0.214285714285714,0.142857142857143,0.214285714285714,0.142857142857143,0.642857142857143
"2017-10-15","八雲町議会議員選挙","八雲町","北海道",1,0,0,17,57,47,14,2,0.0625,0.3125,0.0625,0.125,0.8125
"2017-10-15","八雲町長選挙","八雲町","北海道",0,1,0,1,60,60,1,0,0,0,0,0,1
"2017-10-15","安曇野市議会議員選挙","安曇野市","長野県",1,0,0,26,66,46,16,6,0.136363636363636,0.545454545454545,0.136363636363636,0.136363636363636,0.727272727272727
"2017-10-15","安曇野市長選挙","安曇野市","長野県",0,1,0,3,77,77,1,0,0,1,0,0,1
"2017-10-15","東峰村長選挙","東峰村","福岡県",0,1,0,1,67,67,1,0,0,1,0,0,1
"2017-10-15","杵築市長選挙","杵築市","大分県",0,1,0,1,63,63,1,0,0,0,0,0,1
"2017-10-15","横手市議会議員選挙","横手市","秋田県",1,0,0,29,62,35,24,2,0.115384615384615,0.384615384615385,0.0384615384615385,0.0769230769230769,0.884615384615385
"2017-10-15","横手市長選挙","横手市","秋田県",0,1,0,2,41,41,1,0,0,0,0,0,1
"2017-10-15","泉崎村長選挙","泉崎村","福島県",0,1,0,1,67,67,1,0,0,1,0,0,1
"2017-10-15","浜田市議会議員選挙","浜田市","島根県",1,0,0,27,60.5,37,22,2,0.25,0.375,0.0833333333333333,0.0833333333333333,0.833333333333333
"2017-10-15","浜田市長選挙","浜田市","島根県",0,1,0,2,66,66,1,0,0,1,0,0,1
"2017-10-15","渡名喜村長選挙","渡名喜村","沖縄県",0,1,0,2,58,58,1,0,1,0,0,0,1
"2017-10-15","王滝村議会議員選挙","王滝村","長野県",1,0,0,6,70.5,50,6,0,0.166666666666667,0.666666666666667,0,0,1
"2017-10-15","設楽町議会議員補欠選挙","設楽町","愛知県",1,0,1,2,62,62,1,0,1,0,0,0,1
"2017-10-15","設楽町長選挙","設楽町","愛知県",0,1,0,2,67,67,1,0,0,1,0,0,1
"2017-10-15","遠軽町議会議員選挙","遠軽町","北海道",1,0,0,16,65,33,14,2,0.25,0.5625,0.0625,0.0625,0.875
"2017-10-15","遠軽町長選挙","遠軽町","北海道",0,1,0,1,59,59,1,0,0,0,0,0,1
"2017-10-15","遠野市議会議員補欠選挙","遠野市","岩手県",1,0,1,2,58,58,1,0,1,0,0,0,1
"2017-10-15","遠野市長選挙","遠野市","岩手県",0,1,0,2,70,70,1,0,0,1,0,0,1
"2017-10-15","阿久比町議会議員補欠選挙","阿久比町","愛知県",1,0,1,5,56,50,NA,NA,0.666666666666667,0.333333333333333,0,0,1
"2017-10-15","鶴岡市議会議員選挙","鶴岡市","山形県",1,0,0,34,59,39,29,3,0.25,0.3125,0.09375,0.15625,0.75
"2017-10-15","鶴岡市長選挙","鶴岡市","山形県",0,1,0,2,43,43,1,0,1,0,0,0,1
"2017-10-22","いちき串木野市議会議員選挙","いちき串木野市","鹿児島県",1,0,0,17,67.5,52,14,2,0.125,0.625,0.125,0.125,0.75
"2017-10-22","いちき串木野市長選挙","いちき串木野市","鹿児島県",0,1,0,2,77,77,1,0,0,1,0,0,1
"2017-10-22","たつの市長選挙","たつの市","兵庫県",0,1,0,2,65,65,1,0,1,1,0,0,1
"2017-10-22","七尾市議会議員選挙","七尾市","石川県",1,0,0,21,65,39,17,1,0.166666666666667,0.5,0.444444444444444,0.0555555555555556,0.5
"2017-10-22","上越市長選挙","上越市","新潟県",0,1,0,2,69,69,1,0,0,1,0,0,1
"2017-10-22","伊仙町長選挙","伊仙町","鹿児島県",0,1,0,2,63,63,1,0,0,0,0,0,1
"2017-10-22","佐用町長選挙","佐用町","兵庫県",0,1,0,1,68,68,1,0,0,1,0,0,1
"2017-10-22","八戸市議会議員補欠選挙","八戸市","青森県",1,0,1,2,66,66,1,0,0,1,1,0,0
"2017-10-22","八戸市長選挙","八戸市","青森県",0,1,0,3,67,67,1,0,0,1,0,0,1
"2017-10-22","南あわじ市議会議員選挙","南あわじ市","兵庫県",1,0,0,20,65.5,33,16,2,0.111111111111111,0.5,0.0555555555555556,0.111111111111111,0.833333333333333
"2017-10-22","南三陸町議会議員選挙","南三陸町","宮城県",1,0,0,16,63.5,38,15,1,0.1875,0.4375,0,0,1
"2017-10-22","南三陸町長選挙","南三陸町","宮城県",0,1,0,2,65,65,1,0,0,1,0,0,1
"2017-10-22","南伊勢町長選挙","南伊勢町","三重県",0,1,0,1,66,66,1,0,0,1,0,0,1
"2017-10-22","南魚沼市議会議員選挙","南魚沼市","新潟県",1,0,0,25,61,34,21,1,0.181818181818182,0.227272727272727,0.0454545454545455,0.0909090909090909,0.863636363636364
"2017-10-22","吉賀町議会議員選挙","吉賀町","島根県",1,0,0,13,66.5,56,11,1,0.0833333333333333,0.75,0,0.0833333333333333,0.916666666666667
"2017-10-22","吉賀町長選挙","吉賀町","島根県",0,1,0,1,57,57,1,0,1,0,0,0,1
"2017-10-22","大口町議会議員補欠選挙","大口町","愛知県",1,0,1,2,42,42,1,0,1,0,0,0,1
"2017-10-22","大口町長選挙","大口町","愛知県",0,1,0,3,63,63,1,0,0,0,0,0,1
"2017-10-22","大田市長選挙","大田市","島根県",0,1,0,1,62,62,1,0,1,0,0,0,1
"2017-10-22","大阪市議会議員補欠選挙（北区選挙区）","大阪市","大阪府",1,0,1,2,25,25,0,1,1,0,0,0,0
"2017-10-22","宮古島市議会議員選挙","宮古島市","沖縄県",1,0,0,33,57.5,35,22,2,0.416666666666667,0.166666666666667,0.125,0.0416666666666667,0.791666666666667
"2017-10-22","山都町議会議員選挙","山都町","熊本県",1,0,0,15,62,48,11,3,0.571428571428571,0.357142857142857,0,0,1
"2017-10-22","川崎市議会議員補欠選挙（川崎区選挙区）","川崎市","神奈川県",1,0,1,3,31,31,1,0,1,0,1,0,0
"2017-10-22","川崎市長選挙","川崎市","神奈川県",0,1,0,3,45,45,1,0,0,0,0,0,1
"2017-10-22","平戸市議会議員選挙","平戸市","長崎県",1,0,0,19,60.5,38,18,0,0.222222222222222,0.333333333333333,0.111111111111111,0.0555555555555556,0.833333333333333
"2017-10-22","平戸市長選挙","平戸市","長崎県",0,1,0,1,57,57,1,0,0,0,0,0,1
"2017-10-22","志摩市議会議員選挙","志摩市","三重県",1,0,0,23,60.5,42,17,3,0.25,0.25,0.1,0.05,0.85
"2017-10-22","斑鳩町長選挙","斑鳩町","奈良県",0,1,0,2,65,65,1,0,1,1,0,0,1
"2017-10-22","新宮市長選挙","新宮市","和歌山県",0,1,0,2,56,56,1,0,0,0,0,0,1
"2017-10-22","春日部市長選挙","春日部市","埼玉県",0,1,0,2,66,66,1,0,0,1,0,0,1
"2017-10-22","朝来市議会議員選挙","朝来市","兵庫県",1,0,0,19,62,38,17,1,0.333333333333333,0.277777777777778,0.0555555555555556,0.111111111111111,0.833333333333333
"2017-10-22","東近江市議会議員選挙","東近江市","滋賀県",1,0,0,31,58,40,23,2,0.44,0.2,0.08,0.12,0.8
"2017-10-22","柏市長選挙","柏市","千葉県",0,1,0,3,49,49,1,0,0,0,0,0,1
"2017-10-22","桜川市長選挙","桜川市","茨城県",0,1,0,3,56,56,1,0,0,0,0,0,1
"2017-10-22","比布町議会議員補欠選挙","比布町","北海道",1,0,1,4,51,38,1,1,1,0,0,0,1
"2017-10-22","氷川町議会議員選挙","氷川町","熊本県",1,0,0,12,68.5,57,12,0,0.166666666666667,0.666666666666667,0,0,1
"2017-10-22","氷川町長選挙","氷川町","熊本県",0,1,0,1,58,58,1,0,0,0,0,0,1
"2017-10-22","津和野町長選挙","津和野町","島根県",0,1,0,2,52,52,1,0,0,0,0,0,1
"2017-10-22","湖南市議会議員選挙","湖南市","滋賀県",1,0,0,22,60.5,40,12,6,0.277777777777778,0.333333333333333,0.166666666666667,0.111111111111111,0.722222222222222
"2017-10-22","湧別町議会議員選挙","湧別町","北海道",1,0,0,15,65,57,12,1,0.153846153846154,0.615384615384615,0,0,1
"2017-10-22","湧別町長選挙","湧別町","北海道",0,1,0,1,67,67,1,0,0,1,0,0,1
"2017-10-22","湯沢市議会議員選挙","湯沢市","秋田県",1,0,0,24,58.5,27,18,0,0.388888888888889,0.333333333333333,0.0555555555555556,0.0555555555555556,0.888888888888889
"2017-10-22","熊野市長選挙","熊野市","三重県",0,1,0,4,61,61,1,0,0,0,0,0,1
"2017-10-22","片品村長選挙","片品村","群馬県",0,1,0,3,55,55,1,0,1,0,0,0,1
"2017-10-22","牧之原市議会議員選挙","牧之原市","静岡県",1,0,0,17,65.5,45,14,2,0.25,0.5625,0,0.0625,0.9375
"2017-10-22","牧之原市長選挙","牧之原市","静岡県",0,1,0,3,60,60,1,0,1,0,0,0,1
"2017-10-22","猪名川町長選挙","猪名川町","兵庫県",0,1,0,1,70,70,1,0,0,1,0,0,1
"2017-10-22","玉名市議会議員選挙","玉名市","熊本県",1,0,0,25,61.5,35,20,2,0.272727272727273,0.454545454545455,0.0454545454545455,0.0454545454545455,0.909090909090909
"2017-10-22","玉名市長選挙","玉名市","熊本県",0,1,0,3,52,52,1,0,1,0,0,0,1
"2017-10-22","玉野市長選挙","玉野市","岡山県",0,1,0,2,54,54,1,0,0,0,0,0,1
"2017-10-22","由利本荘市議会議員選挙","由利本荘市","秋田県",1,0,0,28,65,52,25,2,0.259259259259259,0.62962962962963,0.037037037037037,0.0740740740740741,0.888888888888889
"2017-10-22","由布市議会議員選挙","由布市","大分県",1,0,0,24,65.5,38,18,2,0.35,0.55,0.05,0.05,0.9
"2017-10-22","由布市長選挙","由布市","大分県",0,1,0,3,62,62,1,0,1,0,0,0,1
"2017-10-22","甲賀市議会議員選挙","甲賀市","滋賀県",1,0,0,31,64,39,20,4,0.25,0.458333333333333,0.166666666666667,0.125,0.708333333333333
"2017-10-22","石岡市長選挙","石岡市","茨城県",0,1,0,1,65,65,1,0,0,1,0,0,1
"2017-10-22","神戸市議会議員補欠選挙","神戸市","兵庫県",1,0,1,NA,43,29,6,0,0.666666666666667,0,0.666666666666667,0,0
"2017-10-22","神戸市長選挙","神戸市","兵庫県",0,1,0,4,63,63,1,0,0,0,0,0,1
"2017-10-22","筑北村議会議員選挙","筑北村","長野県",1,0,0,14,67,57,11,1,0.333333333333333,0.75,0,0,1
"2017-10-22","筑北村長選挙","筑北村","長野県",0,1,0,1,71,71,1,0,0,1,0,0,1
"2017-10-22","米原市議会議員選挙","米原市","滋賀県",1,0,0,25,65.5,43,16,2,0.444444444444444,0.555555555555556,0.111111111111111,0.0555555555555556,0.833333333333333
"2017-10-22","紀北町議会議員補欠選挙","紀北町","三重県",1,0,1,3,73,68,2,0,0.5,1,0,0,1
"2017-10-22","紀北町長選挙","紀北町","三重県",0,1,0,1,63,63,1,0,0,0,0,0,1
"2017-10-22","能美市議会議員選挙","能美市","石川県",1,0,0,20,63.5,36,16,2,0.166666666666667,0.444444444444444,0.0555555555555556,0.111111111111111,0.833333333333333
"2017-10-22","葛城市議会議員選挙","葛城市","奈良県",1,0,0,19,59,41,12,3,0.4,0.266666666666667,0.133333333333333,0.0666666666666667,0.733333333333333
"2017-10-22","西脇市議会議員選挙","西脇市","兵庫県",1,0,0,19,65,50,13,2,0.133333333333333,0.6,0.0666666666666667,0.0666666666666667,0.866666666666667
"2017-10-22","西脇市長選挙","西脇市","兵庫県",0,1,0,1,56,56,1,0,0,0,0,0,1
"2017-10-22","豊岡市議会議員選挙","豊岡市","兵庫県",1,0,0,25,64,45,22,2,0.25,0.458333333333333,0.0833333333333333,0.0833333333333333,0.791666666666667
"2017-10-22","越前市長選挙","越前市","福井県",0,1,0,2,55,55,1,0,0,0,0,0,1
"2017-10-22","身延町議会議員選挙","身延町","山梨県",1,0,0,15,67.5,59,13,1,0.214285714285714,0.714285714285714,0,0.0714285714285714,0.928571428571429
"2017-10-22","辰野町長選挙","辰野町","長野県",0,1,0,2,59,59,1,0,1,0,0,0,1
"2017-10-22","那賀町議会議員選挙","那賀町","徳島県",1,0,0,17,65.5,39,13,1,0.142857142857143,0.571428571428571,0,0.142857142857143,0.857142857142857
"2017-10-22","那須烏山市長選挙","那須烏山市","栃木県",0,1,0,2,57,57,0,1,1,0,0,0,1
"2017-10-22","野洲市議会議員選挙","野洲市","滋賀県",1,0,0,22,64,33,15,3,0.444444444444444,0.277777777777778,0.111111111111111,0.166666666666667,0.666666666666667
"2017-10-22","鉾田市議会議員補欠選挙","鉾田市","茨城県",1,0,1,4,62,61,2,0,0.5,0,0,0,1
"2017-10-22","鉾田市長選挙","鉾田市","茨城県",0,1,0,4,61,61,1,0,1,0,0,0,1
"2017-10-22","鎌倉市長選挙","鎌倉市","神奈川県",0,1,0,4,44,44,1,0,0,0,0,0,1
"2017-10-22","雲仙市議会議員選挙","雲仙市","長崎県",1,0,0,21,63,47,19,0,0.210526315789474,0.421052631578947,0.0526315789473684,0.105263157894737,0.842105263157895
"2017-10-22","飯綱町議会議員選挙","飯綱町","長野県",1,0,0,16,70,42,12,3,0.333333333333333,0.666666666666667,0.0666666666666667,0.133333333333333,0.8
"2017-10-22","飯綱町長選挙","飯綱町","長野県",0,1,0,1,68,68,1,0,0,1,0,0,1
"2017-10-22","高岡市議会議員選挙","高岡市","富山県",1,0,0,34,53,33,24,3,0.333333333333333,0.185185185185185,0.518518518518518,0.148148148148148,0.333333333333333
"2017-10-22","鶴ヶ島市議会議員補欠選挙","鶴ヶ島市","埼玉県",1,0,1,4,56,56,1,0,0,0,0,0,1
"2017-10-22","鶴ヶ島市長選挙","鶴ヶ島市","埼玉県",0,1,0,1,67,67,1,0,1,1,0,0,1
"2017-10-22","龍郷町長選挙","龍郷町","鹿児島県",0,1,0,2,65,65,1,0,1,1,0,0,1
"2017-10-24","寿都町長選挙","寿都町","北海道",0,1,0,1,68,68,1,0,0,1,0,0,1
"2017-10-29","にかほ市長選挙","にかほ市","秋田県",0,1,0,2,50,50,1,0,1,0,0,0,1
"2017-10-29","ふじみ野市長選挙","ふじみ野市","埼玉県",0,1,0,2,56,56,1,0,0,0,0,0,1
"2017-10-29","三朝町議会議員選挙","三朝町","鳥取県",1,0,0,16,63,55,12,0,0.166666666666667,0.416666666666667,0,0,0.916666666666667
"2017-10-29","三朝町長選挙","三朝町","鳥取県",0,1,0,2,59,59,1,0,1,0,0,0,1
"2017-10-29","上毛町長選挙","上毛町","福岡県",0,1,0,2,53,53,1,0,0,0,0,0,1
"2017-10-29","伊勢市議会議員選挙","伊勢市","三重県",1,0,0,30,61,34,24,2,0.153846153846154,0.346153846153846,0.115384615384615,0.0769230769230769,0.807692307692308
"2017-10-29","伊勢市長選挙","伊勢市","三重県",0,1,0,1,41,41,1,0,0,0,0,0,1
"2017-10-29","会津美里町議会議員選挙","会津美里町","福島県",1,0,0,21,65.5,42,14,2,0.1875,0.5625,0.0625,0.0625,0.875
"2017-10-29","会津美里町長選挙","会津美里町","福島県",0,1,0,1,76,76,1,0,0,1,0,0,1
"2017-10-29","利尻富士町議会議員選挙","利尻富士町","北海道",1,0,0,9,67,50,9,0,0.222222222222222,0.666666666666667,0,0,1
"2017-10-29","利尻富士町長選挙","利尻富士町","北海道",0,1,0,1,63,63,1,0,0,0,0,0,1
"2017-10-29","安来市議会議員選挙","安来市","島根県",1,0,0,23,65,44,19,2,0.19047619047619,0.523809523809524,0.0476190476190476,0.0952380952380952,0.857142857142857
"2017-10-29","山口市長選挙","山口市","山口県",0,1,0,3,72,72,1,0,0,1,0,0,1
"2017-10-29","市川三郷町長選挙","市川三郷町","山梨県",0,1,0,2,78,78,1,0,0,1,0,0,1
"2017-10-29","新城市議会議員選挙","新城市","愛知県",1,0,0,23,58,27,16,2,0.277777777777778,0.166666666666667,0.111111111111111,0.0555555555555556,0.833333333333333
"2017-10-29","新城市長選挙","新城市","愛知県",0,1,0,3,65,65,1,0,0,1,0,0,1
"2017-10-29","新温泉町議会議員選挙","新温泉町","兵庫県",1,0,0,18,62,42,15,1,0.5,0.1875,0.0625,0.125,0.8125
"2017-10-29","新温泉町長選挙","新温泉町","兵庫県",0,1,0,3,68,68,1,0,1,1,0,0,1
"2017-10-29","水巻町長選挙","水巻町","福岡県",0,1,0,1,62,62,1,0,0,0,0,0,1
"2017-10-29","熊谷市長選挙","熊谷市","埼玉県",0,1,0,1,64,64,1,0,0,0,0,0,1
"2017-10-29","甲良町長選挙","甲良町","滋賀県",0,1,0,3,67,67,1,0,1,1,0,0,1
"2017-10-29","苅田町議会議員補欠選挙","苅田町","福岡県",1,0,1,3,48.5,38,2,0,1,0,0,0.5,0.5
"2017-10-29","苅田町長選挙","苅田町","福岡県",0,1,0,3,66,66,1,0,1,1,0,0,1
"2017-10-29","蓬田村議会議員補欠選挙","蓬田村","青森県",1,0,1,3,57,57,1,0,1,0,0,0,1
"2017-10-29","蓬田村長選挙","蓬田村","青森県",0,1,0,2,67,67,1,0,0,1,0,0,1
"2017-10-29","越谷市長選挙","越谷市","埼玉県",0,1,0,2,74,74,1,0,0,1,0,0,1
"2017-10-29","那珂川町議会議員補欠選挙","那珂川町","栃木県",1,0,1,5,63,38,2,1,1,0.333333333333333,0,0,1
"2017-10-29","那珂川町長選挙","那珂川町","栃木県",0,1,0,1,67,67,1,0,0,1,0,0,1
"2017-10-29","酒田市議会議員選挙","酒田市","山形県",1,0,0,35,60,42,24,4,0.214285714285714,0.107142857142857,0.0357142857142857,0.0714285714285714,0.892857142857143
"2017-10-29","長和町議会議員選挙","長和町","長野県",1,0,0,11,65,55,10,0,0.3,0.5,0,0.1,0.9
"2017-10-29","長和町長選挙","長和町","長野県",0,1,0,2,71,71,1,0,0,1,0,0,1
"2017-10-29","長野市議会議員補欠選挙","長野市","長野県",1,0,1,4,60,34,2,1,0.666666666666667,0.333333333333333,0,0.333333333333333,0.666666666666667
"2017-10-29","長野市長選挙","長野市","長野県",0,1,0,2,74,74,1,0,0,1,0,0,1
"2017-11-05","三島村長選挙","三島村","鹿児島県",0,1,0,3,59,59,1,0,0,0,0,0,1
"2017-11-05","京丹波町議会議員選挙","京丹波町","京都府",1,0,0,17,68,41,12,4,0.3125,0.75,0.125,0.1875,0.6875
"2017-11-05","京丹波町長選挙","京丹波町","京都府",0,1,0,4,58,58,1,0,1,0,0,0,1
"2017-11-12","一戸町議会議員選挙","一戸町","岩手県",1,0,0,21,69,48,12,2,0.357142857142857,0.642857142857143,0,0.0714285714285714,0.928571428571429
"2017-11-12","一戸町長選挙","一戸町","岩手県",0,1,0,2,50,50,1,0,1,0,0,0,1
"2017-11-12","利島村長選挙","利島村","東京都",0,1,0,3,74,74,1,0,0,1,0,0,1
"2017-11-12","呉市長選挙","呉市","広島県",0,1,0,4,67,67,1,0,1,1,0,0,1
"2017-11-12","市貝町長選挙","市貝町","栃木県",0,1,0,1,57,57,1,0,0,0,0,0,1
"2017-11-12","木曽町議会議員選挙","木曽町","長野県",1,0,0,14,63,49,11,3,0.214285714285714,0.428571428571429,0.0714285714285714,0.142857142857143,0.785714285714286
"2017-11-12","木曽町長選挙","木曽町","長野県",0,1,0,1,66,66,1,0,0,1,0,0,1
"2017-11-12","滑川市議会議員選挙","滑川市","富山県",1,0,0,15,63,32,14,1,0.2,0.4,0.6,0.133333333333333,0.266666666666667
"2017-11-12","甲州市議会議員選挙","甲州市","山梨県",1,0,0,18,58.5,37,16,2,0.388888888888889,0.388888888888889,0.0555555555555556,0.0555555555555556,0.888888888888889
"2017-11-12","甲州市長選挙","甲州市","山梨県",0,1,0,3,72,72,1,0,0,1,0,0,1
"2017-11-12","葛飾区議会議員選挙","葛飾区","東京都",1,0,0,59,54.5,29,28,12,0.2,0.15,0.525,0.125,0.225
"2017-11-12","葛飾区長選挙","葛飾区","東京都",0,1,0,2,68,68,1,0,0,1,0,0,1
"2017-11-12","西和賀町議会議員補欠選挙","西和賀町","岩手県",1,0,1,3,60.5,57,2,0,0.5,0,0,0,1
"2017-11-12","西和賀町長選挙","西和賀町","岩手県",0,1,0,2,68,68,1,0,0,1,0,0,1
"2017-11-12","観音寺市議会議員選挙","観音寺市","香川県",1,0,0,20,57,37,19,1,0.1,0.25,0.7,0.1,0.2
"2017-11-12","観音寺市長選挙","観音寺市","香川県",0,1,0,2,71,71,1,0,0,1,0,0,1
"2017-11-12","都留市議会議員補欠選挙","都留市","山梨県",1,0,1,3,50,50,1,0,1,0,0,0,1
"2017-11-12","都留市長選挙","都留市","山梨県",0,1,0,1,68,68,1,0,0,1,0,0,1
"2017-11-12","阿南市議会議員選挙","阿南市","徳島県",1,0,0,29,64,30,23,5,0.178571428571429,0.5,0.0714285714285714,0.0714285714285714,0.857142857142857
"2017-11-12","阿武町議会議員選挙","阿武町","山口県",1,0,0,12,63.5,40,8,0,0.375,0.5,0,0,1
"2017-11-18","猿払村長選挙","猿払村","北海道",0,1,0,1,57,57,1,0,0,0,0,0,1
"2017-11-19","いなべ市議会議員選挙","いなべ市","三重県",1,0,0,23,62.5,32,13,5,0.277777777777778,0.333333333333333,0.0555555555555556,0.111111111111111,0.833333333333333
"2017-11-19","みよし市長選挙","みよし市","愛知県",0,1,0,1,66,66,1,0,0,1,0,0,1
"2017-11-19","五條市議会議員選挙","五條市","奈良県",1,0,0,18,61,39,11,1,0.0833333333333333,0.333333333333333,0.25,0.0833333333333333,0.666666666666667
"2017-11-19","北谷町長選挙","北谷町","沖縄県",0,1,0,1,72,72,1,0,0,1,0,0,1
"2017-11-19","南さつま市議会議員選挙","南さつま市","鹿児島県",1,0,0,19,65,50,NA,NA,0.111111111111111,0.5,0.0555555555555556,0.111111111111111,0.833333333333333
"2017-11-19","南さつま市長選挙","南さつま市","鹿児島県",0,1,0,2,62,62,1,0,0,0,0,0,1
"2017-11-19","名古屋市議会議員補欠選挙（東区選挙区）","名古屋市","愛知県",1,0,1,2,28,28,1,0,1,0,0,0,0
"2017-11-19","多可町議会議員選挙","多可町","兵庫県",1,0,0,14,65.5,54,12,2,0.285714285714286,0.571428571428571,0.0714285714285714,0.0714285714285714,0.857142857142857
"2017-11-19","多可町長選挙","多可町","兵庫県",0,1,0,4,61,61,1,0,1,0,0,0,1
"2017-11-19","奄美市長選挙","奄美市","鹿児島県",0,1,0,2,70,70,1,0,0,1,0,0,1
"2017-11-19","妹背牛町議会議員補欠選挙","妹背牛町","北海道",1,0,1,2,62,62,0,1,1,0,0,0,1
"2017-11-19","妹背牛町長選挙","妹背牛町","北海道",0,1,0,2,60,60,1,0,1,0,0,0,1
"2017-11-19","射水市議会議員選挙","射水市","富山県",1,0,0,22,63.5,31,20,2,0.136363636363636,0.409090909090909,0.5,0.136363636363636,0.363636363636364
"2017-11-19","射水市長選挙","射水市","富山県",0,1,0,1,45,45,1,0,0,0,0,0,1
"2017-11-19","岩美町長選挙","岩美町","鳥取県",0,1,0,1,57,57,1,0,1,0,0,0,1
"2017-11-19","広野町長選挙","広野町","福島県",0,1,0,3,56,56,1,0,0,0,0,0,1
"2017-11-19","御浜町議会議員選挙","御浜町","三重県",1,0,0,11,63.5,43,9,1,0,0.5,0,0.1,0.9
"2017-11-19","恵庭市長選挙","恵庭市","北海道",0,1,0,1,65,65,1,0,0,1,0,0,1
"2017-11-19","曽於市議会議員選挙","曽於市","鹿児島県",1,0,0,22,65,56,19,1,0.15,0.55,0,0.1,0.9
"2017-11-19","真室川町長選挙","真室川町","山形県",0,1,0,2,61,61,1,0,1,0,0,0,1
"2017-11-19","神栖市長選挙","神栖市","茨城県",0,1,0,3,59,59,1,0,1,0,0,0,1
"2017-11-19","神河町長選挙","神河町","兵庫県",0,1,0,2,58,58,1,0,0,0,0,0,1
"2017-11-19","福島市長選挙","福島市","福島県",0,1,0,4,57,57,1,0,1,0,0,0,1
"2017-11-19","筑後市議会議員補欠選挙","筑後市","福岡県",1,0,1,1,55,55,1,0,1,0,0,0,1
"2017-11-19","筑後市長選挙","筑後市","福岡県",0,1,0,1,60,60,1,0,1,0,0,0,1
"2017-11-19","糸満市議会議員選挙","糸満市","沖縄県",1,0,0,28,58,32,19,2,0.285714285714286,0.19047619047619,0.0952380952380952,0.0952380952380952,0.761904761904762
"2017-11-19","紀の川市議会議員選挙","紀の川市","和歌山県",1,0,0,24,63.5,38,18,4,0.0909090909090909,0.454545454545455,0.136363636363636,0.136363636363636,0.727272727272727
"2017-11-19","紀の川市長選挙","紀の川市","和歌山県",0,1,0,1,75,75,1,0,0,1,0,0,1
"2017-11-19","藍住町長選挙","藍住町","徳島県",0,1,0,1,52,52,1,0,1,0,0,0,1
"2017-11-19","霧島市議会議員選挙","霧島市","鹿児島県",1,0,0,32,60,38,23,3,0.307692307692308,0.307692307692308,0.115384615384615,0.0769230769230769,0.807692307692308
"2017-11-19","霧島市長選挙","霧島市","鹿児島県",0,1,0,2,40,40,1,0,1,0,0,0,1
"2017-11-19","鳥栖市議会議員選挙","鳥栖市","佐賀県",1,0,0,26,59,38,20,2,0.136363636363636,0.409090909090909,0.181818181818182,0.181818181818182,0.590909090909091
"2017-11-26","いすみ市議会議員補欠選挙","いすみ市","千葉県",1,0,1,3,47,47,1,0,1,0,0,0,1
"2017-11-26","いすみ市長選挙","いすみ市","千葉県",0,1,0,1,69,69,1,0,0,1,0,0,1
"2017-11-26","二本松市議会議員補欠選挙","二本松市","福島県",1,0,1,1,54,54,1,0,1,0,0,0,1
"2017-11-26","二本松市長選挙","二本松市","福島県",0,1,0,2,68,68,1,0,0,1,0,0,1
"2017-11-26","岸和田市議会議員補欠選挙","岸和田市","大阪府",1,0,1,4,27,27,1,0,1,0,0,0,0
"2017-11-26","岸和田市長選挙","岸和田市","大阪府",0,1,0,3,56,56,1,0,0,0,0,0,1
"2017-11-26","市川市議会議員補欠選挙","市川市","千葉県",1,0,1,6,38,37,2,0,1,0,0,0,1
"2017-11-26","日之影町長選挙","日之影町","宮崎県",0,1,0,1,61,61,1,0,0,0,0,0,1
"2017-11-26","本山町議会議員補欠選挙","本山町","高知県",1,0,1,3,61,52,NA,NA,1,0.5,0,0,1
"2017-11-26","本山町長選挙","本山町","高知県",0,1,0,3,60,60,1,0,1,0,0,0,1
"2017-11-26","河津町長選挙","河津町","静岡県",0,1,0,2,67,67,1,0,1,1,0,0,1
"2017-11-26","浦河町長選挙","浦河町","北海道",0,1,0,1,66,66,1,0,0,1,0,0,1
"2017-11-26","産山村長選挙","産山村","熊本県",0,1,0,1,68,68,1,0,0,1,0,0,1
"2017-11-26","芝山町長選挙","芝山町","千葉県",0,1,0,2,67,67,1,0,0,1,0,0,1
"2017-11-26","酒々井町長選挙","酒々井町","千葉県",0,1,0,1,69,69,1,0,0,1,0,0,1
"2017-11-26","錦江町長選挙","錦江町","鹿児島県",0,1,0,2,60,60,1,0,1,0,0,0,1
"2017-11-26","鳴門市議会議員選挙","鳴門市","徳島県",1,0,0,26,66,37,19,3,0.136363636363636,0.545454545454545,0.0909090909090909,0.0454545454545455,0.863636363636364
"2017-11-26","鳴門市長選挙","鳴門市","徳島県",0,1,0,1,56,56,1,0,0,0,0,0,1
"2017-12-03","剣淵町議会議員選挙","剣淵町","北海道",1,0,0,11,62.5,31,8,2,0.4,0.2,0,0,1
"2017-12-03","剣淵町長選挙","剣淵町","北海道",0,1,0,2,64,64,1,0,0,0,0,0,1
"2017-12-03","大崎町長選挙","大崎町","鹿児島県",0,1,0,1,73,73,1,0,0,1,0,0,1
"2017-12-03","太宰府市議会議員選挙","太宰府市","福岡県",1,0,0,21,54.5,36,15,3,0.0555555555555556,0.166666666666667,0.111111111111111,0.166666666666667,0.722222222222222
"2017-12-03","松島町議会議員選挙","松島町","宮城県",1,0,0,15,66,44,14,0,0.0714285714285714,0.5,0.0714285714285714,0.0714285714285714,0.857142857142857
"2017-12-03","松崎町議会議員補欠選挙","松崎町","静岡県",1,0,1,1,50,50,1,0,1,0,0,0,1
"2017-12-03","松崎町長選挙","松崎町","静岡県",0,1,0,3,67,67,1,0,1,1,0,0,1
"2017-12-03","柳井市議会議員選挙","柳井市","山口県",1,0,0,18,63.5,42,17,1,0.222222222222222,0.444444444444444,0.111111111111111,0.0555555555555556,0.833333333333333
"2017-12-03","梼原町議会議員補欠選挙","梼原町","高知県",1,0,1,2,69,69,1,0,0,1,0,0,1
"2017-12-03","梼原町長選挙","梼原町","高知県",0,1,0,2,57,57,1,0,1,0,0,0,1
"2017-12-03","湯沢町長選挙","湯沢町","新潟県",0,1,0,1,66,66,1,0,0,1,0,0,1
"2017-12-03","知名町長選挙","知名町","鹿児島県",0,1,0,3,60,60,1,0,1,0,0,0,1
"2017-12-03","鰺ヶ沢町長選挙","鰺ヶ沢町","青森県",0,1,0,3,58,58,1,0,1,0,0,0,1
"2017-12-17","三原村長選挙","三原村","高知県",0,1,0,2,69,69,1,0,0,1,0,0,1
"2017-12-17","上尾市議会議員補欠選挙","上尾市","埼玉県",1,0,1,6,48.5,30,2,0,1,0.5,0,0.5,0.5
"2017-12-17","上尾市長選挙","上尾市","埼玉県",0,1,0,4,68,68,1,0,1,1,0,0,1
"2017-12-17","旭市議会議員選挙","旭市","千葉県",1,0,0,23,64,40,18,2,0.15,0.45,0.1,0.05,0.85
"2017-12-17","比布町長選挙","比布町","北海道",0,1,0,2,47,47,1,0,1,0,0,0,1
"2017-12-17","関川村長選挙","関川村","新潟県",0,1,0,1,62,62,1,0,1,0,0,0,1
"2017-12-17","階上町長選挙","階上町","青森県",0,1,0,2,61,61,1,0,0,0,0,0,1
"2017-12-17","麻績村長選挙","麻績村","長野県",0,1,0,1,69,69,1,0,0,1,0,0,1
"2017-12-24","三豊市長選挙","三豊市","香川県",0,1,0,2,51,51,1,0,1,0,0,0,1
"2017-12-24","土庄町長選挙","土庄町","香川県",0,1,0,1,59,59,1,0,0,0,0,0,1
"2017-12-24","富士市長選挙","富士市","静岡県",0,1,0,2,62,62,1,0,0,0,0,0,1
"2017-12-24","東久留米市議会議員補欠選挙","東久留米市","東京都",1,0,1,3,38.5,30,1,1,1,0,0,0.5,0.5
"2017-12-24","東久留米市長選挙","東久留米市","東京都",0,1,0,2,48,48,1,0,0,0,1,0,0
"2017-12-24","相馬市議会議員補欠選挙","相馬市","福島県",1,0,1,1,43,43,1,0,1,0,0,0,1
"2017-12-24","相馬市長選挙","相馬市","福島県",0,1,0,2,66,66,1,0,0,1,0,0,1
"2017-12-24","竹原市長選挙","竹原市","広島県",0,1,0,3,57,57,1,0,1,0,0,0,1
"2017-12-24","那智勝浦町長選挙","那智勝浦町","和歌山県",0,1,0,2,67,67,1,0,1,1,0,0,1
"2017-12-24","龍ケ崎市長選挙","龍ケ崎市","茨城県",0,1,0,2,55,55,1,0,0,0,0,0,1
"2018-01-14","喬木村長選挙","喬木村","長野県",0,1,0,1,59,59,1,0,0,0,0,0,1
"2018-01-14","高森町長選挙","高森町","長野県",0,1,0,1,48,48,1,0,1,0,0,0,1
"2018-01-21","中土佐町議会議員選挙","中土佐町","高知県",1,0,0,14,66,53,11,1,0.25,0.75,0,0.0833333333333333,0.916666666666667
"2018-01-21","中土佐町長選挙","中土佐町","高知県",0,1,0,1,63,63,1,0,0,0,0,0,1
"2018-01-21","久留米市長選挙","久留米市","福岡県",0,1,0,3,56,56,1,0,1,0,0,0,1
"2018-01-21","二戸市長選挙","二戸市","岩手県",0,1,0,1,65,65,1,0,0,1,0,0,1
"2018-01-21","五泉市議会議員補欠選挙","五泉市","新潟県",1,0,1,1,42,42,1,0,1,0,0,0,1
"2018-01-21","五泉市長選挙","五泉市","新潟県",0,1,0,3,67,67,1,0,0,1,0,0,1
"2018-01-21","仁淀川町議会議員選挙","仁淀川町","高知県",1,0,0,11,68.5,57,10,0,0.2,0.7,0,0,1
"2018-01-21","北島町議会議員補欠選挙","北島町","徳島県",1,0,1,1,46,46,0,1,1,0,0,0,1
"2018-01-21","北島町長選挙","北島町","徳島県",0,1,0,1,68,68,1,0,0,1,0,0,1
"2018-01-21","南城市議会議員補欠選挙","南城市","沖縄県",1,0,1,2,41,41,1,0,0,0,0,0,1
"2018-01-21","南城市長選挙","南城市","沖縄県",0,1,0,2,59,59,1,0,1,0,0,1,0
"2018-01-21","南相馬市長選挙","南相馬市","福島県",0,1,0,2,63,63,1,0,1,0,0,0,1
"2018-01-21","和寒町長選挙","和寒町","北海道",0,1,0,1,57,57,1,0,0,0,0,0,1
"2018-01-21","大多喜町長選挙","大多喜町","千葉県",0,1,0,1,73,73,1,0,0,1,0,0,1
"2018-01-21","嬉野市議会議員選挙","嬉野市","佐賀県",1,0,0,18,59.5,32,14,2,0.3125,0.3125,0.0625,0,0.9375
"2018-01-21","嬉野市長選挙","嬉野市","佐賀県",0,1,0,3,35,35,1,0,1,0,0,0,1
"2018-01-21","東洋町議会議員選挙","東洋町","高知県",1,0,0,9,66,54,9,0,0,0.666666666666667,0,0,1
"2018-01-21","松浦市議会議員選挙","松浦市","長崎県",1,0,0,19,66,31,15,2,0.176470588235294,0.588235294117647,0.0588235294117647,0.0588235294117647,0.882352941176471
"2018-01-21","松浦市長選挙","松浦市","長崎県",0,1,0,1,53,53,1,0,1,0,0,0,1
"2018-01-21","枕崎市長選挙","枕崎市","鹿児島県",0,1,0,2,53,53,1,0,1,0,0,0,1
"2018-01-21","洋野町長選挙","洋野町","岩手県",0,1,0,1,77,77,1,0,0,1,0,0,1
"2018-01-21","秦野市長選挙","秦野市","神奈川県",0,1,0,2,61,61,1,0,1,0,0,0,1
"2018-01-21","穴水町長選挙","穴水町","石川県",0,1,0,1,76,76,1,0,0,1,0,0,1
"2018-01-21","紀美野町長選挙","紀美野町","和歌山県",0,1,0,1,73,73,1,0,0,1,0,0,1
"2018-01-21","美濃市長選挙","美濃市","岐阜県",0,1,0,1,65,65,1,0,0,1,0,0,1
"2018-01-21","美里町議会議員選挙","美里町","宮城県",1,0,0,17,65,49,14,2,0.0625,0.5,0,0.125,0.875
"2018-01-21","美里町長選挙","美里町","宮城県",0,1,0,1,65,65,1,0,0,1,0,0,1
"2018-01-21","草津町長選挙","草津町","群馬県",0,1,0,2,70,70,1,0,0,1,0,0,1
"2018-01-21","裾野市長選挙","裾野市","静岡県",0,1,0,2,53,53,1,0,0,0,0,0,1
"2018-01-21","里庄町長選挙","里庄町","岡山県",0,1,0,1,57,57,1,0,1,0,0,0,1
"2018-01-21","長南町議会議員補欠選挙","長南町","千葉県",1,0,1,2,66.5,63,2,0,0,0.5,0,0,1
"2018-01-21","長南町長選挙","長南町","千葉県",0,1,0,1,66,66,1,0,0,1,0,0,1
"2018-01-28","三豊市議会議員選挙","三豊市","香川県",1,0,0,24,63,41,20,2,0.181818181818182,0.409090909090909,0.318181818181818,0.136363636363636,0.545454545454545
"2018-01-28","上富田町長選挙","上富田町","和歌山県",0,1,0,3,54,54,1,0,1,0,0,0,1
"2018-01-28","伊仙町議会議員選挙","伊仙町","鹿児島県",1,0,0,17,58.5,38,14,0,0.357142857142857,0.214285714285714,0,0,1
"2018-01-28","伊達市長選挙","伊達市","福島県",0,1,0,5,59,59,1,0,1,0,0,0,1
"2018-01-28","八重瀬町長選挙","八重瀬町","沖縄県",0,1,0,3,62,62,1,0,1,0,0,0,1
"2018-01-28","勝浦町長選挙","勝浦町","徳島県",0,1,0,2,61,61,1,0,1,0,0,0,1
"2018-01-28","北斗市議会議員補欠選挙","北斗市","北海道",1,0,1,2,58,58,0,1,1,0,0,0,1
"2018-01-28","北斗市長選挙","北斗市","北海道",0,1,0,2,58,58,1,0,1,0,0,0,1
"2018-01-28","南部町長選挙","南部町","青森県",0,1,0,1,62,62,1,0,0,0,0,0,1
"2018-01-28","喜多方市長選挙","喜多方市","福島県",0,1,0,2,70,70,1,0,1,1,0,0,1
"2018-01-28","多気町長選挙","多気町","三重県",0,1,0,1,70,70,1,0,0,1,0,0,1
"2018-01-28","大台町議会議員選挙","大台町","三重県",1,0,0,14,65,28,11,0,0.545454545454545,0.636363636363636,0,0,1
"2018-01-28","大台町長選挙","大台町","三重県",0,1,0,3,69,69,1,0,1,1,0,0,1
"2018-01-28","太宰府市長選挙","太宰府市","福岡県",0,1,0,2,42,42,1,0,1,0,0,0,1
"2018-01-28","宮崎市議会議員補欠選挙","宮崎市","宮崎県",1,0,1,6,66,66,0,1,0,1,0,0,1
"2018-01-28","宮崎市長選挙","宮崎市","宮崎県",0,1,0,3,65,65,1,0,0,1,0,0,1
"2018-01-28","岐阜市議会議員補欠選挙","岐阜市","岐阜県",1,0,1,3,68,68,1,0,0,1,1,0,0
"2018-01-28","岐阜市長選挙","岐阜市","岐阜県",0,1,0,7,38,38,1,0,1,0,0,0,1
"2018-01-28","岩泉町長選挙","岩泉町","岩手県",0,1,0,1,63,63,1,0,1,0,0,0,1
"2018-01-28","平川市長選挙","平川市","青森県",0,1,0,2,68,68,1,0,0,1,0,0,1
"2018-01-28","延岡市長選挙","延岡市","宮崎県",0,1,0,2,53,53,1,0,1,0,0,0,1
"2018-01-28","志布志市議会議員選挙","志布志市","鹿児島県",1,0,0,23,62,27,19,1,0.15,0.35,0.05,0.05,0.9
"2018-01-28","志布志市長選挙","志布志市","鹿児島県",0,1,0,2,69,69,1,0,1,1,0,0,1
"2018-01-28","曽爾村長選挙","曽爾村","奈良県",0,1,0,2,70,70,1,0,0,1,0,0,1
"2018-01-28","有田川町議会議員選挙","有田川町","和歌山県",1,0,0,18,65.5,28,15,1,0.25,0.5625,0,0.125,0.875
"2018-01-28","有田川町長選挙","有田川町","和歌山県",0,1,0,1,73,73,1,0,0,1,0,0,1
"2018-01-28","本庄市議会議員選挙","本庄市","埼玉県",1,0,0,28,57,29,15,6,0.238095238095238,0.428571428571429,0.0952380952380952,0.0476190476190476,0.857142857142857
"2018-01-28","本庄市長選挙","本庄市","埼玉県",0,1,0,1,50,50,1,0,0,0,0,0,1
"2018-01-28","津市議会議員選挙","津市","三重県",1,0,0,40,63,30,27,7,0.147058823529412,0.352941176470588,0.264705882352941,0.117647058823529,0.588235294117647
"2018-01-28","深谷市議会議員補欠選挙","深谷市","埼玉県",1,0,1,1,62,62,1,0,1,0,0,0,1
"2018-01-28","深谷市長選挙","深谷市","埼玉県",0,1,0,3,57,57,1,0,0,0,0,0,1
"2018-01-28","玖珠町長選挙","玖珠町","大分県",0,1,0,2,55,55,1,0,1,0,0,0,1
"2018-01-28","琴浦町議会議員選挙","琴浦町","鳥取県",1,0,0,17,67,40,14,2,0.25,0.6875,0,0.0625,0.9375
"2018-01-28","琴浦町長選挙","琴浦町","鳥取県",0,1,0,1,60,60,1,0,1,0,0,0,1
"2018-01-28","神川町議会議員補欠選挙","神川町","埼玉県",1,0,1,1,62,62,1,0,1,0,0,0,1
"2018-01-28","神川町長選挙","神川町","埼玉県",0,1,0,2,61,61,1,0,1,0,0,0,1
"2018-01-28","立山町議会議員選挙","立山町","富山県",1,0,0,16,64,46,13,1,0.214285714285714,0.5,0.857142857142857,0.0714285714285714,0.0714285714285714
"2018-01-28","立山町長選挙","立山町","富山県",0,1,0,1,52,52,1,0,0,0,0,0,1
"2018-01-28","築上町長選挙","築上町","福岡県",0,1,0,2,71,71,1,0,0,1,0,0,1
"2018-01-28","糸島市議会議員選挙","糸島市","福岡県",1,0,0,28,60,39,18,2,0.35,0.3,0.1,0.1,0.75
"2018-01-28","糸島市長選挙","糸島市","福岡県",0,1,0,2,59,59,1,0,0,0,0,0,1
"2018-01-28","紀宝町長選挙","紀宝町","三重県",0,1,0,2,69,69,1,0,0,1,0,0,1
"2018-01-28","紫波町長選挙","紫波町","岩手県",0,1,0,1,70,70,1,0,0,1,0,0,1
"2018-01-28","綾部市長選挙","綾部市","京都府",0,1,0,2,59,59,1,0,0,0,0,0,1
"2018-01-28","美濃加茂市長選挙","美濃加茂市","岐阜県",0,1,0,2,61,61,1,0,1,0,0,0,1
"2018-01-28","花巻市長選挙","花巻市","岩手県",0,1,0,1,63,63,1,0,0,0,0,0,1
"2018-01-28","西目屋村長選挙","西目屋村","青森県",0,1,0,1,50,50,1,0,0,0,0,0,1
"2018-01-28","豊浦町長選挙","豊浦町","北海道",0,1,0,1,67,67,1,0,0,1,0,0,1
"2018-01-28","貝塚市長選挙","貝塚市","大阪府",0,1,0,1,65,65,1,0,0,1,0,0,1
"2018-01-28","都城市議会議員選挙","都城市","宮崎県",1,0,0,35,61,35,25,4,0.172413793103448,0.379310344827586,0.241379310344828,0.137931034482759,0.620689655172414
"2018-01-28","阿智村長選挙","阿智村","長野県",0,1,0,1,49,49,1,0,0,0,0,0,1
"2018-01-28","鹿屋市長選挙","鹿屋市","鹿児島県",0,1,0,1,64,64,1,0,0,0,0,0,1
"2018-02-04","あわら市長選挙","あわら市","福井県",0,1,0,3,59,59,1,0,1,0,0,0,1
"2018-02-04","匝瑳市長選挙","匝瑳市","千葉県",0,1,0,1,73,73,1,0,0,1,0,0,1
"2018-02-04","名護市議会議員補欠選挙","名護市","沖縄県",1,0,1,2,47,47,0,1,1,0,0,0,1
"2018-02-04","名護市長選挙","名護市","沖縄県",0,1,0,2,56,56,1,0,1,0,0,0,1
"2018-02-04","境港市議会議員選挙","境港市","鳥取県",1,0,0,16,59.5,31,15,1,0.0625,0.4375,0.3125,0.1875,0.5
"2018-02-04","境町長選挙","境町","茨城県",0,1,0,2,42,42,1,0,0,0,0,0,1
"2018-02-04","岸和田市議会議員補欠選挙","岸和田市","大阪府",1,0,1,3,30,30,1,0,1,0,0,0,0
"2018-02-04","岸和田市長選挙","岸和田市","大阪府",0,1,0,3,39,39,1,0,1,0,0,0,0
"2018-02-04","川口市長選挙","川口市","埼玉県",0,1,0,2,66,66,1,0,0,1,0,0,1
"2018-02-04","指宿市議会議員選挙","指宿市","鹿児島県",1,0,0,28,64,38,18,2,0.35,0.45,0.05,0.1,0.85
"2018-02-04","指宿市長選挙","指宿市","鹿児島県",0,1,0,2,67,67,1,0,0,1,0,0,1
"2018-02-04","日野町長選挙","日野町","鳥取県",0,1,0,2,61,61,1,0,1,0,0,0,1
"2018-02-04","東広島市長選挙","東広島市","広島県",0,1,0,3,64,64,1,0,1,0,0,0,1
"2018-02-04","水俣市議会議員補欠選挙","水俣市","熊本県",1,0,1,1,53,53,1,0,0,0,0,0,1
"2018-02-04","水俣市長選挙","水俣市","熊本県",0,1,0,2,59,59,1,0,1,0,0,0,1
"2018-02-04","滑川市長選挙","滑川市","富山県",0,1,0,2,74,74,1,0,0,1,0,0,1
"2018-02-04","潟上市議会議員選挙","潟上市","秋田県",1,0,0,20,66.5,39,17,1,0.111111111111111,0.666666666666667,0.0555555555555556,0.0555555555555556,0.888888888888889
"2018-02-04","王滝村長選挙","王滝村","長野県",0,1,0,1,68,68,1,0,0,1,0,0,1
"2018-02-04","神戸市議会議員補欠選挙（長田区選挙区）","神戸市","兵庫県",1,0,1,5,49,49,1,0,1,0,1,0,0
"2018-02-04","美郷町議会議員選挙","美郷町","宮崎県",1,0,0,14,65.5,51,12,0,0.416666666666667,0.583333333333333,0,0,1
"2018-02-04","美郷町長選挙","美郷町","宮崎県",0,1,0,2,61,61,1,0,1,0,0,0,1
"2018-02-04","高萩市長選挙","高萩市","茨城県",0,1,0,2,59,59,1,0,1,0,0,0,1
"2018-02-11","南丹市議会議員選挙","南丹市","京都府",1,0,0,23,61.5,40,21,1,0.318181818181818,0.409090909090909,0.0909090909090909,0.136363636363636,0.772727272727273
"2018-02-11","小城市議会議員選挙","小城市","佐賀県",1,0,0,25,62.5,35,17,3,0.2,0.35,0.05,0.1,0.75
"2018-02-11","津山市長選挙","津山市","岡山県",0,1,0,2,54,54,1,0,1,0,0,0,1
"2018-02-11","若桜町議会議員選挙","若桜町","鳥取県",1,0,0,11,56.5,43,10,0,0.2,0.3,0,0.1,0.9
"2018-02-11","若桜町長選挙","若桜町","鳥取県",0,1,0,2,56,56,1,0,1,0,0,0,1
"2018-02-11","香春町長選挙","香春町","福岡県",0,1,0,3,70,70,1,0,1,1,0,0,1
"2018-02-18","ときがわ町議会議員選挙","ときがわ町","埼玉県",1,0,0,12,62,31,10,2,0.166666666666667,0.416666666666667,0.0833333333333333,0.0833333333333333,0.833333333333333
"2018-02-18","ときがわ町長選挙","ときがわ町","埼玉県",0,1,0,1,64,64,1,0,1,0,0,0,1
"2018-02-18","みやき町議会議員選挙","みやき町","佐賀県",1,0,0,19,68.5,58,14,2,0.125,0.8125,0.125,0.0625,0.8125
"2018-02-18","上関町議会議員選挙","上関町","山口県",1,0,0,11,66.5,40,8,2,0.2,0.6,0,0,1
"2018-02-18","利府町議会議員補欠選挙","利府町","宮城県",1,0,1,2,59.5,55,2,0,0.5,0,0,0,1
"2018-02-18","利府町長選挙","利府町","宮城県",0,1,0,4,43,43,1,0,1,0,0,0,1
"2018-02-18","四街道市長選挙","四街道市","千葉県",0,1,0,3,64,64,1,0,0,0,0,0,1
"2018-02-18","大野町長選挙","大野町","岐阜県",0,1,0,2,63,63,1,0,0,0,0,0,1
"2018-02-18","日野市議会議員選挙","日野市","東京都",1,0,0,33,55.5,38,15,9,0.25,0,0.333333333333333,0.208333333333333,0.333333333333333
"2018-02-18","神恵内村長選挙","神恵内村","北海道",0,1,0,1,67,67,1,0,0,1,0,0,1
"2018-02-18","読谷村長選挙","読谷村","沖縄県",0,1,0,1,62,62,1,0,0,0,0,0,1
"2018-02-18","阿見町長選挙","阿見町","茨城県",0,1,0,2,55,55,1,0,1,0,0,0,1
"2018-02-18","鳩山町議会議員補欠選挙","鳩山町","埼玉県",1,0,1,4,62,49,2,1,0.333333333333333,0.333333333333333,0,0,1
"2018-02-25","おいらせ町長選挙","おいらせ町","青森県",0,1,0,2,67,67,1,0,0,1,0,0,1
"2018-02-25","南関町議会議員選挙","南関町","熊本県",1,0,0,16,62.5,47,12,0,0.25,0.416666666666667,0,0,1
"2018-02-25","南関町長選挙","南関町","熊本県",0,1,0,1,56,56,1,0,0,0,0,0,1
"2018-02-25","城里町議会議員選挙","城里町","茨城県",1,0,0,16,64.5,38,12,2,0.214285714285714,0.5,0.142857142857143,0.0714285714285714,0.785714285714286
"2018-02-25","宇美町議会議員選挙","宇美町","福岡県",1,0,0,17,62.5,40,13,1,0.428571428571429,0.357142857142857,0.142857142857143,0.0714285714285714,0.785714285714286
"2018-02-25","宇美町長選挙","宇美町","福岡県",0,1,0,1,64,64,1,0,0,0,0,0,1
"2018-02-25","愛荘町議会議員選挙","愛荘町","滋賀県",1,0,0,17,69.5,58,12,2,0.285714285714286,0.785714285714286,0,0.142857142857143,0.857142857142857
"2018-02-25","愛荘町長選挙","愛荘町","滋賀県",0,1,0,2,43,43,1,0,1,0,0,0,1
"2018-02-25","新富町議会議員補欠選挙","新富町","宮崎県",1,0,1,2,64,64,1,0,0,0,0,0,1
"2018-02-25","新富町長選挙","新富町","宮崎県",0,1,0,2,46,46,1,0,1,0,0,0,1
"2018-02-25","日南町長選挙","日南町","鳥取県",0,1,0,1,61,61,1,0,0,0,0,0,1
"2018-02-25","永平寺町長選挙","永平寺町","福井県",0,1,0,1,45,45,1,0,0,0,0,0,1
"2018-02-25","町田市議会議員選挙","町田市","東京都",1,0,0,44,51.5,28,26,10,0.222222222222222,0.0833333333333333,0.5,0.111111111111111,0.222222222222222
"2018-02-25","町田市長選挙","町田市","東京都",0,1,0,3,70,70,1,0,0,1,0,0,1
"2018-02-25","留萌市長選挙","留萌市","北海道",0,1,0,2,61,61,1,0,1,0,0,0,1
"2018-02-25","行橋市議会議員補欠選挙","行橋市","福岡県",1,0,1,3,35,35,1,0,1,0,0,0,1
"2018-02-25","行橋市長選挙","行橋市","福岡県",0,1,0,3,71,71,1,0,0,1,0,0,1
"2018-02-25","西郷村議会議員補欠選挙","西郷村","福島県",1,0,1,4,57,57,NA,NA,1,0,0,0,1
"2018-02-25","西郷村長選挙","西郷村","福島県",0,1,0,2,63,63,1,0,1,0,0,0,1
"2018-02-25","長浜市長選挙","長浜市","滋賀県",0,1,0,2,67,67,1,0,0,1,0,0,1
"2018-03-04","奥州市議会議員選挙","奥州市","岩手県",1,0,0,30,61,40,25,3,0.321428571428571,0.392857142857143,0.0714285714285714,0.214285714285714,0.714285714285714
"2018-03-04","奥州市長選挙","奥州市","岩手県",0,1,0,3,59,59,1,0,0,0,0,0,1
"2018-03-04","安堵町議会議員補欠選挙","安堵町","奈良県",1,0,1,3,73,70,1,1,0,1,0,0,1
"2018-03-04","福智町議会議員補欠選挙","福智町","福岡県",1,0,1,5,64,64,1,0,0,0,0,0,1
"2018-03-04","福智町長選挙","福智町","福岡県",0,1,0,2,60,60,1,0,0,0,0,0,1
"2018-03-04","美浜町議会議員選挙","美浜町","福井県",1,0,0,14,65.5,40,14,0,0.214285714285714,0.571428571428571,0,0.0714285714285714,0.928571428571429
"2018-03-04","金ケ崎町長選挙","金ケ崎町","岩手県",0,1,0,2,71,71,1,0,0,1,0,0,1
"2018-03-11","宮若市議会議員選挙","宮若市","福岡県",1,0,0,20,64,28,15,2,0.235294117647059,0.470588235294118,0.117647058823529,0.117647058823529,0.764705882352941
"2018-03-11","宮若市長選挙","宮若市","福岡県",0,1,0,1,72,72,1,0,0,1,0,0,1
"2018-03-11","小海町長選挙","小海町","長野県",0,1,0,1,62,62,1,0,1,0,0,0,1
"2018-03-11","洲本市議会議員選挙","洲本市","兵庫県",1,0,0,19,64,31,16,2,0.166666666666667,0.5,0.166666666666667,0.166666666666667,0.666666666666667
"2018-03-11","洲本市長選挙","洲本市","兵庫県",0,1,0,2,72,72,1,0,0,1,0,0,1
"2018-03-11","石垣市議会議員補欠選挙","石垣市","沖縄県",1,0,1,3,43,35,1,1,1,0,0,0,1
"2018-03-11","石垣市長選挙","石垣市","沖縄県",0,1,0,3,50,50,1,0,0,0,1,0,0
"2018-03-11","輪島市長選挙","輪島市","石川県",0,1,0,2,69,69,1,0,0,1,0,0,1
"2018-03-18","むかわ町議会議員選挙","むかわ町","北海道",1,0,0,13,69,57,12,1,0.153846153846154,0.692307692307692,0.0769230769230769,0.230769230769231,0.692307692307692
"2018-03-18","むかわ町長選挙","むかわ町","北海道",0,1,0,1,64,64,1,0,0,0,0,0,1
"2018-03-18","久慈市長選挙","久慈市","岩手県",0,1,0,2,64,64,1,0,0,0,0,0,1
"2018-03-18","合志市長選挙","合志市","熊本県",0,1,0,1,59,59,1,0,0,0,0,0,1
"2018-03-18","広島市議会議員補欠選挙（安芸区）","広島市","広島県",1,0,1,2,55,55,1,0,1,0,0,1,0
"2018-03-18","東伊豆町議会議員補欠選挙","東伊豆町","静岡県",1,0,1,1,53,53,1,0,0,0,0,0,1
"2018-03-18","東伊豆町長選挙","東伊豆町","静岡県",0,1,0,2,67,67,1,0,0,1,0,0,1
"2018-03-18","松川村議会議員選挙","松川村","長野県",1,0,0,12,68.5,53,11,1,0.25,0.833333333333333,0,0.0833333333333333,0.916666666666667
"2018-03-18","橋本市長選挙","橋本市","和歌山県",0,1,0,1,60,60,1,0,0,0,0,0,1
"2018-03-18","白浜町議会議員選挙","白浜町","和歌山県",1,0,0,17,64,43,13,1,0.214285714285714,0.428571428571429,0.0714285714285714,0.142857142857143,0.785714285714286
"2018-03-18","美作市長選挙","美作市","岡山県",0,1,0,2,61,61,1,0,0,0,0,0,1
"2018-03-18","高山村長選挙","高山村","群馬県",0,1,0,2,70,70,1,0,0,1,0,0,1
"2018-03-25","おおい町議会議員補欠選挙","おおい町","福井県",1,0,1,1,63,63,1,0,0,0,0,1,0
"2018-03-25","おおい町長選挙","おおい町","福井県",0,1,0,2,58,58,1,0,0,0,0,0,1
"2018-03-25","上田市議会議員選挙","上田市","長野県",1,0,0,33,56,29,27,3,0.233333333333333,0.266666666666667,0.133333333333333,0.133333333333333,0.7
"2018-03-25","上田市長選挙","上田市","長野県",0,1,0,3,61,61,1,0,1,0,0,0,1
"2018-03-25","下妻市議会議員補欠選挙","下妻市","茨城県",1,0,1,1,45,45,1,0,1,0,0,0,1
"2018-03-25","下妻市長選挙","下妻市","茨城県",0,1,0,2,55,55,1,0,1,0,0,0,1
"2018-03-25","中央市長選挙","中央市","山梨県",0,1,0,2,70,70,1,0,0,1,0,0,1
"2018-03-25","倉吉市長選挙","倉吉市","鳥取県",0,1,0,2,68,68,1,0,0,1,0,0,1
"2018-03-25","函南町議会議員補欠選挙","函南町","静岡県",1,0,1,4,63,44,3,0,1,0.333333333333333,0,0,1
"2018-03-25","函南町長選挙","函南町","静岡県",0,1,0,3,67,67,1,0,1,1,0,0,1
"2018-03-25","北秋田市議会議員選挙","北秋田市","秋田県",1,0,0,21,66,40,16,4,0.1,0.6,0.05,0.15,0.8
"2018-03-25","北見市議会議員選挙","北見市","北海道",1,0,0,32,62.5,42,23,5,0.214285714285714,0.25,0.142857142857143,0.107142857142857,0.714285714285714
"2018-03-25","吉野ヶ里町議会議員選挙","吉野ヶ里町","佐賀県",1,0,0,14,64,34,12,0,0.0833333333333333,0.416666666666667,0.166666666666667,0,0.833333333333333
"2018-03-25","吉野ヶ里町長選挙","吉野ヶ里町","佐賀県",0,1,0,2,70,70,1,0,1,1,0,0,1
"2018-03-25","和水町議会議員選挙","和水町","熊本県",1,0,0,16,58,33,12,0,0.583333333333333,0.416666666666667,0,0,1
"2018-03-25","和水町長選挙","和水町","熊本県",0,1,0,2,70,70,1,0,1,1,0,0,1
"2018-03-25","壬生町議会議員選挙","壬生町","栃木県",1,0,0,17,63.5,37,13,3,0.1875,0.375,0.0625,0.0625,0.8125
"2018-03-25","壬生町長選挙","壬生町","栃木県",0,1,0,1,56,56,1,0,0,0,0,0,1
"2018-03-25","大田原市長選挙","大田原市","栃木県",0,1,0,2,68,68,1,0,0,1,0,0,1
"2018-03-25","天草市議会議員選挙","天草市","熊本県",1,0,0,28,59.5,42,26,0,0.153846153846154,0.230769230769231,0.0769230769230769,0.0769230769230769,0.846153846153846
"2018-03-25","天草市長選挙","天草市","熊本県",0,1,0,1,68,68,1,0,0,1,0,0,1
"2018-03-25","小川村長選挙","小川村","長野県",0,1,0,1,63,63,1,0,1,0,0,0,1
"2018-03-25","山形村議会議員選挙","山形村","長野県",1,0,0,13,66,52,11,1,0.583333333333333,0.666666666666667,0,0.0833333333333333,0.916666666666667
"2018-03-25","徳之島町議会議員選挙","徳之島町","鹿児島県",1,0,0,17,57.5,36,14,2,0.125,0.25,0.125,0.0625,0.8125
"2018-03-25","戸田市長選挙","戸田市","埼玉県",0,1,0,3,42,42,1,0,1,0,0,0,1
"2018-03-25","日の出町議会議員補欠選挙","日の出町","東京都",1,0,1,2,71,71,1,0,1,1,0,0,1
"2018-03-25","日の出町長選挙","日の出町","東京都",0,1,0,1,83,83,1,0,0,1,0,0,1
"2018-03-25","日出町議会議員選挙","日出町","大分県",1,0,0,20,59.5,35,13,3,0.25,0.25,0.0625,0.0625,0.875
"2018-03-25","日高町議会議員選挙","日高町","北海道",1,0,0,18,69,60,13,2,0.266666666666667,0.8,0.0666666666666667,0.133333333333333,0.8
"2018-03-25","日高町長選挙","日高町","北海道",0,1,0,1,61,61,1,0,1,0,0,0,1
"2018-03-25","木更津市長選挙","木更津市","千葉県",0,1,0,1,53,53,1,0,0,0,0,0,1
"2018-03-25","東海市議会議員選挙","東海市","愛知県",1,0,0,24,60.5,41,17,5,0.181818181818182,0.272727272727273,0.181818181818182,0.0909090909090909,0.727272727272727
"2018-03-25","河南町長選挙","河南町","大阪府",0,1,0,1,67,67,1,0,0,1,0,0,1
"2018-03-25","芦北町議会議員選挙","芦北町","熊本県",1,0,0,17,65.5,44,15,1,0.0625,0.5625,0.0625,0.0625,0.875
"2018-03-25","西米良村長選挙","西米良村","宮崎県",0,1,0,1,69,69,1,0,0,1,0,0,1
"2018-03-25","逗子市議会議員選挙","逗子市","神奈川県",1,0,0,23,51,37,11,6,0.176470588235294,0.0588235294117647,0.294117647058824,0.117647058823529,0.470588235294118
"2018-03-25","那須町議会議員補欠選挙","那須町","栃木県",1,0,1,4,58,50,2,0,1,0.5,0,0,1
"2018-03-25","那須町長選挙","那須町","栃木県",0,1,0,2,56,56,1,0,1,0,0,0,1
"2018-03-25","阿波市議会議員選挙","阿波市","徳島県",1,0,0,22,64,40,20,0,0.35,0.45,0.05,0.05,0.9
"2018-03-25","香美市長選挙","香美市","高知県",0,1,0,1,67,67,1,0,0,1,0,0,1
"2018-03-25","鮭川村議会議員補欠選挙","鮭川村","山形県",1,0,1,1,56,56,1,0,1,0,0,0,1
"2018-03-25","鮭川村長選挙","鮭川村","山形県",0,1,0,2,69,69,1,0,0,1,0,0,1
"2018-03-25","鳥取市長選挙","鳥取市","鳥取県",0,1,0,2,65,65,1,0,0,1,0,0,1
"2018-04-01","枝幸町議会議員選挙","枝幸町","北海道",1,0,0,12,61.5,50,12,0,0.166666666666667,0.416666666666667,0.0833333333333333,0.0833333333333333,0.833333333333333
"2018-04-01","枝幸町長選挙","枝幸町","北海道",0,1,0,1,72,72,1,0,0,1,0,0,1
"2018-04-01","玉城町議会議員補欠選挙","玉城町","三重県",1,0,1,3,62,45,2,1,1,0.333333333333333,0,0,1
"2018-04-01","玉城町長選挙","玉城町","三重県",0,1,0,3,69,69,1,0,0,1,0,0,1
"2018-04-08","七飯町議会議員補欠選挙","七飯町","北海道",1,0,1,2,49,49,0,1,1,0,0,0,1
"2018-04-08","七飯町長選挙","七飯町","北海道",0,1,0,2,63,63,1,0,0,0,0,0,1
"2018-04-08","三好市議会議員選挙","三好市","徳島県",1,0,0,28,65,38,21,1,0.181818181818182,0.545454545454545,0.0454545454545455,0,0.954545454545455
"2018-04-08","下松市議会議員選挙","下松市","山口県",1,0,0,21,65,47,18,2,0.2,0.5,0.1,0.1,0.75
"2018-04-08","与謝野町議会議員選挙","与謝野町","京都府",1,0,0,18,64,36,16,0,0.375,0.5,0.0625,0.1875,0.75
"2018-04-08","与謝野町長選挙","与謝野町","京都府",0,1,0,2,36,36,1,0,0,0,0,0,1
"2018-04-08","久米南町議会議員選挙","久米南町","岡山県",1,0,0,10,66,47,8,0,0.25,0.625,0,0.25,0.75
"2018-04-08","井手町議会議員選挙","井手町","京都府",1,0,0,11,58.5,42,9,1,0.1,0.3,0.1,0.1,0.8
"2018-04-08","勝央町議会議員選挙","勝央町","岡山県",1,0,0,14,59.5,52,11,1,0.416666666666667,0.166666666666667,0.0833333333333333,0,0.916666666666667
"2018-04-08","南丹市長選挙","南丹市","京都府",0,1,0,3,64,64,1,0,1,0,0,0,1
"2018-04-08","和気町議会議員補欠選挙","和気町","岡山県",1,0,1,3,44,27,2,0,1,0,0,0,1
"2018-04-08","和気町長選挙","和気町","岡山県",0,1,0,2,73,73,1,0,1,1,0,0,1
"2018-04-08","四万十町長選挙","四万十町","高知県",0,1,0,1,64,64,1,0,0,0,0,0,1
"2018-04-08","多古町議会議員補欠選挙","多古町","千葉県",1,0,1,3,67,42,3,0,1,0.666666666666667,0,0.333333333333333,0.666666666666667
"2018-04-08","多古町長選挙","多古町","千葉県",0,1,0,2,53,53,1,0,1,0,0,0,1
"2018-04-08","大田市議会議員選挙","大田市","島根県",1,0,0,20,62,32,19,1,0.2,0.3,0.05,0.15,0.8
"2018-04-08","宇土市長選挙","宇土市","熊本県",0,1,0,1,53,53,1,0,0,0,0,0,1
"2018-04-08","小美玉市長選挙","小美玉市","茨城県",0,1,0,1,73,73,1,0,0,1,0,0,1
"2018-04-08","弘前市議会議員補欠選挙","弘前市","青森県",1,0,1,2,42,42,1,0,1,0,0,0,1
"2018-04-08","弘前市長選挙","弘前市","青森県",0,1,0,3,58,58,1,0,1,0,0,0,1
"2018-04-08","有田町議会議員選挙","有田町","佐賀県",1,0,0,18,65,56,16,0,0.25,0.5625,0.0625,0,0.9375
"2018-04-08","有田町長選挙","有田町","佐賀県",0,1,0,3,44,44,1,0,1,0,0,0,1
"2018-04-08","東みよし町議会議員選挙","東みよし町","徳島県",1,0,0,18,65,59,13,1,0.214285714285714,0.5,0.0714285714285714,0,0.928571428571429
"2018-04-08","東みよし町長選挙","東みよし町","徳島県",0,1,0,3,53,53,1,0,1,0,0,0,1
"2018-04-08","栗山町長選挙","栗山町","北海道",0,1,0,1,55,55,1,0,1,0,0,0,1
"2018-04-08","武雄市議会議員選挙","武雄市","佐賀県",1,0,0,24,59,45,19,1,0.15,0.4,0.65,0.05,0.25
"2018-04-08","津幡町長選挙","津幡町","石川県",0,1,0,1,68,68,1,0,0,1,0,0,1
"2018-04-08","燕市長選挙","燕市","新潟県",0,1,0,1,57,57,1,0,0,0,0,0,1
"2018-04-08","金武町議会議員補欠選挙","金武町","沖縄県",1,0,1,2,41,41,1,0,1,0,0,0,1
"2018-04-08","金武町長選挙","金武町","沖縄県",0,1,0,1,63,63,1,0,0,0,0,0,1
"2018-04-08","門川町議会議員補欠選挙","門川町","宮崎県",1,0,1,1,44,44,1,0,1,0,0,0,1
"2018-04-08","門川町長選挙","門川町","宮崎県",0,1,0,2,70,70,1,0,0,1,0,0,1
"2018-04-08","香南市議会議員選挙","香南市","高知県",1,0,0,22,54,31,15,4,0.263157894736842,0.315789473684211,0.105263157894737,0.105263157894737,0.736842105263158
"2018-04-08","馬路村議会議員補欠選挙","馬路村","高知県",1,0,1,1,66,66,1,0,0,1,0,0,1
"2018-04-08","馬路村長選挙","馬路村","高知県",0,1,0,1,53,53,1,0,1,0,0,0,1
"2018-04-08","高野町長選挙","高野町","和歌山県",0,1,0,2,50,50,1,0,0,0,0,0,1
"2018-04-15","まんのう町議会議員選挙","まんのう町","香川県",1,0,0,18,67,43,14,2,0.25,0.625,0.0625,0.0625,0.875
"2018-04-15","まんのう町長選挙","まんのう町","香川県",0,1,0,1,64,64,1,0,0,0,0,0,1
"2018-04-15","みどり市長選挙","みどり市","群馬県",0,1,0,3,57,57,1,0,1,0,0,0,1
"2018-04-15","みやこ町長選挙","みやこ町","福岡県",0,1,0,2,67,67,1,0,0,1,0,0,1
"2018-04-15","上砂川町長選挙","上砂川町","北海道",0,1,0,1,59,59,1,0,0,0,0,0,1
"2018-04-15","仙北市議会議員選挙","仙北市","秋田県",1,0,0,19,66.5,42,17,1,0.222222222222222,0.666666666666667,0.0555555555555556,0.0555555555555556,0.888888888888889
"2018-04-15","伊万里市長選挙","伊万里市","佐賀県",0,1,0,3,62,62,1,0,1,0,0,0,1
"2018-04-15","八峰町議会議員選挙","八峰町","秋田県",1,0,0,13,66,54,10,2,0.166666666666667,0.666666666666667,0,0.0833333333333333,0.916666666666667
"2018-04-15","八峰町長選挙","八峰町","秋田県",0,1,0,1,66,66,1,0,1,1,0,0,1
"2018-04-15","出水市議会議員選挙","出水市","鹿児島県",1,0,0,27,66,48,17,3,0.2,0.6,0.05,0.05,0.9
"2018-04-15","出水市長選挙","出水市","鹿児島県",0,1,0,1,58,58,1,0,1,0,0,0,1
"2018-04-15","加須市長選挙","加須市","埼玉県",0,1,0,1,70,70,1,0,0,1,0,0,1
"2018-04-15","北名古屋市議会議員選挙","北名古屋市","愛知県",1,0,0,25,61,33,14,7,0.285714285714286,0.380952380952381,0.142857142857143,0.0952380952380952,0.714285714285714
"2018-04-15","北名古屋市長選挙","北名古屋市","愛知県",0,1,0,2,77,77,1,0,0,1,0,0,1
"2018-04-15","南房総市議会議員選挙","南房総市","千葉県",1,0,0,22,63.5,38,16,2,0.222222222222222,0.5,0.0555555555555556,0.0555555555555556,0.888888888888889
"2018-04-15","南房総市長選挙","南房総市","千葉県",0,1,0,1,52,52,1,0,0,0,0,0,1
"2018-04-15","南風原町長選挙","南風原町","沖縄県",0,1,0,2,66,66,1,0,1,1,0,0,1
"2018-04-15","名寄市長選挙","名寄市","北海道",0,1,0,1,47,47,1,0,0,0,0,0,1
"2018-04-15","名張市長選挙","名張市","三重県",0,1,0,3,66,66,1,0,0,1,0,0,1
"2018-04-15","嘉麻市議会議員補欠選挙","嘉麻市","福岡県",1,0,1,5,51,42,3,0,0.666666666666667,0,0,0,1
"2018-04-15","嘉麻市長選挙","嘉麻市","福岡県",0,1,0,2,55,55,1,0,0,0,0,0,1
"2018-04-15","四万十市議会議員選挙","四万十市","高知県",1,0,0,21,62,34,18,2,0.3,0.3,0.1,0.25,0.65
"2018-04-15","国東市議会議員選挙","国東市","大分県",1,0,0,21,61,39,17,1,0.111111111111111,0.333333333333333,0,0.0555555555555556,0.944444444444444
"2018-04-15","坂井市議会議員選挙","坂井市","福井県",1,0,0,27,60,45,23,3,0.115384615384615,0.269230769230769,0.153846153846154,0.0769230769230769,0.730769230769231
"2018-04-15","坂井市長選挙","坂井市","福井県",0,1,0,2,71,71,1,0,0,1,0,0,1
"2018-04-15","士別市議会議員選挙","士別市","北海道",1,0,0,18,58,41,16,1,0.235294117647059,0.352941176470588,0.0588235294117647,0.0588235294117647,0.823529411764706
"2018-04-15","多摩市議会議員補欠選挙","多摩市","東京都",1,0,1,3,54.5,40,1,1,0,0.5,0.5,0.5,0
"2018-04-15","多摩市長選挙","多摩市","東京都",0,1,0,3,62,62,1,0,0,0,0,0,1
"2018-04-15","大崎市議会議員選挙","大崎市","宮城県",1,0,0,33,64.5,32,27,3,0.166666666666667,0.5,0.0666666666666667,0.133333333333333,0.8
"2018-04-15","大崎市長選挙","大崎市","宮城県",0,1,0,2,68,68,1,0,0,1,0,0,1
"2018-04-15","大空町議会議員選挙","大空町","北海道",1,0,0,13,62.5,38,12,0,0.166666666666667,0.416666666666667,0,0,1
"2018-04-15","大空町長選挙","大空町","北海道",0,1,0,1,58,58,1,0,0,0,0,0,1
"2018-04-15","安中市長選挙","安中市","群馬県",0,1,0,3,58,58,0,1,0,0,0,0,1
"2018-04-15","安平町議会議員選挙","安平町","北海道",1,0,0,16,64,37,9,3,0.416666666666667,0.5,0.0833333333333333,0.0833333333333333,0.833333333333333
"2018-04-15","安平町長選挙","安平町","北海道",0,1,0,2,53,53,1,0,1,0,0,0,1
"2018-04-15","富士川町議会議員選挙","富士川町","山梨県",1,0,0,15,65,39,12,2,0.5,0.571428571428571,0.0714285714285714,0,0.928571428571429
"2018-04-15","富士川町長選挙","富士川町","山梨県",0,1,0,2,68,68,1,0,0,1,0,0,1
"2018-04-15","富岡市長選挙","富岡市","群馬県",0,1,0,2,49,49,1,0,1,0,0,0,1
"2018-04-15","小林市長選挙","小林市","宮崎県",0,1,0,2,55,55,1,0,1,0,0,0,1
"2018-04-15","小豆島町議会議員選挙","小豆島町","香川県",1,0,0,16,65,39,12,2,0.285714285714286,0.5,0.0714285714285714,0.142857142857143,0.785714285714286
"2018-04-15","小豆島町長選挙","小豆島町","香川県",0,1,0,2,63,63,1,0,1,0,0,0,1
"2018-04-15","山元町長選挙","山元町","宮城県",0,1,0,2,69,69,1,0,0,1,0,0,1
"2018-04-15","山武市議会議員補欠選挙","山武市","千葉県",1,0,1,5,54.5,43,2,0,0.5,0.5,0,0,1
"2018-04-15","山武市長選挙","山武市","千葉県",0,1,0,2,57,57,1,0,1,0,0,0,1
"2018-04-15","帯広市議会議員補欠選挙","帯広市","北海道",1,0,1,3,54,53,2,0,1,0,0,0,1
"2018-04-15","帯広市長選挙","帯広市","北海道",0,1,0,2,62,62,1,0,0,0,0,0,1
"2018-04-15","平谷村議会議員選挙","平谷村","長野県",1,0,0,8,64.5,60,8,0,0.25,0.5,0,0,1
"2018-04-15","愛西市議会議員選挙","愛西市","愛知県",1,0,0,24,61,44,16,2,0.222222222222222,0.222222222222222,0.111111111111111,0.166666666666667,0.722222222222222
"2018-04-15","新ひだか町議会議員選挙","新ひだか町","北海道",1,0,0,18,65.5,58,14,2,0.0625,0.75,0.125,0.0625,0.8125
"2018-04-15","新ひだか町長選挙","新ひだか町","北海道",0,1,0,2,59,59,1,0,1,0,0,0,1
"2018-04-15","日光市議会議員選挙","日光市","栃木県",1,0,0,27,61,36,21,3,0.166666666666667,0.333333333333333,0.0833333333333333,0.125,0.791666666666667
"2018-04-15","日光市長選挙","日光市","栃木県",0,1,0,4,53,53,1,0,1,0,0,0,1
"2018-04-15","日高村議会議員選挙","日高村","高知県",1,0,0,10,70,60,9,1,0.3,0.7,0.1,0.1,0.8
"2018-04-15","春日部市議会議員選挙","春日部市","埼玉県",1,0,0,41,56,25,28,4,0.15625,0.21875,0.1875,0.1875,0.59375
"2018-04-15","朝倉市議会議員補欠選挙","朝倉市","福岡県",1,0,1,1,48,48,1,0,1,0,0,0,1
"2018-04-15","朝倉市長選挙","朝倉市","福岡県",0,1,0,2,67,67,1,0,1,1,0,0,1
"2018-04-15","東吾妻町議会議員補欠選挙","東吾妻町","群馬県",1,0,1,1,62,62,1,0,1,0,0,0,1
"2018-04-15","東吾妻町長選挙","東吾妻町","群馬県",0,1,0,2,67,67,1,0,0,1,0,0,1
"2018-04-15","東白川村議会議員選挙","東白川村","岐阜県",1,0,0,7,55,47,6,1,0.428571428571429,0.142857142857143,0,0,1
"2018-04-15","東白川村長選挙","東白川村","岐阜県",0,1,0,1,67,67,1,0,0,1,0,0,1
"2018-04-15","東金市議会議員補欠選挙","東金市","千葉県",1,0,1,3,53,53,1,0,0,0,0,0,1
"2018-04-15","東金市長選挙","東金市","千葉県",0,1,0,2,67,67,1,0,1,1,0,0,1
"2018-04-15","洞爺湖町議会議員補欠選挙","洞爺湖町","北海道",1,0,1,4,67,60,2,1,1,0.666666666666667,0,0.333333333333333,0.666666666666667
"2018-04-15","洞爺湖町長選挙","洞爺湖町","北海道",0,1,0,3,68,68,1,0,0,1,0,0,1
"2018-04-15","津島市長選挙","津島市","愛知県",0,1,0,2,65,65,1,0,0,1,0,0,1
"2018-04-15","浅口市議会議員選挙","浅口市","岡山県",1,0,0,17,66.5,39,13,3,0.3125,0.5625,0.0625,0.125,0.8125
"2018-04-15","浅口市長選挙","浅口市","岡山県",0,1,0,2,63,63,1,0,0,0,0,0,1
"2018-04-15","清須市議会議員選挙","清須市","愛知県",1,0,0,25,61,39,20,2,0.227272727272727,0.363636363636364,0.136363636363636,0.0454545454545455,0.772727272727273
"2018-04-15","男鹿市議会議員選挙","男鹿市","秋田県",1,0,0,20,68,38,17,1,0.111111111111111,0.666666666666667,0.0555555555555556,0.111111111111111,0.833333333333333
"2018-04-15","皆野町長選挙","皆野町","埼玉県",0,1,0,1,73,73,1,0,0,1,0,0,1
"2018-04-15","益子町長選挙","益子町","栃木県",0,1,0,2,52,52,1,0,0,0,0,0,1
"2018-04-15","神埼市議会議員選挙","神埼市","佐賀県",1,0,0,20,64.5,37,17,3,0.15,0.5,0,0.1,0.9
"2018-04-15","神埼市長選挙","神埼市","佐賀県",0,1,0,2,67,67,1,0,0,1,0,0,1
"2018-04-15","笠間市長選挙","笠間市","茨城県",0,1,0,1,59,59,1,0,0,0,0,0,1
"2018-04-15","綾川町議会議員選挙","綾川町","香川県",1,0,0,16,59.5,39,15,1,0.3125,0.3125,0.0625,0.0625,0.875
"2018-04-15","綾川町長選挙","綾川町","香川県",0,1,0,2,65,65,1,0,1,1,0,0,1
"2018-04-15","練馬区議会議員補欠選挙","練馬区","東京都",1,0,1,10,43,35,2,3,1,0,0.4,0.2,0
"2018-04-15","練馬区長選挙","練馬区","東京都",0,1,0,4,72,72,1,0,0,1,0,0,1
"2018-04-15","美馬市議会議員選挙","美馬市","徳島県",1,0,0,20,66,41,15,3,0.111111111111111,0.611111111111111,0.0555555555555556,0,0.944444444444444
"2018-04-15","能代市議会議員選挙","能代市","秋田県",1,0,0,22,64,26,17,3,0.1,0.5,0.25,0.15,0.6
"2018-04-15","能代市長選挙","能代市","秋田県",0,1,0,2,65,65,1,0,0,1,0,0,1
"2018-04-15","西宮市議会議員補欠選挙","西宮市","兵庫県",1,0,1,7,38.5,36,2,0,1,0,0.5,0,0
"2018-04-15","西宮市長選挙","西宮市","兵庫県",0,1,0,6,46,46,1,0,1,0,0,0,1
"2018-04-15","西川町議会議員補欠選挙","西川町","山形県",1,0,1,2,59,59,0,1,1,0,0,0,1
"2018-04-15","西川町長選挙","西川町","山形県",0,1,0,2,68,68,1,0,0,1,0,0,1
"2018-04-15","越知町長選挙","越知町","高知県",0,1,0,1,57,57,1,0,0,0,0,0,1
"2018-04-15","近江八幡市長選挙","近江八幡市","滋賀県",0,1,0,2,59,59,1,0,1,0,0,0,1
"2018-04-15","長島町議会議員選挙","長島町","鹿児島県",1,0,0,16,66,54,14,0,0.357142857142857,0.571428571428571,0,0,1
"2018-04-15","長島町長選挙","長島町","鹿児島県",0,1,0,2,74,74,1,0,0,1,0,0,1
"2018-04-15","高根沢町議会議員選挙","高根沢町","栃木県",1,0,0,17,66.5,38,15,1,0.125,0.625,0.0625,0.0625,0.875
"2018-04-15","高畠町議会議員補欠選挙","高畠町","山形県",1,0,1,1,49,49,0,1,1,0,0,0,1
"2018-04-15","高畠町長選挙","高畠町","山形県",0,1,0,1,69,69,1,0,0,1,0,0,1
"2018-04-15","鹿嶋市議会議員補欠選挙","鹿嶋市","茨城県",1,0,1,1,41,41,1,0,1,0,0,0,1
"2018-04-15","鹿嶋市長選挙","鹿嶋市","茨城県",0,1,0,2,71,71,1,0,0,1,0,0,1
"2018-04-15","黒潮町長選挙","黒潮町","高知県",0,1,0,1,47,47,1,0,0,0,0,0,1
"2018-04-15","黒部市長選挙","黒部市","富山県",0,1,0,3,69,69,1,0,1,1,0,0,1
"2018-04-22","あま市長選挙","あま市","愛知県",0,1,0,2,55,55,1,0,0,0,0,0,1
"2018-04-22","うきは市議会議員選挙","うきは市","福岡県",1,0,0,17,65.5,52,13,1,0.357142857142857,0.642857142857143,0.0714285714285714,0.0714285714285714,0.857142857142857
"2018-04-22","さぬき市長選挙","さぬき市","香川県",0,1,0,2,67,67,1,0,0,1,0,0,1
"2018-04-22","たつの市議会議員選挙","たつの市","兵庫県",1,0,0,28,60.5,37,20,2,0.227272727272727,0.272727272727273,0.0909090909090909,0.0454545454545455,0.818181818181818
"2018-04-22","つくばみらい市議会議員補欠選挙","つくばみらい市","茨城県",1,0,1,2,49.5,38,2,0,0.5,0,0,0,1
"2018-04-22","つくばみらい市長選挙","つくばみらい市","茨城県",0,1,0,2,51,51,1,0,1,0,0,0,1
"2018-04-22","にかほ市議会議員選挙","にかほ市","秋田県",1,0,0,25,65,36,17,1,0.555555555555556,0.666666666666667,0.0555555555555556,0.0555555555555556,0.888888888888889
"2018-04-22","みなかみ町議会議員選挙","みなかみ町","群馬県",1,0,0,20,64,41,16,2,0.333333333333333,0.444444444444444,0.0555555555555556,0.111111111111111,0.833333333333333
"2018-04-22","三条市議会議員選挙","三条市","新潟県",1,0,0,25,67.5,33,21,1,0.0454545454545455,0.545454545454545,0.136363636363636,0.136363636363636,0.727272727272727
"2018-04-22","上里町議会議員選挙","上里町","埼玉県",1,0,0,17,69,48,12,2,0.214285714285714,0.642857142857143,0.0714285714285714,0.0714285714285714,0.857142857142857
"2018-04-22","上里町長選挙","上里町","埼玉県",0,1,0,2,70,70,1,0,1,1,0,0,1
"2018-04-22","下野市議会議員選挙","下野市","栃木県",1,0,0,22,62,38,15,3,0.444444444444444,0.444444444444444,0.0555555555555556,0.0555555555555556,0.833333333333333
"2018-04-22","与那原町長選挙","与那原町","沖縄県",0,1,0,2,55,55,1,0,1,0,0,0,1
"2018-04-22","中野市議会議員選挙","中野市","長野県",1,0,0,20,65,36,18,2,0.25,0.5,0.05,0.1,0.85
"2018-04-22","久喜市議会議員選挙","久喜市","埼玉県",1,0,0,31,57,25,19,8,0.111111111111111,0.37037037037037,0.222222222222222,0.185185185185185,0.592592592592593
"2018-04-22","久喜市長選挙","久喜市","埼玉県",0,1,0,2,44,44,1,0,1,0,0,0,1
"2018-04-22","久米島町長選挙","久米島町","沖縄県",0,1,0,1,62,62,1,0,0,0,0,0,1
"2018-04-22","九度山町長選挙","九度山町","和歌山県",0,1,0,1,64,64,1,0,0,0,0,0,1
"2018-04-22","伊勢崎市議会議員選挙","伊勢崎市","群馬県",1,0,0,32,57,34,24,6,0.166666666666667,0.3,0.1,0.0666666666666667,0.833333333333333
"2018-04-22","伊達市議会議員選挙","伊達市","福島県",1,0,0,26,64,29,20,2,0.227272727272727,0.454545454545455,0.0909090909090909,0.136363636363636,0.727272727272727
"2018-04-22","伊那市議会議員選挙","伊那市","長野県",1,0,0,21,66,39,18,3,0.380952380952381,0.619047619047619,0.0952380952380952,0.142857142857143,0.761904761904762
"2018-04-22","伊那市長選挙","伊那市","長野県",0,1,0,3,62,62,1,0,0,0,0,0,1
"2018-04-22","佐井村議会議員補欠選挙","佐井村","青森県",1,0,1,2,45,45,1,0,1,0,0,0,1
"2018-04-22","佐井村長選挙","佐井村","青森県",0,1,0,1,67,67,1,0,0,1,0,0,1
"2018-04-22","佐用町議会議員選挙","佐用町","兵庫県",1,0,0,15,64,44,13,1,0.142857142857143,0.428571428571429,0.0714285714285714,0.214285714285714,0.714285714285714
"2018-04-22","加東市長選挙","加東市","兵庫県",0,1,0,2,63,63,1,0,0,0,0,0,1
"2018-04-22","南伊勢町議会議員選挙","南伊勢町","三重県",1,0,0,14,58.5,35,14,0,0.142857142857143,0.357142857142857,0,0.142857142857143,0.857142857142857
"2018-04-22","南会津町長選挙","南会津町","福島県",0,1,0,3,69,69,1,0,0,1,0,0,1
"2018-04-22","南牧村長選挙","南牧村","群馬県",0,1,0,1,64,64,1,0,0,0,0,0,1
"2018-04-22","南越前町議会議員選挙","南越前町","福井県",1,0,0,20,69.5,41,13,1,0.428571428571429,0.714285714285714,0.142857142857143,0,0.857142857142857
"2018-04-22","善通寺市長選挙","善通寺市","香川県",0,1,0,1,70,70,1,0,0,1,0,0,1
"2018-04-22","土佐市議会議員選挙","土佐市","高知県",1,0,0,19,67,38,14,2,0.1875,0.5625,0.0625,0.0625,0.875
"2018-04-22","姶良市議会議員選挙","姶良市","鹿児島県",1,0,0,28,66,37,21,3,0.166666666666667,0.583333333333333,0.0833333333333333,0.125,0.791666666666667
"2018-04-22","姶良市長選挙","姶良市","鹿児島県",0,1,0,2,53,53,1,0,1,0,0,0,1
"2018-04-22","宇城市議会議員選挙","宇城市","熊本県",1,0,0,24,62,42,21,1,0.227272727272727,0.363636363636364,0.0454545454545455,0.0454545454545455,0.818181818181818
"2018-04-22","宇陀市議会議員選挙","宇陀市","奈良県",1,0,0,17,58.5,47,13,1,0.214285714285714,0.285714285714286,0.142857142857143,0.0714285714285714,0.785714285714286
"2018-04-22","宇陀市長選挙","宇陀市","奈良県",0,1,0,3,57,57,1,0,1,0,0,0,1
"2018-04-22","宗像市長選挙","宗像市","福岡県",0,1,0,3,59,59,0,1,1,0,0,0,1
"2018-04-22","宮古市議会議員選挙","宮古市","岩手県",1,0,0,24,66.5,36,20,2,0,0.636363636363636,0.0454545454545455,0.136363636363636,0.818181818181818
"2018-04-22","富良野市議会議員補欠選挙","富良野市","北海道",1,0,1,4,49,39,2,1,0.666666666666667,0,0,0,1
"2018-04-22","富良野市長選挙","富良野市","北海道",0,1,0,3,63,63,1,0,1,0,0,0,1
"2018-04-22","小谷村議会議員選挙","小谷村","長野県",1,0,0,9,68,50,7,2,0.222222222222222,0.777777777777778,0,0.111111111111111,0.888888888888889
"2018-04-22","小郡市議会議員選挙","小郡市","福岡県",1,0,0,25,59.5,39,14,4,0.277777777777778,0.277777777777778,0.222222222222222,0.0555555555555556,0.722222222222222
"2018-04-22","山口市議会議員選挙","山口市","山口県",1,0,0,38,57,31,32,2,0.147058823529412,0.205882352941176,0.294117647058824,0.0882352941176471,0.588235294117647
"2018-04-22","市川市長再選挙","市川市","千葉県",0,1,0,3,44,44,1,0,1,0,0,0,1
"2018-04-22","府中市議会議員選挙","府中市","広島県",1,0,0,20,61.5,45,18,2,0.3,0.3,0.1,0.15,0.75
"2018-04-22","府中市長選挙","府中市","広島県",0,1,0,2,61,61,1,0,1,0,0,0,1
"2018-04-22","御所市議会議員選挙","御所市","奈良県",1,0,0,14,59,35,13,0,0.230769230769231,0.384615384615385,0.0769230769230769,0.153846153846154,0.769230769230769
"2018-04-22","日高川町議会議員選挙","日高川町","和歌山県",1,0,0,12,63,56,11,1,0,0.333333333333333,0,0.166666666666667,0.833333333333333
"2018-04-22","日高町長選挙","日高町","和歌山県",0,1,0,1,62,62,1,0,0,0,0,0,1
"2018-04-22","昭和村長選挙","昭和村","福島県",0,1,0,2,61,61,1,0,1,0,0,0,1
"2018-04-22","東吉野村議会議員選挙","東吉野村","奈良県",1,0,0,9,64.5,55,7,1,0.125,0.5,0,0.125,0.875
"2018-04-22","東吉野村長選挙","東吉野村","奈良県",0,1,0,1,69,69,1,0,0,1,0,0,1
"2018-04-22","東峰村議会議員選挙","東峰村","福岡県",1,0,0,10,66,34,10,0,0.1,0.6,0,0,1
"2018-04-22","栃木市議会議員選挙","栃木市","栃木県",1,0,0,34,61,28,26,4,0.166666666666667,0.2,0.266666666666667,0.0666666666666667,0.666666666666667
"2018-04-22","栃木市長選挙","栃木市","栃木県",0,1,0,2,70,70,0,1,1,1,0,0,1
"2018-04-22","栄町長選挙","栄町","千葉県",0,1,0,2,70,70,1,0,0,1,0,0,1
"2018-04-22","気仙沼市議会議員選挙","気仙沼市","宮城県",1,0,0,27,60,37,23,1,0.166666666666667,0.291666666666667,0.0416666666666667,0.125,0.833333333333333
"2018-04-22","気仙沼市長選挙","気仙沼市","宮城県",0,1,0,2,60,60,1,0,0,0,0,0,1
"2018-04-22","沖縄市長選挙","沖縄市","沖縄県",0,1,0,2,62,62,1,0,0,0,0,0,1
"2018-04-22","河内長野市議会議員選挙","河内長野市","大阪府",1,0,0,20,52.5,37,16,2,0.222222222222222,0,0.277777777777778,0.277777777777778,0.333333333333333
"2018-04-22","沼田市議会議員補欠選挙","沼田市","群馬県",1,0,1,1,64,64,1,0,1,0,0,0,1
"2018-04-22","沼田市長選挙","沼田市","群馬県",0,1,0,1,71,71,1,0,0,1,0,0,1
"2018-04-22","泉南市長選挙","泉南市","大阪府",0,1,0,2,64,64,1,0,0,0,0,0,1
"2018-04-22","津和野町議会議員選挙","津和野町","島根県",1,0,0,12,67,36,11,1,0,0.666666666666667,0,0.0833333333333333,0.916666666666667
"2018-04-22","浜頓別町長選挙","浜頓別町","北海道",0,1,0,1,65,65,1,0,0,1,0,0,1
"2018-04-22","海南市議会議員選挙","海南市","和歌山県",1,0,0,22,59.5,45,17,3,0.15,0.3,0.1,0.2,0.6
"2018-04-22","海陽町議会議員選挙","海陽町","徳島県",1,0,0,16,66,49,11,3,0.214285714285714,0.642857142857143,0.0714285714285714,0,0.928571428571429
"2018-04-22","海陽町長選挙","海陽町","徳島県",0,1,0,2,44,44,1,0,1,0,0,0,1
"2018-04-22","熊野市議会議員選挙","熊野市","三重県",1,0,0,18,55.5,37,12,2,0.285714285714286,0.285714285714286,0.0714285714285714,0,0.928571428571429
"2018-04-22","球磨村議会議員選挙","球磨村","熊本県",1,0,0,11,62.5,42,10,0,0.2,0.5,0,0,1
"2018-04-22","田村市議会議員選挙","田村市","福島県",1,0,0,22,65,53,19,1,0.25,0.5,0.05,0.05,0.9
"2018-04-22","甲斐市議会議員選挙","甲斐市","山梨県",1,0,0,23,68,40,20,2,0.227272727272727,0.636363636363636,0.136363636363636,0.0909090909090909,0.772727272727273
"2018-04-22","益城町長選挙","益城町","熊本県",0,1,0,2,61,61,1,0,0,0,0,0,1
"2018-04-22","神河町議会議員選挙","神河町","兵庫県",1,0,0,16,62.5,48,11,1,0.333333333333333,0.333333333333333,0.0833333333333333,0,0.916666666666667
"2018-04-22","秩父市議会議員選挙","秩父市","埼玉県",1,0,0,24,61.5,32,21,1,0.227272727272727,0.363636363636364,0.0909090909090909,0.136363636363636,0.727272727272727
"2018-04-22","美波町議会議員選挙","美波町","徳島県",1,0,0,14,65.5,46,11,1,0.0833333333333333,0.583333333333333,0,0.0833333333333333,0.916666666666667
"2018-04-22","美里町議会議員選挙","美里町","熊本県",1,0,0,13,66.5,48,11,1,0.0833333333333333,0.75,0,0,1
"2018-04-22","肝付町議会議員選挙","肝付町","鹿児島県",1,0,0,18,62.5,37,13,1,0.428571428571429,0.428571428571429,0,0,1
"2018-04-22","臼杵市議会議員選挙","臼杵市","大分県",1,0,0,22,59,47,16,2,0.388888888888889,0.388888888888889,0.166666666666667,0.0555555555555556,0.777777777777778
"2018-04-22","萩市議会議員選挙","萩市","山口県",1,0,0,26,61,27,18,2,0.25,0.25,0.1,0.1,0.8
"2018-04-22","藤岡市長選挙","藤岡市","群馬県",0,1,0,2,57,57,1,0,1,0,0,0,1
"2018-04-22","藤枝市議会議員選挙","藤枝市","静岡県",1,0,0,26,60.5,41,NA,NA,0.181818181818182,0.272727272727273,0.0909090909090909,0.0909090909090909,0.818181818181818
"2018-04-22","西都市議会議員選挙","西都市","宮崎県",1,0,0,21,66.5,34,17,1,0.222222222222222,0.555555555555556,0.0555555555555556,0.0555555555555556,0.888888888888889
"2018-04-22","豊中市議会議員補欠選挙","豊中市","大阪府",1,0,1,5,50,49,2,1,0.333333333333333,0,0.333333333333333,0,0
"2018-04-22","豊中市長選挙","豊中市","大阪府",0,1,0,3,59,59,1,0,1,0,0,0,1
"2018-04-22","那珂川町議会議員選挙","那珂川町","栃木県",1,0,0,18,62,39,11,2,0.307692307692308,0.307692307692308,0.0769230769230769,0.0769230769230769,0.846153846153846
"2018-04-22","那須烏山市議会議員選挙","那須烏山市","栃木県",1,0,0,19,61,35,16,1,0.352941176470588,0.294117647058824,0.0588235294117647,0.0588235294117647,0.882352941176471
"2018-04-22","長生村議会議員選挙","長生村","千葉県",1,0,0,20,67,46,16,0,0.3125,0.625,0.0625,0.125,0.8125
"2018-04-22","長野原町長選挙","長野原町","群馬県",0,1,0,1,46,46,1,0,0,0,0,0,1
"2018-04-22","阿南町長選挙","阿南町","長野県",0,1,0,1,62,62,1,0,0,0,0,0,1
"2018-04-22","須恵町長選挙","須恵町","福岡県",0,1,0,1,63,63,1,0,1,0,0,0,1
"2018-04-22","香取市議会議員補欠選挙","香取市","千葉県",1,0,1,2,65,65,1,0,0,1,0,0,1
"2018-04-22","香取市長選挙","香取市","千葉県",0,1,0,2,58,58,1,0,0,0,0,0,1
"2018-04-22","鹿屋市議会議員選挙","鹿屋市","鹿児島県",1,0,0,31,58.5,37,24,4,0.321428571428571,0.25,0.107142857142857,0.107142857142857,0.785714285714286
"2018-04-22","鹿島市長選挙","鹿島市","佐賀県",0,1,0,2,72,72,1,0,0,1,0,0,1
"2018-04-29","上富田町議会議員選挙","上富田町","和歌山県",1,0,0,14,61.5,30,9,3,0.5,0.416666666666667,0.166666666666667,0.166666666666667,0.666666666666667
"2018-04-29","八幡平市議会議員選挙","八幡平市","岩手県",1,0,0,22,64.5,54,20,0,0.25,0.5,0.05,0.1,0.85
"2018-04-29","八頭町長選挙","八頭町","鳥取県",0,1,0,1,64,64,1,0,0,0,0,0,1
"2018-04-29","松山市議会議員選挙","松山市","愛媛県",1,0,0,53,57,27,36,7,0.162790697674419,0.162790697674419,0.441860465116279,0.0465116279069767,0.441860465116279
"2018-04-29","沼津市長選挙","沼津市","静岡県",0,1,0,5,49,49,1,0,1,0,0,0,1
"2018-04-29","矢掛町議会議員選挙","矢掛町","岡山県",1,0,0,12,64.5,54,12,0,0.5,0.5,0,0.0833333333333333,0.916666666666667
"2018-04-29","矢掛町長選挙","矢掛町","岡山県",0,1,0,3,77,77,1,0,0,1,0,0,1
"2018-05-13","三種町議会議員選挙","三種町","秋田県",1,0,0,20,65,48,15,1,0.0625,0.5,0,0.125,0.875
"2018-05-13","三種町長選挙","三種町","秋田県",0,1,0,2,46,46,1,0,1,0,0,0,1
"2018-05-13","泉佐野市議会議員選挙","泉佐野市","大阪府",1,0,0,22,55.5,36,16,2,0.166666666666667,0.111111111111111,0.388888888888889,0.111111111111111,0.388888888888889
"2018-05-13","直島町議会議員補欠選挙","直島町","香川県",1,0,1,2,55,55,0,1,1,0,0,0,1
"2018-05-13","直島町長選挙","直島町","香川県",0,1,0,2,67,67,1,0,1,1,0,0,1
"2018-05-13","稲美町議会議員再選挙","稲美町","兵庫県",1,0,0,3,71,71,1,0,0,1,0,0,1
"2018-05-13","稲美町長選挙","稲美町","兵庫県",0,1,0,1,71,71,1,0,0,1,0,0,1
"2018-05-20","亘理町議会議員補欠選挙","亘理町","宮城県",1,0,1,2,37,37,1,0,1,0,0,0,1
"2018-05-20","亘理町長選挙","亘理町","宮城県",0,1,0,2,54,54,1,0,1,0,0,0,1
"2018-05-20","備前市議会議員選挙","備前市","岡山県",1,0,0,19,66,35,15,1,0.1875,0.625,0.125,0.125,0.75
"2018-05-20","大洲市議会議員補欠選挙","大洲市","愛媛県",1,0,1,1,53,53,1,0,1,0,0,0,1
"2018-05-20","大洲市長選挙","大洲市","愛媛県",0,1,0,2,63,63,1,0,1,0,0,0,1
"2018-05-20","岩手町長選挙","岩手町","岩手県",0,1,0,2,58,58,1,0,1,0,0,0,1
"2018-05-20","春日井市議会議員補欠選挙","春日井市","愛知県",1,0,1,2,41,41,1,0,1,0,0,0,1
"2018-05-20","春日井市長選挙","春日井市","愛知県",0,1,0,2,68,68,1,0,0,1,0,0,1
"2018-05-20","東成瀬村長選挙","東成瀬村","秋田県",0,1,0,1,76,76,1,0,0,1,0,0,1
"2018-05-20","東郷町長選挙","東郷町","愛知県",0,1,0,2,51,51,1,0,1,0,0,0,1
"2018-05-20","海士町長選挙","海士町","島根県",0,1,0,1,58,58,1,0,1,0,0,0,1
"2018-05-20","珠洲市長選挙","珠洲市","石川県",0,1,0,2,54,54,1,0,0,0,0,0,1
"2018-05-20","琴平町議会議員補欠選挙","琴平町","香川県",1,0,1,1,64,64,1,0,1,0,0,0,1
"2018-05-20","琴平町長選挙","琴平町","香川県",0,1,0,2,48,48,1,0,1,0,0,0,1
"2018-05-20","石巻市議会議員選挙","石巻市","宮城県",1,0,0,38,63,38,26,4,0.166666666666667,0.433333333333333,0.1,0.1,0.8
"2018-05-20","羽生市長選挙","羽生市","埼玉県",0,1,0,1,67,67,1,0,0,1,0,0,1
"2018-05-20","菊池市議会議員選挙","菊池市","熊本県",1,0,0,23,59.5,41,18,2,0.15,0.25,0.1,0.05,0.85
"2018-05-20","蓮田市長選挙","蓮田市","埼玉県",0,1,0,3,72,72,1,0,0,1,0,0,1
"2018-05-20","那智勝浦町長選挙","那智勝浦町","和歌山県",0,1,0,1,59,59,1,0,1,0,0,0,1
"2018-05-20","雄武町議会議員補欠選挙","雄武町","北海道",1,0,1,1,36,36,0,1,1,0,0,0,1
"2018-05-27","三郷町長選挙","三郷町","奈良県",0,1,0,1,58,58,1,0,0,0,0,0,1
"2018-05-27","上ノ国町長選挙","上ノ国町","北海道",0,1,0,2,64,64,1,0,0,0,0,0,1
"2018-05-27","五ヶ瀬町長選挙","五ヶ瀬町","宮崎県",0,1,0,1,64,64,1,0,0,0,0,0,1
"2018-05-27","小川町長選挙","小川町","埼玉県",0,1,0,3,71,71,1,0,0,1,0,0,1
"2018-05-27","幸田町議会議員補欠選挙","幸田町","愛知県",1,0,1,1,75,75,1,0,0,1,0,0,1
"2018-05-27","幸田町長選挙","幸田町","愛知県",0,1,0,1,61,61,1,0,1,0,0,0,1
"2018-05-27","朝日町長選挙","朝日町","富山県",0,1,0,1,63,63,1,0,0,0,0,0,1
"2018-05-27","武蔵村山市長選挙","武蔵村山市","東京都",0,1,0,1,71,71,1,0,0,1,0,0,1
"2018-05-27","江津市議会議員選挙","江津市","島根県",1,0,0,17,61,36,15,1,0.1875,0.375,0.0625,0.25,0.6875
"2018-05-27","江津市長選挙","江津市","島根県",0,1,0,2,69,69,1,0,0,1,0,0,1
"2018-05-27","野田市議会議員選挙","野田市","千葉県",1,0,0,36,58.5,37,23,5,0.142857142857143,0.25,0.214285714285714,0.142857142857143,0.5
"2018-05-27","鏡石町長選挙","鏡石町","福島県",0,1,0,2,67,67,1,0,0,1,0,0,1
"2018-05-27","防府市議会議員補欠選挙","防府市","山口県",1,0,1,2,27,27,1,0,1,0,0,0,1
"2018-05-27","防府市長選挙","防府市","山口県",0,1,0,2,60,60,1,0,1,0,0,0,1
"2018-05-27","高山村議会議員補欠選挙","高山村","群馬県",1,0,1,1,62,62,1,0,1,0,0,0,1
"2018-05-27","鴨川市議会議員選挙","鴨川市","千葉県",1,0,0,21,58.5,35,16,2,0.277777777777778,0.222222222222222,0.333333333333333,0,0.666666666666667
"2018-06-03","むつ市長選挙","むつ市","青森県",0,1,0,1,39,39,1,0,0,0,0,0,1
"2018-06-03","二本松市議会議員選挙","二本松市","福島県",1,0,0,23,63,46,21,1,0.136363636363636,0.409090909090909,0.0454545454545455,0.136363636363636,0.818181818181818
"2018-06-03","田上町議会議員補欠選挙","田上町","新潟県",1,0,1,6,66.5,55,3,1,0.5,0.75,0,0.25,0.75
"2018-06-03","田上町長選挙","田上町","新潟県",0,1,0,4,71,71,1,0,1,1,0,0,1
"2018-06-03","野迫川村長選挙","野迫川村","奈良県",0,1,0,1,61,61,1,0,0,0,0,0,1
"2018-06-10","中野区議会議員補欠選挙","中野区","東京都",1,0,1,3,48,48,1,0,1,0,0,0,0
"2018-06-10","中野区長選挙","中野区","東京都",0,1,0,4,46,46,1,0,1,0,0,0,1
"2018-06-10","南島原市議会議員選挙","南島原市","長崎県",1,0,0,22,67,42,18,1,0.105263157894737,0.684210526315789,0.368421052631579,0.105263157894737,0.526315789473684
"2018-06-10","南島原市長選挙","南島原市","長崎県",0,1,0,2,70,70,1,0,0,1,0,0,1
"2018-06-10","岩沼市長選挙","岩沼市","宮城県",0,1,0,1,65,65,1,0,0,1,0,0,1
"2018-06-10","松戸市長選挙","松戸市","千葉県",0,1,0,4,69,69,1,0,0,1,0,0,1
"2018-06-10","神戸町長選挙","神戸町","岐阜県",0,1,0,1,67,67,1,0,0,1,0,0,1
"2018-06-17","大竹市議会議員補欠選挙","大竹市","広島県",1,0,1,3,28,28,1,0,1,0,0,0,1
"2018-06-17","大竹市長選挙","大竹市","広島県",0,1,0,2,71,71,1,0,0,1,0,0,1
"2018-06-17","大野市長選挙","大野市","福井県",0,1,0,2,43,43,0,1,1,0,0,0,1
"2018-06-17","奈半利町長選挙","奈半利町","高知県",0,1,0,2,60,60,1,0,1,0,0,0,1
"2018-06-17","愛川町長選挙","愛川町","神奈川県",0,1,0,2,65,65,1,0,0,1,0,0,1
"2018-06-17","立川市議会議員選挙","立川市","東京都",1,0,0,43,48,27,21,7,0.178571428571429,0.107142857142857,0.535714285714286,0.178571428571429,0.0714285714285714
"2018-06-17","綾町長選挙","綾町","宮崎県",0,1,0,2,72,72,1,0,0,1,0,0,1
"2018-06-24","中能登町議会議員選挙","中能登町","石川県",1,0,0,15,66,39,10,2,0.0833333333333333,0.583333333333333,0.166666666666667,0,0.833333333333333
"2018-06-24","五所川原市長選挙","五所川原市","青森県",0,1,0,2,64,64,1,0,1,0,0,0,1
"2018-06-24","六ヶ所村長選挙","六ヶ所村","青森県",0,1,0,2,71,71,1,0,0,1,0,0,1
"2018-06-24","加古川市議会議員選挙","加古川市","兵庫県",1,0,0,35,56,37,25,6,0.32258064516129,0.161290322580645,0.193548387096774,0.0967741935483871,0.645161290322581
"2018-06-24","加古川市長選挙","加古川市","兵庫県",0,1,0,2,42,42,1,0,0,0,0,0,1
"2018-06-24","南大東村議会議員選挙","南大東村","沖縄県",1,0,0,10,61,56,8,0,0.375,0.125,0,0,1
"2018-06-24","南大東村長選挙","南大東村","沖縄県",0,1,0,1,59,59,1,0,0,0,0,0,1
"2018-06-24","宮津市議会議員選挙","宮津市","京都府",1,0,0,15,59.5,40,13,1,0.357142857142857,0.214285714285714,0.214285714285714,0.142857142857143,0.642857142857143
"2018-06-24","宮津市長選挙","宮津市","京都府",0,1,0,1,47,47,1,0,1,0,0,0,1
"2018-06-24","庄内町議会議員選挙","庄内町","山形県",1,0,0,15,61,49,13,2,0.2,0.333333333333333,0,0.0666666666666667,0.933333333333333
"2018-06-24","播磨町議会議員補欠選挙","播磨町","兵庫県",1,0,1,2,39,39,1,0,1,0,0,0,1
"2018-06-24","播磨町長選挙","播磨町","兵庫県",0,1,0,1,69,69,0,1,0,1,0,0,1
"2018-06-24","杉並区議会議員補欠選挙","杉並区","東京都",1,0,1,6,39,26,2,0,0.5,0,0.5,0,0
"2018-06-24","杉並区長選挙","杉並区","東京都",0,1,0,4,57,57,1,0,0,0,0,0,1
"2018-06-24","津南町議会議員補欠選挙","津南町","新潟県",1,0,1,2,46,46,1,0,1,0,0,0,1
"2018-06-24","津南町長選挙","津南町","新潟県",0,1,0,3,31,31,0,1,1,0,0,0,1
"2018-06-24","米子市議会議員選挙","米子市","鳥取県",1,0,0,28,56.5,34,21,5,0.0769230769230769,0.269230769230769,0.269230769230769,0.115384615384615,0.615384615384615
"2018-06-24","黒石市長選挙","黒石市","青森県",0,1,0,1,60,60,1,0,0,0,0,0,1
"2018-07-01","大町市長選挙","大町市","長野県",0,1,0,2,67,67,1,0,0,1,0,0,1
"2018-07-01","芽室町議会議員補欠選挙","芽室町","北海道",1,0,1,2,66,64,2,0,1,0.5,0,0,1
"2018-07-01","芽室町長選挙","芽室町","北海道",0,1,0,2,51,51,1,0,1,0,0,0,1
"2018-07-01","苫小牧市議会議員補欠選挙","苫小牧市","北海道",1,0,1,5,49.5,49,2,0,1,0,0,0.5,0.5
"2018-07-01","苫小牧市長選挙","苫小牧市","北海道",0,1,0,1,68,68,1,0,0,1,0,0,1
"2018-07-01","鴻巣市長選挙","鴻巣市","埼玉県",0,1,0,2,65,65,1,0,0,1,0,0,1
"2018-07-08","かすみがうら市議会議員補欠選挙","かすみがうら市","茨城県",1,0,1,2,50,50,1,0,1,0,0,0,1
"2018-07-08","かすみがうら市長選挙","かすみがうら市","茨城県",0,1,0,2,68,68,1,0,0,1,0,0,1
"2018-07-08","下野市長選挙","下野市","栃木県",0,1,0,1,59,59,1,0,0,0,0,0,1
"2018-07-08","大鰐町長選挙","大鰐町","青森県",0,1,0,1,66,66,1,0,0,1,0,0,1
"2018-07-08","山北町長選挙","山北町","神奈川県",0,1,0,1,66,66,1,0,0,1,0,0,1
"2018-07-08","岩美町議会議員選挙","岩美町","鳥取県",1,0,0,13,59.5,40,10,2,0.333333333333333,0.333333333333333,0.0833333333333333,0.0833333333333333,0.75
"2018-07-08","東松山市議会議員補欠選挙","東松山市","埼玉県",1,0,1,3,57,57,0,1,1,0,0,0,1
"2018-07-08","東松山市長選挙","東松山市","埼玉県",0,1,0,2,65,65,1,0,0,1,0,0,1
"2018-07-08","柴田町長選挙","柴田町","宮城県",0,1,0,1,67,67,1,0,0,1,0,0,1
"2018-07-08","永平寺町議会議員選挙","永平寺町","福井県",1,0,0,15,66.5,41,12,2,0.142857142857143,0.642857142857143,0,0.0714285714285714,0.928571428571429
"2018-07-08","添田町議会議員選挙","添田町","福岡県",1,0,0,14,59,41,10,3,0.307692307692308,0.384615384615385,0.0769230769230769,0.0769230769230769,0.846153846153846
"2018-07-08","添田町長選挙","添田町","福岡県",0,1,0,1,68,68,1,0,0,1,0,0,1
"2018-07-08","茂木町議会議員補欠選挙","茂木町","栃木県",1,0,1,1,61,61,1,0,1,0,0,0,1
"2018-07-08","茂木町長選挙","茂木町","栃木県",0,1,0,1,64,64,1,0,0,0,0,0,1
"2018-07-08","調布市議会議員補欠選挙","調布市","東京都",1,0,1,2,56,56,1,0,1,0,0,0,1
"2018-07-08","調布市長選挙","調布市","東京都",0,1,0,3,65,65,1,0,0,1,0,0,1
"2018-07-08","越前市議会議員選挙","越前市","福井県",1,0,0,25,62.5,41,19,3,0.272727272727273,0.409090909090909,0.181818181818182,0.0909090909090909,0.681818181818182
"2018-07-08","鎌ケ谷市議会議員補欠選挙","鎌ケ谷市","千葉県",1,0,1,2,59,58,2,0,1,0,0,0,1
"2018-07-08","鎌ケ谷市長選挙","鎌ケ谷市","千葉県",0,1,0,2,57,57,1,0,0,0,0,0,1
"2018-07-08","長万部町長選挙","長万部町","北海道",0,1,0,1,70,70,1,0,0,1,0,0,1
"2018-07-15","安堵町長選挙","安堵町","奈良県",0,1,0,1,70,70,1,0,0,1,0,0,1
"2018-07-15","尾花沢市議会議員補欠選挙","尾花沢市","山形県",1,0,1,2,41,35,2,0,1,0,0,0,1
"2018-07-15","尾花沢市長選挙","尾花沢市","山形県",0,1,0,2,67,67,1,0,1,1,0,0,1
"2018-07-21","本別町議会議員選挙","本別町","北海道",1,0,0,15,67,42,10,2,0.333333333333333,0.583333333333333,0,0.0833333333333333,0.916666666666667
"2018-07-22","かつらぎ町議会議員選挙","かつらぎ町","和歌山県",1,0,0,15,65.5,34,13,1,0,0.642857142857143,0,0.142857142857143,0.857142857142857
"2018-07-22","南陽市長選挙","南陽市","山形県",0,1,0,1,49,49,1,0,0,0,0,0,1
"2018-07-22","多気町議会議員選挙","多気町","三重県",1,0,0,14,66.5,45,10,2,0.333333333333333,0.666666666666667,0,0.0833333333333333,0.916666666666667
"2018-07-22","山江村長選挙","山江村","熊本県",0,1,0,1,62,62,1,0,0,0,0,0,1
"2018-07-22","本山町議会議員選挙","本山町","高知県",1,0,0,12,64,44,8,2,0.1,0.5,0,0.1,0.9
"2018-07-22","東成瀬村議会議員補欠選挙","東成瀬村","秋田県",1,0,1,2,70,66,2,0,1,1,0,0,1
"2018-07-22","江差町長選挙","江差町","北海道",0,1,0,1,33,33,1,0,0,0,0,0,1
"2018-07-22","狛江市長選挙","狛江市","東京都",0,1,0,2,66,66,1,0,1,1,1,0,0
"2018-07-22","紋別市議会議員選挙","紋別市","北海道",1,0,0,18,59.5,37,15,1,0.3125,0.3125,0.3125,0.0625,0.5625
"2018-07-22","長浜市議会議員選挙","長浜市","滋賀県",1,0,0,29,63,35,25,1,0.269230769230769,0.461538461538462,0.0769230769230769,0.153846153846154,0.769230769230769
"2018-07-29","和歌山市長選挙","和歌山市","和歌山県",0,1,0,2,65,65,1,0,0,1,0,0,1
"2018-07-29","寄居町議会議員補欠選挙","寄居町","埼玉県",1,0,1,2,57,57,1,0,1,0,0,0,1
"2018-07-29","寄居町長選挙","寄居町","埼玉県",0,1,0,1,73,73,1,0,0,1,0,0,1
"2018-07-29","常陸大宮市議会議員選挙","常陸大宮市","茨城県",1,0,0,19,63.5,44,17,1,0.111111111111111,0.333333333333333,0.111111111111111,0.111111111111111,0.777777777777778
"2018-07-29","常陸太田市議会議員選挙","常陸太田市","茨城県",1,0,0,20,65,53,17,1,0,0.611111111111111,0.333333333333333,0.0555555555555556,0.611111111111111
"2018-07-29","玄海町長選挙","玄海町","佐賀県",0,1,0,2,61,61,1,0,1,0,0,0,1
"2018-07-29","知立市議会議員選挙","知立市","愛知県",1,0,0,25,57.5,29,16,4,0.4,0.2,0.1,0.1,0.75
"2018-07-29","花巻市議会議員選挙","花巻市","岩手県",1,0,0,28,64,45,23,3,0.307692307692308,0.461538461538462,0.0769230769230769,0.230769230769231,0.692307692307692
"2018-08-05","中川村議会議員選挙","中川村","長野県",1,0,0,10,66,62,9,1,0.3,0.6,0,0.2,0.7
"2018-08-05","多賀城市議会議員補欠選挙","多賀城市","宮城県",1,0,1,2,55,55,1,0,1,0,0,0,1
"2018-08-05","多賀城市長選挙","多賀城市","宮城県",0,1,0,3,71,71,1,0,0,1,0,0,1
"2018-08-05","大阪市議会議員補欠選挙（鶴見区選挙区）","大阪市","大阪府",1,0,1,2,48,48,1,0,0,0,1,0,0
"2018-08-05","小矢部市議会議員選挙","小矢部市","富山県",1,0,0,21,63,30,15,1,0.25,0.3125,0.0625,0.0625,0.875
"2018-08-05","平泉町長選挙","平泉町","岩手県",0,1,0,1,64,64,1,0,0,0,0,0,1
"2018-08-05","朝日町議会議員選挙","朝日町","富山県",1,0,0,12,65,40,10,0,0.3,0.6,0.3,0.1,0.6
"2018-08-05","泰阜村議会議員補欠選挙","泰阜村","長野県",1,0,1,1,69,69,1,0,1,1,0,0,1
"2018-08-05","泰阜村長選挙","泰阜村","長野県",0,1,0,2,59,59,1,0,1,0,0,0,1
"2018-08-05","浪江町議会議員補欠選挙","浪江町","福島県",1,0,1,2,63,63,1,0,1,0,0,0,1
"2018-08-05","浪江町長選挙","浪江町","福島県",0,1,0,2,72,72,1,0,1,1,0,0,1
"2018-08-05","白馬村議会議員補欠選挙","白馬村","長野県",1,0,1,1,68,68,1,0,1,1,0,0,1
"2018-08-05","白馬村長選挙","白馬村","長野県",0,1,0,2,72,72,1,0,0,1,0,0,1
"2018-08-05","芸西村議会議員選挙","芸西村","高知県",1,0,0,10,63.5,43,9,1,0.2,0.5,0,0.2,0.8
"2018-08-05","越知町議会議員選挙","越知町","高知県",1,0,0,10,65,57,8,2,0.2,0.6,0.1,0,0.9
"2018-08-05","鶴田町長選挙","鶴田町","青森県",0,1,0,1,64,64,1,0,0,0,0,0,1
"2018-08-12","入善町長選挙","入善町","富山県",0,1,0,1,69,69,1,0,0,1,0,0,1
"2018-08-26","余市町長選挙","余市町","北海道",0,1,0,2,36,36,1,0,1,0,0,0,1
"2018-08-26","名張市議会議員選挙","名張市","三重県",1,0,0,24,60.5,35,13,5,0.166666666666667,0.222222222222222,0.277777777777778,0.0555555555555556,0.666666666666667
"2018-08-26","土佐清水市議会議員選挙","土佐清水市","高知県",1,0,0,14,60.5,37,11,1,0.5,0.0833333333333333,0.0833333333333333,0.166666666666667,0.75
"2018-08-26","安芸市議会議員選挙","安芸市","高知県",1,0,0,17,65,41,13,1,0.0714285714285714,0.5,0.0714285714285714,0.142857142857143,0.785714285714286
"2018-08-26","小樽市長選挙","小樽市","北海道",0,1,0,4,60,60,1,0,1,0,1,0,0
"2018-08-26","新地町長選挙","新地町","福島県",0,1,0,2,67,67,1,0,1,1,0,0,1
"2018-08-26","新庄村長選挙","新庄村","岡山県",0,1,0,1,70,70,1,0,0,1,0,0,1
"2018-08-26","早島町議会議員選挙","早島町","岡山県",1,0,0,12,62,37,10,0,0.4,0.4,0.1,0.1,0.8
"2018-08-26","東根市長選挙","東根市","山形県",0,1,0,1,74,74,1,0,0,1,0,0,1
"2018-08-26","綾部市議会議員選挙","綾部市","京都府",1,0,0,21,59.5,34,14,4,0.388888888888889,0.277777777777778,0.0555555555555556,0.222222222222222,0.722222222222222
"2018-08-26","聖籠町長選挙","聖籠町","新潟県",0,1,0,2,63,63,1,0,1,0,0,0,1
"2018-08-26","野辺地町議会議員補欠選挙","野辺地町","青森県",1,0,1,5,64,52,2,1,0.666666666666667,0.333333333333333,0,0,1
"2018-08-26","長柄町長選挙","長柄町","千葉県",0,1,0,2,71,71,1,0,0,1,0,0,1
"2018-08-26","高山市長選挙","高山市","岐阜県",0,1,0,2,68,68,1,0,0,1,0,0,1
"2018-09-02","井原市長選挙","井原市","岡山県",0,1,0,2,59,59,1,0,1,0,0,0,1
"2018-09-02","今帰仁村議会議員選挙","今帰仁村","沖縄県",1,0,0,13,45,38,10,1,0.0909090909090909,0.181818181818182,0,0,1
"2018-09-02","北谷町議会議員選挙","北谷町","沖縄県",1,0,0,22,60,31,14,5,0.157894736842105,0.263157894736842,0.0526315789473684,0.157894736842105,0.789473684210526
"2018-09-02","城里町長選挙","城里町","茨城県",0,1,0,2,39,39,1,0,0,0,0,0,1
"2018-09-02","本部町長選挙","本部町","沖縄県",0,1,0,1,68,68,1,0,1,1,0,0,1
"2018-09-02","松原市議会議員選挙","松原市","大阪府",1,0,0,23,55,39,13,5,0.277777777777778,0.111111111111111,0.444444444444444,0.222222222222222,0.111111111111111
"2018-09-02","桜川市議会議員選挙","桜川市","茨城県",1,0,0,20,60.5,39,16,2,0.166666666666667,0.388888888888889,0.0555555555555556,0.0555555555555556,0.888888888888889
"2018-09-02","石川町長選挙","石川町","福島県",0,1,0,2,70,70,1,0,1,1,0,0,1
"2018-09-02","神山町議会議員補欠選挙","神山町","徳島県",1,0,1,6,59,42,5,0,1,0.4,0,0,1
"2018-09-02","香美市議会議員選挙","香美市","高知県",1,0,0,21,63,42,14,6,0.2,0.45,0.1,0.25,0.65
"2018-09-02","高砂市議会議員選挙","高砂市","兵庫県",1,0,0,20,57,30,17,2,0.263157894736842,0.210526315789474,0.210526315789474,0.105263157894737,0.631578947368421
"2018-09-09","みなかみ町議会議員選挙","みなかみ町","群馬県",1,0,0,29,62.5,30,16,2,0.333333333333333,0.444444444444444,0.0555555555555556,0,0.944444444444444
"2018-09-09","三股町議会議員補欠選挙","三股町","宮崎県",1,0,1,1,67,67,1,0,1,1,0,0,1
"2018-09-09","三股町長選挙","三股町","宮崎県",0,1,0,1,65,65,1,0,0,1,0,0,1
"2018-09-09","与那国町議会議員選挙","与那国町","沖縄県",1,0,0,12,57.5,44,10,0,0.3,0.1,0.4,0,0.6
"2018-09-09","中城村議会議員選挙","中城村","沖縄県",1,0,0,19,63.5,44,13,3,0.3125,0.375,0,0.0625,0.9375
"2018-09-09","中島村長選挙","中島村","福島県",0,1,0,1,66,66,1,0,0,1,0,0,1
"2018-09-09","交野市長選挙","交野市","大阪府",0,1,0,3,49,49,1,0,0,0,0,0,1
"2018-09-09","伊平屋村議会議員選挙","伊平屋村","沖縄県",1,0,0,10,62.5,43,8,0,0.25,0.5,0,0,1
"2018-09-09","伊是名村議会議員選挙","伊是名村","沖縄県",1,0,0,13,57.5,52,9,1,0.6,0.1,0,0,1
"2018-09-09","伊是名村長選挙","伊是名村","沖縄県",0,1,0,2,74,74,1,0,0,1,0,0,1
"2018-09-09","伊江村議会議員選挙","伊江村","沖縄県",1,0,0,11,64,54,10,0,0.2,0.4,0,0.1,0.9
"2018-09-09","八重瀬町議会議員選挙","八重瀬町","沖縄県",1,0,0,17,58.5,42,14,2,0.3125,0.125,0,0.125,0.875
"2018-09-09","北中城村議会議員選挙","北中城村","沖縄県",1,0,0,16,63.5,36,13,1,0.285714285714286,0.428571428571429,0,0,1
"2018-09-09","北大東村議会議員選挙","北大東村","沖縄県",1,0,0,5,58,44,5,0,0.2,0.2,0,0,1
"2018-09-09","南城市議会議員選挙","南城市","沖縄県",1,0,0,26,57.5,32,18,2,0.3,0.15,0.05,0.05,0.85
"2018-09-09","南風原町議会議員選挙","南風原町","沖縄県",1,0,0,18,62.5,30,14,2,0.3125,0.4375,0.0625,0.125,0.75
"2018-09-09","名護市議会議員選挙","名護市","沖縄県",1,0,0,32,60.5,25,23,3,0.230769230769231,0.230769230769231,0.0769230769230769,0.0769230769230769,0.807692307692308
"2018-09-09","国頭村議会議員選挙","国頭村","沖縄県",1,0,0,12,63,51,9,1,0.1,0.5,0,0,1
"2018-09-09","大宜味村議会議員選挙","大宜味村","沖縄県",1,0,0,13,63.5,42,9,1,0.4,0.4,0,0.1,0.9
"2018-09-09","大宜味村長選挙","大宜味村","沖縄県",0,1,0,1,67,67,1,0,0,1,0,0,1
"2018-09-09","奥出雲町長選挙","奥出雲町","島根県",0,1,0,2,69,69,1,0,0,1,0,0,1
"2018-09-09","宜野座村議会議員選挙","宜野座村","沖縄県",1,0,0,13,65,46,11,1,0.166666666666667,0.583333333333333,0,0,1
"2018-09-09","宜野湾市議会議員選挙","宜野湾市","沖縄県",1,0,0,28,52,33,25,1,0.307692307692308,0.0384615384615385,0.115384615384615,0.0769230769230769,0.807692307692308
"2018-09-09","川棚町長選挙","川棚町","長崎県",0,1,0,2,71,71,1,0,0,1,0,0,1
"2018-09-09","座間味村議会議員選挙","座間味村","沖縄県",1,0,0,8,61.5,45,6,0,0,0,0,0,1
"2018-09-09","恩納村議会議員選挙","恩納村","沖縄県",1,0,0,19,59.5,38,16,0,0.1875,0.375,0,0,1
"2018-09-09","最上町長選挙","最上町","山形県",0,1,0,1,70,70,1,0,0,1,0,0,1
"2018-09-09","東村議会議員選挙","東村","沖縄県",1,0,0,10,59.5,41,8,0,0.25,0.25,0,0.125,0.875
"2018-09-09","根室市長選挙","根室市","北海道",0,1,0,2,67,67,NA,NA,1,1,1,0,0
"2018-09-09","沖縄市議会議員選挙","沖縄市","沖縄県",1,0,0,36,49.5,30,27,3,0.233333333333333,0.166666666666667,0.166666666666667,0.1,0.733333333333333
"2018-09-09","波佐見町議会議員補欠選挙","波佐見町","長崎県",1,0,1,2,50,50,1,0,1,0,0,0,1
"2018-09-09","波佐見町長選挙","波佐見町","長崎県",0,1,0,2,74,74,1,0,0,1,0,0,1
"2018-09-09","渡名喜村議会議員選挙","渡名喜村","沖縄県",1,0,0,7,60.5,58,6,0,0.166666666666667,0.166666666666667,0,0.166666666666667,0.833333333333333
"2018-09-09","渡嘉敷村議会議員選挙","渡嘉敷村","沖縄県",1,0,0,10,57,33,7,0,0.428571428571429,0.285714285714286,0,0,1
"2018-09-09","湯梨浜町長選挙","湯梨浜町","鳥取県",0,1,0,1,67,67,1,0,0,1,0,0,1
"2018-09-09","滑川町議会議員補欠選挙","滑川町","埼玉県",1,0,1,4,63,43,2,1,1,0,0,0,1
"2018-09-09","滑川町長選挙","滑川町","埼玉県",0,1,0,3,79,79,1,0,0,1,0,0,1
"2018-09-09","熱海市議会議員補欠選挙","熱海市","静岡県",1,0,1,1,48,48,1,0,1,0,1,0,0
"2018-09-09","熱海市長選挙","熱海市","静岡県",0,1,0,1,55,55,1,0,0,0,0,0,1
"2018-09-09","石垣市議会議員選挙","石垣市","沖縄県",1,0,0,30,51.5,31,19,3,0.272727272727273,0.136363636363636,0.181818181818182,0.0909090909090909,0.681818181818182
"2018-09-09","竹富町議会議員選挙","竹富町","沖縄県",1,0,0,15,63,40,10,2,0.333333333333333,0.416666666666667,0.0833333333333333,0,0.916666666666667
"2018-09-09","粕屋町長選挙","粕屋町","福岡県",0,1,0,2,64,64,1,0,1,0,0,0,1
"2018-09-09","粟国村議会議員選挙","粟国村","沖縄県",1,0,0,8,61,42,6,1,0.142857142857143,0.428571428571429,0,0,1
"2018-09-09","粟島浦村議会議員補欠選挙","粟島浦村","新潟県",1,0,1,2,69,69,1,0,1,1,0,0,1
"2018-09-09","粟島浦村長選挙","粟島浦村","新潟県",0,1,0,1,64,64,1,0,0,0,0,0,1
"2018-09-09","西原町議会議員選挙","西原町","沖縄県",1,0,0,21,63,31,17,2,0.105263157894737,0.315789473684211,0.210526315789474,0.105263157894737,0.631578947368421
"2018-09-09","読谷村議会議員選挙","読谷村","沖縄県",1,0,0,21,63,40,16,3,0.157894736842105,0.368421052631579,0.0526315789473684,0.105263157894737,0.842105263157895
"2018-09-09","鞍手町議会議員補欠選挙","鞍手町","福岡県",1,0,1,4,68,61,0,2,1,0.5,0,0.5,0.5
"2018-09-09","鞍手町長選挙","鞍手町","福岡県",0,1,0,2,63,63,1,0,1,0,0,0,1
"2018-09-16","七ケ宿町議会議員選挙","七ケ宿町","宮城県",1,0,0,9,67.5,63,8,0,0.25,0.875,0,0.125,0.875
"2018-09-16","七ケ宿町長選挙","七ケ宿町","宮城県",0,1,0,1,65,65,1,0,0,1,0,0,1
"2018-09-16","利尻町議会議員選挙","利尻町","北海道",1,0,0,7,69,61,7,0,0,0.857142857142857,0,0,1
"2018-09-23","塩尻市議会議員補欠選挙","塩尻市","長野県",1,0,1,1,62,62,1,0,1,0,0,0,1
"2018-09-23","塩尻市長選挙","塩尻市","長野県",0,1,0,2,67,67,1,0,0,1,0,0,1
"2018-09-23","市川三郷町議会議員選挙","市川三郷町","山梨県",1,0,0,15,71,50,13,1,0.214285714285714,0.785714285714286,0.0714285714285714,0.0714285714285714,0.857142857142857
"2018-09-23","東北町議会議員選挙","東北町","青森県",1,0,0,17,66,38,16,0,0.125,0.625,0,0.0625,0.9375
"2018-09-23","桑折町長選挙","桑折町","福島県",0,1,0,1,61,61,1,0,0,0,0,0,1
"2018-09-23","神津島村長選挙","神津島村","東京都",0,1,0,2,63,63,1,0,1,0,0,0,1
"2018-09-23","胎内市議会議員選挙","胎内市","新潟県",1,0,0,19,61.5,36,15,1,0.0625,0.3125,0.0625,0.125,0.8125
"2018-09-23","館林市議会議員選挙","館林市","群馬県",1,0,0,20,60,44,16,2,0.388888888888889,0.277777777777778,0.111111111111111,0.111111111111111,0.722222222222222
"2018-09-30","うるま市議会議員選挙","うるま市","沖縄県",1,0,0,34,57.5,35,28,2,0.233333333333333,0.333333333333333,0.0666666666666667,0.1,0.833333333333333
"2018-09-30","三木町議会議員補欠選挙","三木町","香川県",1,0,1,3,78,78,1,0,0,1,0,0,1
"2018-09-30","三木町長選挙","三木町","香川県",0,1,0,2,65,65,1,0,1,1,0,0,1
"2018-09-30","品川区議会議員補欠選挙","品川区","東京都",1,0,1,5,45,28,2,0,1,0,0.5,0.5,0
"2018-09-30","品川区長選挙","品川区","東京都",0,1,0,3,71,71,1,0,0,1,1,0,0
"2018-09-30","宇多津町議会議員補欠選挙","宇多津町","香川県",1,0,1,2,65,65,1,0,1,1,0,0,1
"2018-09-30","宇多津町長選挙","宇多津町","香川県",0,1,0,3,61,61,1,0,0,0,0,0,1
"2018-09-30","宜野湾市長選挙","宜野湾市","沖縄県",0,1,0,2,65,65,1,0,1,1,0,0,1
"2018-09-30","御浜町長選挙","御浜町","三重県",0,1,0,1,67,67,1,0,0,1,0,0,1
"2018-09-30","木祖村議会議員補欠選挙","木祖村","長野県",1,0,1,1,66,66,1,0,1,1,0,0,1
"2018-09-30","木祖村長選挙","木祖村","長野県",0,1,0,1,70,70,1,0,0,1,0,0,1
"2018-09-30","柳川市議会議員選挙","柳川市","福岡県",1,0,0,25,63,32,20,1,0.19047619047619,0.380952380952381,0.0952380952380952,0,0.904761904761905
"2018-09-30","標茶町長選挙","標茶町","北海道",0,1,0,2,61,61,1,0,1,0,0,0,1
"2018-09-30","河津町議会議員選挙","河津町","静岡県",1,0,0,12,60,42,11,0,0.272727272727273,0.454545454545455,0,0,1
"2018-09-30","美濃加茂市議会議員選挙","美濃加茂市","岐阜県",1,0,0,20,65,42,14,2,0.1875,0.5,0.1875,0.0625,0.75
"2018-09-30","菊陽町議会議員補欠選挙","菊陽町","熊本県",1,0,1,4,65,64,1,1,0.5,0.5,0,0,1
"2018-09-30","菊陽町長選挙","菊陽町","熊本県",0,1,0,2,72,72,1,0,0,1,0,0,1
"2018-09-30","金山町長選挙","金山町","福島県",0,1,0,2,69,69,1,0,1,1,0,0,1
"2018-10-07","裾野市議会議員選挙","裾野市","静岡県",1,0,0,20,60,31,14,5,0.263157894736842,0.263157894736842,0.105263157894737,0.105263157894737,0.789473684210526
"2018-10-14","八丈町議会議員選挙","八丈町","東京都",1,0,0,14,63,39,9,5,0.214285714285714,0.357142857142857,0.357142857142857,0,0.642857142857143
"2018-10-14","君津市長選挙","君津市","千葉県",0,1,0,3,53,53,0,1,1,0,0,0,1
"2018-10-14","宇土市議会議員選挙","宇土市","熊本県",1,0,0,21,62.5,33,17,1,0.111111111111111,0.333333333333333,0.0555555555555556,0.0555555555555556,0.888888888888889
"2018-10-14","岩国市議会議員選挙","岩国市","山口県",1,0,0,33,61,26,26,4,0.166666666666667,0.366666666666667,0.133333333333333,0.1,0.766666666666667
"2018-10-14","日之影町議会議員選挙","日之影町","宮崎県",1,0,0,9,61.5,39,8,0,0.5,0.25,0,0,1
"2018-10-14","浅川町議会議員補欠選挙","浅川町","福島県",1,0,1,1,61,61,1,0,1,0,0,0,1
"2018-10-14","浅川町長選挙","浅川町","福島県",0,1,0,2,63,63,1,0,1,0,0,0,1
"2018-10-14","豊見城市長選挙","豊見城市","沖縄県",0,1,0,3,44,44,1,0,1,0,0,1,0
"2018-10-21","一宮町議会議員選挙","一宮町","千葉県",1,0,0,20,63,43,13,1,0.285714285714286,0.5,0,0,1
"2018-10-21","三郷市長選挙","三郷市","埼玉県",0,1,0,2,72,72,1,0,0,1,0,0,1
"2018-10-21","加東市議会議員選挙","加東市","兵庫県",1,0,0,18,64,41,14,2,0.25,0.4375,0.0625,0.0625,0.875
"2018-10-21","大山崎町議会議員選挙","大山崎町","京都府",1,0,0,15,58,40,10,2,0.333333333333333,0.25,0.25,0.333333333333333,0.333333333333333
"2018-10-21","大山崎町長選挙","大山崎町","京都府",0,1,0,2,62,62,1,0,1,0,0,0,1
"2018-10-21","大淀町長選挙","大淀町","奈良県",0,1,0,1,73,73,1,0,0,1,0,0,1
"2018-10-21","山辺町議会議員補欠選挙","山辺町","山形県",1,0,1,1,73,73,0,1,1,1,0,0,1
"2018-10-21","山辺町長選挙","山辺町","山形県",0,1,0,1,71,71,1,0,0,1,0,0,1
"2018-10-21","川西市議会議員選挙","川西市","兵庫県",1,0,0,32,55,36,16,10,0.346153846153846,0.192307692307692,0.307692307692308,0.115384615384615,0.384615384615385
"2018-10-21","川西市長選挙","川西市","兵庫県",0,1,0,2,41,41,1,0,1,0,0,0,1
"2018-10-21","田布施町議会議員補欠選挙","田布施町","山口県",1,0,1,2,69,69,1,0,1,1,0,0,1
"2018-10-21","田布施町長選挙","田布施町","山口県",0,1,0,1,62,62,1,0,1,0,0,0,1
"2018-10-21","能登町議会議員選挙","能登町","石川県",1,0,0,15,69,46,13,1,0.142857142857143,0.714285714285714,0.0714285714285714,0,0.928571428571429
"2018-10-21","見附市議会議員選挙","見附市","新潟県",1,0,0,19,62,28,13,4,0.294117647058824,0.411764705882353,0.0588235294117647,0.117647058823529,0.823529411764706
"2018-10-21","見附市長選挙","見附市","新潟県",0,1,0,1,68,68,1,0,0,1,0,0,1
"2018-10-21","那覇市長選挙","那覇市","沖縄県",0,1,0,2,67,67,0,1,0,1,0,0,1
"2018-10-21","黒部市議会議員選挙","黒部市","富山県",1,0,0,18,65.5,40,16,2,0.333333333333333,0.555555555555556,0.277777777777778,0.0555555555555556,0.666666666666667
"2018-10-28","みなかみ町長選挙","みなかみ町","群馬県",0,1,0,1,66,66,1,0,1,1,0,0,1
"2018-10-28","みやま市長選挙","みやま市","福岡県",0,1,0,3,65,65,1,0,1,1,0,0,1
"2018-10-28","三条市長選挙","三条市","新潟県",0,1,0,1,46,46,1,0,0,0,0,0,1
"2018-10-28","中井町長選挙","中井町","神奈川県",0,1,0,1,64,64,1,0,0,0,0,0,1
"2018-10-28","亀山市議会議員選挙","亀山市","三重県",1,0,0,23,58.5,30,14,4,0.166666666666667,0.388888888888889,0.111111111111111,0.111111111111111,0.777777777777778
"2018-10-28","匝瑳市議会議員選挙","匝瑳市","千葉県",1,0,0,18,66.5,44,16,2,0,0.611111111111111,0.0555555555555556,0.111111111111111,0.833333333333333
"2018-10-28","可児市長選挙","可児市","岐阜県",0,1,0,2,65,65,1,0,0,1,0,0,1
"2018-10-28","妙高市議会議員補欠選挙","妙高市","新潟県",1,0,1,1,64,64,0,1,1,0,0,0,1
"2018-10-28","妙高市長選挙","妙高市","新潟県",0,1,0,2,71,71,1,0,0,1,0,0,1
"2018-10-28","小平町長選挙","小平町","北海道",0,1,0,1,70,70,1,0,0,1,0,0,1
"2018-10-28","新潟市議会議員補欠選挙（北区選挙区）","新潟市","新潟県",1,0,1,1,69,69,0,1,0,1,0,1,0
"2018-10-28","新潟市長選挙","新潟市","新潟県",0,1,0,4,59,59,1,0,1,0,0,0,1
"2018-10-28","栗東市議会議員補欠選挙","栗東市","滋賀県",1,0,1,3,52.5,52,1,1,1,0,0,0,1
"2018-10-28","栗東市長選挙","栗東市","滋賀県",0,1,0,1,52,52,1,0,0,0,0,0,1
"2018-10-28","桂川町議会議員選挙","桂川町","福岡県",1,0,0,12,65,44,9,1,0.1,0.5,0.1,0.1,0.7
"2018-10-28","桂川町長選挙","桂川町","福岡県",0,1,0,1,69,69,1,0,0,1,0,0,1
"2018-10-28","氷見市議会議員選挙","氷見市","富山県",1,0,0,20,58,33,15,2,0.176470588235294,0.235294117647059,0,0.117647058823529,0.882352941176471
"2018-10-28","渡嘉敷村長選挙","渡嘉敷村","沖縄県",0,1,0,2,54,54,1,0,1,0,0,0,1
"2018-10-28","燕市議会議員選挙","燕市","新潟県",1,0,0,24,62,35,18,2,0.15,0.35,0.1,0.15,0.75
"2018-10-28","草加市議会議員選挙","草加市","埼玉県",1,0,0,31,52.5,31,23,5,0.214285714285714,0.178571428571429,0.214285714285714,0.178571428571429,0.535714285714286
"2018-10-28","草加市長選挙","草加市","埼玉県",0,1,0,2,58,58,1,0,1,0,0,0,1
"2018-10-28","遠野市議会議員選挙","遠野市","岩手県",1,0,0,22,64.5,39,17,1,0.277777777777778,0.5,0.0555555555555556,0.0555555555555556,0.888888888888889
"2018-10-28","釧路町議会議員補欠選挙","釧路町","北海道",1,0,1,2,50,50,0,1,1,0,0,0,1
"2018-10-28","釧路町長選挙","釧路町","北海道",0,1,0,1,60,60,1,0,1,0,0,0,1
"2018-10-28","雫石町議会議員補欠選挙","雫石町","岩手県",1,0,1,2,62,62,1,0,1,0,0,0,1
"2018-10-28","雫石町長選挙","雫石町","岩手県",0,1,0,2,61,61,1,0,1,0,0,0,1
"2018-10-28","青森市議会議員選挙","青森市","青森県",1,0,0,39,58,28,29,6,0.114285714285714,0.4,0.371428571428571,0.228571428571429,0.371428571428571
"2018-10-28","飯山市議会議員選挙","飯山市","長野県",1,0,0,17,68,43,15,1,0.1875,0.5625,0.0625,0.125,0.75
"2018-10-28","飯山市長選挙","飯山市","長野県",0,1,0,2,67,67,1,0,0,1,0,0,1
"2018-11-04","美郷町長選挙","美郷町","島根県",0,1,0,1,54,54,1,0,1,0,0,0,1
"2018-11-04","須崎市議会議員選挙","須崎市","高知県",1,0,0,16,57,37,13,2,0.2,0.333333333333333,0.0666666666666667,0.266666666666667,0.666666666666667
"2018-11-11","いすみ市議会議員選挙","いすみ市","千葉県",1,0,0,21,63.5,45,16,2,0.277777777777778,0.5,0.111111111111111,0.0555555555555556,0.833333333333333
"2018-11-11","つるぎ町議会議員選挙","つるぎ町","徳島県",1,0,0,14,68,37,9,3,0.0833333333333333,0.583333333333333,0,0.0833333333333333,0.916666666666667
"2018-11-11","新宿区長選挙","新宿区","東京都",0,1,0,2,46,46,1,0,0,0,0,0,1
"2018-11-11","旭川市長選挙","旭川市","北海道",0,1,0,2,50,50,1,0,0,0,0,1,0
"2018-11-11","滝沢市議会議員補欠選挙","滝沢市","岩手県",1,0,1,1,75,75,1,0,0,1,0,0,1
"2018-11-11","滝沢市長選挙","滝沢市","岩手県",0,1,0,1,68,68,1,0,1,1,0,0,1
"2018-11-11","竹原市議会議員選挙","竹原市","広島県",1,0,0,18,61.5,42,12,2,0.0714285714285714,0.357142857142857,0.0714285714285714,0.0714285714285714,0.857142857142857
"2018-11-11","紀北町議会議員選挙","紀北町","三重県",1,0,0,19,69,48,14,2,0.1875,0.75,0.125,0.125,0.75
"2018-11-11","網走市長選挙","網走市","北海道",0,1,0,1,55,55,1,0,0,0,0,0,1
"2018-11-11","羽幌町長選挙","羽幌町","北海道",0,1,0,2,65,65,1,0,0,1,0,0,1
"2018-11-11","金沢市長選挙","金沢市","石川県",0,1,0,2,56,56,1,0,0,0,1,0,0
"2018-11-11","韮崎市議会議員補欠選挙","韮崎市","山梨県",1,0,1,2,54.5,52,2,0,1,0,0,0,1
"2018-11-11","韮崎市長選挙","韮崎市","山梨県",0,1,0,1,64,64,1,0,0,0,0,0,1
"2018-11-11","高鍋町議会議員選挙","高鍋町","宮崎県",1,0,0,17,62,46,13,1,0.285714285714286,0.357142857142857,0.0714285714285714,0.0714285714285714,0.857142857142857
"2018-11-18","さくら市議会議員選挙","さくら市","栃木県",1,0,0,20,62.5,35,16,2,0.111111111111111,0.444444444444444,0.0555555555555556,0,0.944444444444444
"2018-11-18","ひたちなか市長選挙","ひたちなか市","茨城県",0,1,0,2,45,45,1,0,1,0,0,0,1
"2018-11-18","上天草市議会議員補欠選挙","上天草市","熊本県",1,0,1,3,47,47,1,0,0,0,0,0,1
"2018-11-18","上天草市長選挙","上天草市","熊本県",0,1,0,1,51,51,1,0,0,0,0,0,1
"2018-11-18","中之条町長選挙","中之条町","群馬県",0,1,0,2,67,67,1,0,0,1,0,0,1
"2018-11-18","二宮町議会議員選挙","二宮町","神奈川県",1,0,0,17,59,42,8,6,0.214285714285714,0.357142857142857,0.0714285714285714,0.0714285714285714,0.785714285714286
"2018-11-18","二宮町長選挙","二宮町","神奈川県",0,1,0,3,61,61,0,1,0,0,0,0,1
"2018-11-18","伊根町議会議員選挙","伊根町","京都府",1,0,0,9,55,44,8,1,0.222222222222222,0,0.111111111111111,0.222222222222222,0.666666666666667
"2018-11-18","伊根町長選挙","伊根町","京都府",0,1,0,2,63,63,1,0,0,0,0,0,1
"2018-11-18","信濃町長選挙","信濃町","長野県",0,1,0,1,68,68,1,0,0,1,0,0,1
"2018-11-18","八街市議会議員補欠選挙","八街市","千葉県",1,0,1,1,54,54,1,0,1,0,0,0,1
"2018-11-18","八街市長選挙","八街市","千葉県",0,1,0,1,70,70,1,0,0,1,0,0,1
"2018-11-18","南相馬市議会議員選挙","南相馬市","福島県",1,0,0,24,62,44,21,1,0.227272727272727,0.363636363636364,0.0454545454545455,0.0909090909090909,0.863636363636364
"2018-11-18","士幌町長選挙","士幌町","北海道",0,1,0,1,67,67,1,0,0,1,0,0,1
"2018-11-18","大磯町議会議員補欠選挙","大磯町","神奈川県",1,0,1,2,66.5,55,1,1,0.5,0.5,0,0,1
"2018-11-18","大磯町長選挙","大磯町","神奈川県",0,1,0,3,76,76,1,0,0,1,0,0,1
"2018-11-18","室戸市長選挙","室戸市","高知県",0,1,0,4,62,62,1,0,1,0,0,0,1
"2018-11-18","小千谷市長選挙","小千谷市","新潟県",0,1,0,1,67,67,1,0,0,1,0,0,1
"2018-11-18","小矢部市長選挙","小矢部市","富山県",0,1,0,1,64,64,1,0,0,0,0,0,1
"2018-11-18","尼崎市長選挙","尼崎市","兵庫県",0,1,0,2,46,46,0,1,0,0,0,0,1
"2018-11-18","幌延町長選挙","幌延町","北海道",0,1,0,1,63,63,1,0,0,0,0,0,1
"2018-11-18","平生町議会議員補欠選挙","平生町","山口県",1,0,1,2,40,40,1,0,1,0,0,0,1
"2018-11-18","平生町長選挙","平生町","山口県",0,1,0,1,62,62,1,0,1,0,0,0,1
"2018-11-18","新発田市長選挙","新発田市","新潟県",0,1,0,2,66,66,1,0,0,1,0,0,1
"2018-11-18","明和町議会議員選挙","明和町","三重県",1,0,0,16,62,44,10,4,0.142857142857143,0.357142857142857,0.0714285714285714,0.0714285714285714,0.857142857142857
"2018-11-18","明和町長選挙","明和町","三重県",0,1,0,5,51,51,1,0,1,0,0,0,1
"2018-11-18","松山市長選挙","松山市","愛媛県",0,1,0,2,51,51,1,0,0,0,0,0,1
"2018-11-18","松戸市議会議員選挙","松戸市","千葉県",1,0,0,59,51.5,34,33,11,0.181818181818182,0.159090909090909,0.386363636363636,0.113636363636364,0.386363636363636
"2018-11-18","熊本市長選挙","熊本市","熊本県",0,1,0,2,50,50,1,0,0,0,1,0,0
"2018-11-18","白山市長選挙","白山市","石川県",0,1,0,1,67,67,1,0,0,1,0,0,1
"2018-11-18","福岡市長選挙","福岡市","福岡県",0,1,0,2,44,44,1,0,0,0,0,0,1
"2018-11-18","箕輪町長選挙","箕輪町","長野県",0,1,0,1,64,64,1,0,0,0,0,0,1
"2018-11-18","篠山市長選挙","篠山市","兵庫県",0,1,0,2,64,64,1,0,0,0,0,0,1
"2018-11-18","舞鶴市議会議員選挙","舞鶴市","京都府",1,0,0,34,61.5,37,21,5,0.230769230769231,0.307692307692308,0.384615384615385,0.153846153846154,0.461538461538462
"2018-11-18","茅ヶ崎市議会議員補欠選挙","茅ヶ崎市","神奈川県",1,0,1,6,54,54,1,0,0,0,0,0,1
"2018-11-18","茅ヶ崎市長選挙","茅ヶ崎市","神奈川県",0,1,0,3,49,49,1,0,1,0,0,0,1
"2018-11-18","遠賀町長選挙","遠賀町","福岡県",0,1,0,1,49,49,1,0,1,0,0,0,1
"2018-11-18","長井市長選挙","長井市","山形県",0,1,0,2,62,62,1,0,0,0,1,0,0
"2018-11-18","阿賀町議会議員補欠選挙","阿賀町","新潟県",1,0,1,4,62,57,1,1,1,0.5,0,0,1
"2018-11-18","阿賀町長選挙","阿賀町","新潟県",0,1,0,3,59,59,1,0,1,0,0,0,1
"2018-11-18","館山市長選挙","館山市","千葉県",0,1,0,2,69,69,1,0,0,1,0,0,1
"2018-11-18","鳥取市議会議員選挙","鳥取市","鳥取県",1,0,0,35,63,36,27,5,0.1875,0.375,0.1875,0.125,0.6875
"2018-11-25","古賀市長選挙","古賀市","福岡県",0,1,0,4,38,38,1,0,1,0,0,0,1
"2018-11-25","大船渡市長選挙","大船渡市","岩手県",0,1,0,2,69,69,1,0,0,1,0,0,1
"2018-11-25","奈井江町長選挙","奈井江町","北海道",0,1,0,1,64,64,1,0,1,0,0,0,1
"2018-11-25","津別町長選挙","津別町","北海道",0,1,0,1,68,68,1,0,0,1,0,0,1
"2018-11-25","犬山市長選挙","犬山市","愛知県",0,1,0,2,45,45,1,0,0,0,0,0,1
"2018-11-25","稲敷市長選挙","稲敷市","茨城県",0,1,0,2,50,50,1,0,1,0,0,0,1
"2018-11-25","阿久比町長選挙","阿久比町","愛知県",0,1,0,2,64,64,1,0,0,0,0,0,1
"2018-11-25","養老町長選挙","養老町","岐阜県",0,1,0,1,68,68,1,0,0,1,0,0,1
"2018-12-02","大鰐町議会議員選挙","大鰐町","青森県",1,0,0,11,67,61,9,1,0.4,0.6,0.1,0,0.8
"2018-12-02","天城町議会議員選挙","天城町","鹿児島県",1,0,0,17,61,45,14,0,0.285714285714286,0.285714285714286,0,0,1
"2018-12-02","天城町長選挙","天城町","鹿児島県",0,1,0,2,67,67,1,0,1,1,0,0,1
"2018-12-02","弥富市長選挙","弥富市","愛知県",0,1,0,3,56,56,1,0,1,0,0,0,1
"2018-12-02","昭和村議会議員選挙","昭和村","群馬県",1,0,0,9,66,62,9,0,0.222222222222222,0.555555555555556,0,0.111111111111111,0.888888888888889
"2018-12-02","桑名市議会議員選挙","桑名市","三重県",1,0,0,39,58,26,20,6,0.423076923076923,0.307692307692308,0.115384615384615,0.0769230769230769,0.807692307692308
"2018-12-09","坂東市議会議員選挙","坂東市","茨城県",1,0,0,22,64,38,19,1,0.15,0.35,0.1,0.05,0.85
"2018-12-09","大井町議会議員補欠選挙","大井町","神奈川県",1,0,1,4,64,62,2,1,0.666666666666667,0.333333333333333,0,0,1
"2018-12-09","大井町長選挙","大井町","神奈川県",0,1,0,3,65,65,1,0,1,1,0,0,1
"2018-12-09","小竹町議会議員選挙","小竹町","福岡県",1,0,0,13,68,32,10,2,0.166666666666667,0.916666666666667,0.0833333333333333,0.166666666666667,0.75
"2018-12-09","小竹町長選挙","小竹町","福岡県",0,1,0,1,69,69,1,0,0,1,0,0,1
"2018-12-09","平群町長選挙","平群町","奈良県",0,1,0,2,61,61,1,0,1,0,0,0,1
"2018-12-09","稲敷市議会議員選挙","稲敷市","茨城県",1,0,0,21,58,36,18,2,0.15,0.2,0.15,0.05,0.8
"2018-12-09","笠間市議会議員選挙","笠間市","茨城県",1,0,0,24,63.5,41,18,4,0.318181818181818,0.454545454545455,0.272727272727273,0.136363636363636,0.590909090909091
"2018-12-09","美咲町長選挙","美咲町","岡山県",0,1,0,1,50,50,1,0,1,0,0,0,1
"2018-12-09","那珂市議会議員補欠選挙","那珂市","茨城県",1,0,1,6,58.5,47,4,0,1,0,0,0,1
"2018-12-16","三島市長選挙","三島市","静岡県",0,1,0,3,75,75,1,0,0,1,0,0,1
"2018-12-16","三芳町長選挙","三芳町","埼玉県",0,1,0,2,61,61,1,0,0,0,0,0,1
"2018-12-16","中泊町議会議員選挙","中泊町","青森県",1,0,0,17,65,29,11,2,0.230769230769231,0.692307692307692,0,0,1
"2018-12-16","丸森町長選挙","丸森町","宮城県",0,1,0,1,68,68,1,0,0,1,0,0,1
"2018-12-16","八千代市議会議員選挙","八千代市","千葉県",1,0,0,33,57,34,25,3,0.178571428571429,0.285714285714286,0.392857142857143,0.142857142857143,0.321428571428571
"2018-12-16","十和田市議会議員選挙","十和田市","青森県",1,0,0,23,66.5,31,17,5,0.227272727272727,0.545454545454545,0.454545454545455,0.0909090909090909,0.454545454545455
"2018-12-16","大子町長選挙","大子町","茨城県",0,1,0,3,50,50,1,0,1,0,0,0,1
"2018-12-16","宝達志水町議会議員選挙","宝達志水町","石川県",1,0,0,15,61,44,12,0,0.25,0.333333333333333,0.166666666666667,0.0833333333333333,0.75
"2018-12-16","日南町長選挙","日南町","鳥取県",0,1,0,1,63,63,1,0,1,0,0,0,1
"2018-12-16","月形町議会議員補欠選挙","月形町","北海道",1,0,1,2,55.5,51,1,1,0.5,0,0,0,1
"2018-12-16","武雄市長選挙","武雄市","佐賀県",0,1,0,1,42,42,1,0,0,0,0,0,1
"2018-12-16","逗子市長選挙","逗子市","神奈川県",0,1,0,2,69,69,1,0,1,1,0,0,1
"2018-12-16","香取市議会議員選挙","香取市","千葉県",1,0,0,26,64.5,31,21,1,0.409090909090909,0.5,0.0909090909090909,0.0909090909090909,0.818181818181818
"2018-12-23","南知多町長選挙","南知多町","愛知県",0,1,0,2,66,66,1,0,0,1,0,0,1
"2018-12-23","大網白里市長選挙","大網白里市","千葉県",0,1,0,1,50,50,1,0,0,0,1,0,0
"2018-12-23","成田市長選挙","成田市","千葉県",0,1,0,1,62,62,1,0,0,0,1,0,0
"2018-12-23","東庄町議会議員補欠選挙","東庄町","千葉県",1,0,1,2,66,66,1,0,1,1,0,0,1
"2018-12-23","東庄町長選挙","東庄町","千葉県",0,1,0,1,71,71,1,0,0,1,0,0,1
"2018-12-23","深川市長選挙","深川市","北海道",0,1,0,1,66,66,1,0,0,1,0,0,1
"2018-12-23","西東京市議会議員選挙","西東京市","東京都",1,0,0,33,52.5,31,21,7,0.214285714285714,0.178571428571429,0.5,0.142857142857143,0.178571428571429
"2018-12-23","阿久根市長選挙","阿久根市","鹿児島県",0,1,0,2,45,45,1,0,0,0,0,0,1
"2018-12-23","高千穂町議会議員補欠選挙","高千穂町","宮崎県",1,0,1,2,54,54,0,1,1,0,0,0,1
"2018-12-23","高千穂町長選挙","高千穂町","宮崎県",0,1,0,2,47,47,1,0,1,0,0,0,1
"2019-01-13","一宮市長選挙","一宮市","愛知県",0,1,0,2,51,51,1,0,0,0,0,0,1
"2019-01-13","上峰町議会議員選挙","上峰町","佐賀県",1,0,0,12,63,37,10,0,0.3,0.5,0,0,1
"2019-01-13","恩納村長選挙","恩納村","沖縄県",0,1,0,1,53,53,1,0,0,0,0,0,1
"2019-01-13","苓北町議会議員選挙","苓北町","熊本県",1,0,0,12,69.5,55,11,1,0.0833333333333333,0.666666666666667,0,0.0833333333333333,0.916666666666667
"2019-01-13","苓北町長選挙","苓北町","熊本県",0,1,0,1,71,71,1,0,0,1,0,0,1
"2019-01-13","長岡京市議会議員補欠選挙","長岡京市","京都府",1,0,1,2,52,52,1,0,1,0,0,0,1
"2019-01-13","長岡京市長選挙","長岡京市","京都府",0,1,0,2,45,45,1,0,0,0,1,0,0
"2019-01-13","馬路村議会議員選挙","馬路村","高知県",1,0,0,9,63.5,47,7,1,0.125,0.5,0,0,1
"2019-01-20","かすみがうら市議会議員選挙","かすみがうら市","茨城県",1,0,0,18,64,43,15,1,0.0625,0.5,0.0625,0.0625,0.8125
"2019-01-20","中山町長選挙","中山町","山形県",0,1,0,1,59,59,1,0,0,0,0,0,1
"2019-01-20","五所川原市議会議員選挙","五所川原市","青森県",1,0,0,27,64.5,38,20,2,0.272727272727273,0.5,0.0454545454545455,0.0454545454545455,0.909090909090909
"2019-01-20","倶知安町長選挙","倶知安町","北海道",0,1,0,2,55,55,1,0,1,0,0,0,1
"2019-01-20","八千代町長選挙","八千代町","茨城県",0,1,0,3,58,58,1,0,1,0,0,0,1
"2019-01-20","垂水市長選挙","垂水市","鹿児島県",0,1,0,3,51,51,1,0,0,0,0,0,1
"2019-01-20","宇検村議会議員補欠選挙","宇検村","鹿児島県",1,0,1,2,68,62,2,0,0.5,0.5,0,0,1
"2019-01-20","宇検村長選挙","宇検村","鹿児島県",0,1,0,2,48,48,1,0,1,0,0,0,1
"2019-01-20","小諸市議会議員選挙","小諸市","長野県",1,0,0,19,65,44,16,3,0.105263157894737,0.526315789473684,0.105263157894737,0.105263157894737,0.789473684210526
"2019-01-20","川島町長選挙","川島町","埼玉県",0,1,0,1,70,70,1,0,0,1,0,0,1
"2019-01-20","御坊市議会議員選挙","御坊市","和歌山県",1,0,0,16,59,41,13,1,0.142857142857143,0.357142857142857,0.285714285714286,0.142857142857143,0.571428571428571
"2019-01-20","我孫子市長選挙","我孫子市","千葉県",0,1,0,2,61,61,1,0,0,0,1,0,0
"2019-01-20","横瀬町長選挙","横瀬町","埼玉県",0,1,0,1,53,53,1,0,0,0,0,0,1
"2019-01-20","清水町議会議員選挙","清水町","北海道",1,0,0,15,64,50,11,2,0.307692307692308,0.461538461538462,0.0769230769230769,0.0769230769230769,0.846153846153846
"2019-01-20","福津市議会議員選挙","福津市","福岡県",1,0,0,26,58.5,31,15,3,0.555555555555556,0.277777777777778,0.111111111111111,0.111111111111111,0.722222222222222
"2019-01-20","筑前町議会議員選挙","筑前町","福岡県",1,0,0,17,64.5,49,12,2,0.357142857142857,0.5,0.0714285714285714,0.0714285714285714,0.857142857142857
"2019-01-20","西興部村長選挙","西興部村","北海道",0,1,0,1,61,61,1,0,0,0,0,0,1
"2019-01-20","赤穂市長選挙","赤穂市","兵庫県",0,1,0,2,64,64,1,0,1,0,0,0,1
"2019-01-20","軽米町長選挙","軽米町","岩手県",0,1,0,2,64,64,1,0,0,0,0,0,1
"2019-01-27","つがる市議会議員選挙","つがる市","青森県",1,0,0,23,68,46,16,2,0.0555555555555556,0.666666666666667,0,0,1
"2019-01-27","三川町議会議員補欠選挙","三川町","山形県",1,0,1,1,60,60,1,0,1,0,0,0,1
"2019-01-27","三川町長選挙","三川町","山形県",0,1,0,1,66,66,1,0,0,1,0,0,1
"2019-01-27","上野原市議会議員選挙","上野原市","山梨県",1,0,0,16,68.5,41,15,1,0.1875,0.75,0.0625,0.0625,0.8125
"2019-01-27","中央市議会議員選挙","中央市","山梨県",1,0,0,20,65,35,15,3,0.333333333333333,0.555555555555556,0.111111111111111,0.0555555555555556,0.833333333333333
"2019-01-27","亀岡市議会議員選挙","亀岡市","京都府",1,0,0,28,61,27,20,4,0.291666666666667,0.458333333333333,0.125,0.166666666666667,0.666666666666667
"2019-01-27","北九州市議会議員補欠選挙（小倉北区選挙区）","北九州市","福岡県",1,0,1,4,59,59,1,0,0,0,1,0,0
"2019-01-27","北九州市長選挙","北九州市","福岡県",0,1,0,3,65,65,1,0,0,1,0,0,1
"2019-01-27","四万十町議会議員選挙","四万十町","高知県",1,0,0,20,68,32,14,2,0.0625,0.8125,0.0625,0.125,0.8125
"2019-01-27","大木町長選挙","大木町","福岡県",0,1,0,1,61,61,1,0,1,0,0,0,1
"2019-01-27","守山市議会議員補欠選挙","守山市","滋賀県",1,0,1,3,50,50,1,0,1,0,0,0,1
"2019-01-27","守山市長選挙","守山市","滋賀県",0,1,0,1,46,46,1,0,0,0,0,0,1
"2019-01-27","富谷市長選挙","富谷市","宮城県",0,1,0,1,54,54,1,0,0,0,1,0,0
"2019-01-27","弥彦村長選挙","弥彦村","新潟県",0,1,0,2,73,73,1,0,0,1,0,0,1
"2019-01-27","昭和村議会議員再選挙","昭和村","群馬県",1,0,0,3,60,54,1,2,1,0,0,0,1
"2019-01-27","本宮市長選挙","本宮市","福島県",0,1,0,1,64,64,1,0,0,0,0,0,1
"2019-01-27","池田町長選挙","池田町","岐阜県",0,1,0,1,70,70,1,0,0,1,0,0,1
"2019-01-27","河北町長選挙","河北町","山形県",0,1,0,1,64,64,1,0,1,0,0,0,1
"2019-01-27","田原市議会議員選挙","田原市","愛知県",1,0,0,21,59,45,16,2,0.277777777777778,0.222222222222222,0.0555555555555556,0,0.888888888888889
"2019-01-27","甲府市長選挙","甲府市","山梨県",0,1,0,2,59,59,1,0,0,0,0,0,1
"2019-01-27","筑紫野市長選挙","筑紫野市","福岡県",0,1,0,1,76,76,1,0,0,1,0,0,1
"2019-01-27","紀宝町議会議員選挙","紀宝町","三重県",1,0,0,13,64,42,11,2,0.307692307692308,0.384615384615385,0,0.0769230769230769,0.923076923076923
"2019-01-27","西ノ島町長選挙","西ノ島町","島根県",0,1,0,1,67,67,1,0,0,1,0,0,1
"2019-01-27","軽井沢町長選挙","軽井沢町","長野県",0,1,0,2,67,67,1,0,0,1,0,0,1
"2019-01-27","阿蘇市議会議員選挙","阿蘇市","熊本県",1,0,0,20,65,55,19,1,0.2,0.55,0.05,0.05,0.9
"2019-01-27","青ヶ島村長選挙","青ヶ島村","東京都",0,1,0,1,65,65,1,0,0,1,0,0,1
"2019-02-02","増毛町長選挙","増毛町","北海道",0,1,0,1,64,64,1,0,0,0,0,0,1
"2019-02-03","上毛町議会議員選挙","上毛町","福岡県",1,0,0,12,65.5,42,11,1,0.166666666666667,0.666666666666667,0,0.0833333333333333,0.916666666666667
"2019-02-03","下関市議会議員選挙","下関市","山口県",1,0,0,41,55.5,28,29,5,0.294117647058824,0.235294117647059,0.588235294117647,0.147058823529412,0.264705882352941
"2019-02-03","九重町議会議員選挙","九重町","大分県",1,0,0,15,65.5,58,10,2,0.25,0.583333333333333,0,0,1
"2019-02-03","井川町議会議員補欠選挙挙","井川町","秋田県",1,0,1,1,61,61,0,1,1,0,0,0,1
"2019-02-03","井川町長選挙","井川町","秋田県",0,1,0,1,37,37,1,0,0,0,0,0,1
"2019-02-03","嘉島町議会議員選挙","嘉島町","熊本県",1,0,0,13,68,53,11,0,0.363636363636364,0.636363636363636,0,0,1
"2019-02-03","嘉島町長選挙","嘉島町","熊本県",0,1,0,1,72,72,1,0,0,1,0,0,1
"2019-02-03","嘉手納町長選挙","嘉手納町","沖縄県",0,1,0,1,66,66,1,0,0,1,0,0,1
"2019-02-03","多度津町議会議員選挙","多度津町","香川県",1,0,0,17,66.5,48,11,3,0.285714285714286,0.642857142857143,0.0714285714285714,0.0714285714285714,0.857142857142857
"2019-02-03","多度津町長選挙","多度津町","香川県",0,1,0,1,69,69,1,0,0,1,0,0,1
"2019-02-03","太良町長選挙","太良町","佐賀県",0,1,0,3,70,70,1,0,1,1,0,0,1
"2019-02-03","奈義町議会議員選挙","奈義町","岡山県",1,0,0,12,68.5,39,9,1,0.2,0.8,0,0.1,0.9
"2019-02-03","奈義町長選挙","奈義町","岡山県",0,1,0,3,60,60,1,0,1,0,0,0,1
"2019-02-03","安城市長選挙","安城市","愛知県",0,1,0,3,60,60,1,0,0,0,0,0,1
"2019-02-03","小牧市議会議員補欠選挙","小牧市","愛知県",1,0,1,4,64,64,0,1,1,0,0,1,0
"2019-02-03","小牧市長選挙","小牧市","愛知県",0,1,0,2,43,43,1,0,0,0,0,0,1
"2019-02-03","小野市長選挙","小野市","兵庫県",0,1,0,2,72,72,1,0,0,1,0,0,1
"2019-02-03","尾張旭市長選挙","尾張旭市","愛知県",0,1,0,2,69,69,1,0,1,1,1,0,0
"2019-02-03","新島村議会議員選挙","新島村","東京都",1,0,0,10,66,40,NA,NA,0.4,0.6,0,0.1,0.9
"2019-02-03","日高町議会議員選挙","日高町","和歌山県",1,0,0,12,59,47,9,2,0.0909090909090909,0.181818181818182,0,0.0909090909090909,0.909090909090909
"2019-02-03","渋川市議会議員選挙","渋川市","群馬県",1,0,0,20,63,38,16,2,0.222222222222222,0.444444444444444,0.0555555555555556,0.111111111111111,0.833333333333333
"2019-02-03","焼津市議会議員選挙","焼津市","静岡県",1,0,0,21,61,38,18,3,0.333333333333333,0.428571428571429,0.0952380952380952,0.0952380952380952,0.80952380952381
"2019-02-03","瑞浪市議会議員選挙","瑞浪市","岐阜県",1,0,0,18,59,30,14,2,0.375,0.25,0.0625,0.0625,0.875
"2019-02-03","生坂村議会議員再選挙","生坂村","長野県",1,0,0,1,77,77,0,1,1,1,0,0,1
"2019-02-03","生坂村長選挙","生坂村","長野県",0,1,0,1,62,62,1,0,0,0,0,0,1
"2019-02-03","知内町議会議員補欠選挙","知内町","北海道",1,0,1,2,49,49,1,0,1,0,0,0,1
"2019-02-03","知内町長選挙","知内町","北海道",0,1,0,2,60,60,1,0,1,0,0,0,1
"2019-02-03","舞鶴市長選挙","舞鶴市","京都府",0,1,0,2,68,68,1,0,0,1,1,0,0
"2019-02-03","菰野町議会議員補欠選挙","菰野町","三重県",1,0,1,2,60,60,1,0,1,0,0,0,1
"2019-02-03","菰野町長選挙","菰野町","三重県",0,1,0,2,46,46,1,0,1,0,0,0,1
"2019-02-03","那珂市長選挙","那珂市","茨城県",0,1,0,1,61,61,1,0,1,0,0,0,1
"2019-02-03","陸前高田市議会議員補欠選挙","陸前高田市","岩手県",1,0,1,3,62,62,1,0,1,0,0,0,1
"2019-02-03","陸前高田市長選挙","陸前高田市","岩手県",0,1,0,2,54,54,1,0,0,0,0,0,1
"2019-02-03","須坂市議会議員選挙","須坂市","長野県",1,0,0,20,65.5,55,18,2,0.1,0.65,0.05,0.15,0.8
"2019-02-10","木島平村長選挙","木島平村","長野県",0,1,0,3,62,62,1,0,0,0,0,0,1
"2019-02-10","潮来市長選挙","潮来市","茨城県",0,1,0,2,56,56,1,0,0,0,0,0,1
"2019-02-10","甲良町長選挙","甲良町","滋賀県",0,1,0,1,68,68,1,0,0,1,0,0,1
"2019-02-10","美浜町議会議員選挙","美浜町","和歌山県",1,0,0,11,60.5,36,9,1,0.1,0.4,0,0.1,0.9
"2019-02-10","美浜町長選挙","美浜町","和歌山県",0,1,0,2,56,56,0,1,1,0,0,0,1
"2019-02-10","美祢市長選挙","美祢市","山口県",0,1,0,3,45,45,1,0,0,0,0,0,1
"2019-02-10","豊後高田市議会議員選挙","豊後高田市","大分県",1,0,0,19,69,46,15,1,0.125,0.6875,0.0625,0.0625,0.875
"2019-02-10","豊見城市議会議員選挙","豊見城市","沖縄県",1,0,0,27,47.5,27,19,3,0.363636363636364,0.0454545454545455,0.0909090909090909,0.272727272727273,0.590909090909091
"2019-02-17","厚木市長選挙","厚木市","神奈川県",0,1,0,3,69,69,1,0,0,1,0,0,1
"2019-02-17","吉川市議会議員補欠選挙","吉川市","埼玉県",1,0,1,2,41,41,0,1,1,0,0,0,1
"2019-02-17","吉川市長選挙","吉川市","埼玉県",0,1,0,2,48,48,1,0,0,0,0,0,1
"2019-02-17","和気町議会議員選挙","和気町","岡山県",1,0,0,15,65,28,12,0,0.25,0.5,0.0833333333333333,0.0833333333333333,0.833333333333333
"2019-02-17","大豊町議会議員選挙","大豊町","高知県",1,0,0,11,69,41,8,2,0.1,0.7,0,0.1,0.9
"2019-02-17","大野市議会議員選挙","大野市","福井県",1,0,0,19,59,38,15,3,0.388888888888889,0.333333333333333,0.0555555555555556,0.111111111111111,0.833333333333333
"2019-02-17","御代田町長選挙","御代田町","長野県",0,1,0,2,41,41,1,0,1,0,0,0,1
"2019-02-17","昭和町長選挙","昭和町","山梨県",0,1,0,2,58,58,1,0,1,0,0,0,1
"2019-02-17","松野町議会議員選挙","松野町","愛媛県",1,0,0,8,67,51,5,2,0.428571428571429,0.714285714285714,0,0,1
"2019-02-17","清川村長選挙","清川村","神奈川県",0,1,0,1,62,62,1,0,1,0,0,0,1
"2019-02-17","由良町議会議員選挙","由良町","和歌山県",1,0,0,12,61.5,27,8,2,0.2,0.2,0,0.1,0.9
"2019-02-17","甲佐町議会議員選挙","甲佐町","熊本県",1,0,0,14,59.5,35,10,2,0.416666666666667,0.333333333333333,0,0.166666666666667,0.833333333333333
"2019-02-17","篠山市議会議員補欠選挙","篠山市","兵庫県",1,0,1,3,55,39,2,0,1,0.5,0,0,1
"2019-02-17","篠山市長選挙","篠山市","兵庫県",0,1,0,1,64,64,1,0,0,0,1,0,0
"2019-02-17","那須町議会議員選挙","那須町","栃木県",1,0,0,16,62,43,12,1,0.461538461538462,0.153846153846154,0.0769230769230769,0.0769230769230769,0.769230769230769
"2019-02-17","鳥栖市長選挙","鳥栖市","佐賀県",0,1,0,2,63,63,1,0,0,0,0,0,1
"2019-02-24","国東市長選挙","国東市","大分県",0,1,0,2,70,70,1,0,0,1,0,0,1
"2019-02-24","山ノ内町長選挙","山ノ内町","長野県",0,1,0,2,71,71,1,0,0,1,0,0,1
"2019-02-24","戸沢村長選挙","戸沢村","山形県",0,1,0,2,65,65,1,0,0,1,0,0,1
"2019-02-24","美浜町長選挙","美浜町","福井県",0,1,0,1,61,61,1,0,1,0,0,0,1
"2019-02-24","門川町議会議員選挙","門川町","宮崎県",1,0,0,17,65.5,33,13,1,0.285714285714286,0.5,0.0714285714285714,0.0714285714285714,0.785714285714286
"2019-02-28","北竜町議会議員選挙","北竜町","北海道",1,0,0,8,61.5,53,7,1,0.25,0.125,0,0,1
"2019-02-28","東川町議会議員選挙","東川町","北海道",1,0,0,16,63.5,41,10,2,0.333333333333333,0.416666666666667,0.0833333333333333,0.0833333333333333,0.833333333333333
"2019-02-28","東川町長選挙","東川町","北海道",0,1,0,1,68,68,1,0,0,1,0,0,1
"2019-02-28","秩父別町議会議員選挙","秩父別町","北海道",1,0,0,9,64,57,9,0,0.444444444444444,0.444444444444444,0,0,1
"2019-02-28","秩父別町長選挙","秩父別町","北海道",0,1,0,1,65,65,1,0,1,1,0,0,1
"2019-02-28","長沼町議会議員選挙","長沼町","北海道",1,0,0,16,60,39,13,1,0.5,0.285714285714286,0.0714285714285714,0.0714285714285714,0.857142857142857
"2019-03-03","豊能町議会議員補欠選挙","豊能町","大阪府",1,0,1,3,59,59,0,1,0,0,0,0,1
"2019-03-03","豊能町長選挙","豊能町","大阪府",0,1,0,3,66,66,1,0,1,1,0,0,0
"2019-03-17","台東区議会議員選挙","台東区","東京都",1,0,0,41,52,31,25,7,0.3125,0.125,0.4375,0.125,0.1875
"2019-03-17","台東区長選挙","台東区","東京都",0,1,0,3,76,76,1,0,0,1,1,0,0
"2019-03-17","明石市長選挙","明石市","兵庫県",0,1,0,3,55,55,1,0,0,0,0,0,1
"2019-03-24","豊根村議会議員選挙","豊根村","愛知県",1,0,0,8,67.5,64,8,0,0.125,0.875,0,0,1
"2019-03-24","豊根村長選挙","豊根村","愛知県",0,1,0,1,68,68,1,0,0,1,0,0,1
"2019-04-07","さいたま市議会議員選挙","さいたま市","埼玉県",1,0,0,79,55,27,48,12,0.166666666666667,0.133333333333333,0.566666666666667,0.133333333333333,0.0666666666666667
"2019-04-07","京都市議会議員選挙","京都市","京都府",1,0,0,93,52,29,52,15,0.149253731343284,0.164179104477612,0.462686567164179,0.26865671641791,0.0298507462686567
"2019-04-07","千葉市議会議員選挙","千葉市","千葉県",1,0,0,65,55,27,40,10,0.12,0.24,0.52,0.12,0.12
"2019-04-07","名古屋市議会議員選挙","名古屋市","愛知県",1,0,0,99,54,33,50,18,0.161764705882353,0.117647058823529,0.470588235294118,0.0735294117647059,0
"2019-04-07","堺市議会議員選挙","堺市","大阪府",1,0,0,62,53,30,40,8,0.229166666666667,0.104166666666667,0.416666666666667,0.0833333333333333,0.104166666666667
"2019-04-07","大阪市議会議員選挙","大阪市","大阪府",1,0,0,125,49,26,60,19,0.20253164556962,0.139240506329114,0.417721518987342,0.0379746835443038,0.0506329113924051
"2019-04-07","大阪市長選挙","大阪市","大阪府",0,1,0,2,55,55,1,0,1,0,0,0,0
"2019-04-07","岡山市議会議員選挙","岡山市","岡山県",1,0,0,51,59.5,29,40,6,0.0869565217391304,0.282608695652174,0.543478260869565,0.108695652173913,0.282608695652174
"2019-04-07","川崎市議会議員選挙","川崎市","神奈川県",1,0,0,81,50,30,45,15,0.233333333333333,0.116666666666667,0.5,0.183333333333333,0.133333333333333
"2019-04-07","広島市議会議員選挙","広島市","広島県",1,0,0,80,59.5,31,48,6,0.203703703703704,0.333333333333333,0.62962962962963,0.111111111111111,0.259259259259259
"2019-04-07","広島市長選挙","広島市","広島県",0,1,0,3,66,66,1,0,0,1,1,0,0
"2019-04-07","新潟市議会議員選挙","新潟市","新潟県",1,0,0,70,58,32,42,9,0.176470588235294,0.254901960784314,0.431372549019608,0.137254901960784,0.333333333333333
"2019-04-07","札幌市議会議員選挙","札幌市","北海道",1,0,0,87,52.5,31,46,22,0.25,0.191176470588235,0.529411764705882,0.147058823529412,0.0147058823529412
"2019-04-07","札幌市長選挙","札幌市","北海道",0,1,0,2,63,63,1,0,0,0,0,0,0
"2019-04-07","横浜市議会議員選挙","横浜市","神奈川県",1,0,0,132,52,34,66,15,0.160493827160494,0.148148148148148,0.592592592592593,0.111111111111111,0.0987654320987654
"2019-04-07","浜松市議会議員選挙","浜松市","静岡県",1,0,0,61,57.5,27,34,12,0.260869565217391,0.260869565217391,0.304347826086957,0.0869565217391304,0.608695652173913
"2019-04-07","浜松市長選挙","浜松市","静岡県",0,1,0,3,61,61,1,0,0,0,0,0,1
"2019-04-07","熊本市議会議員選挙","熊本市","熊本県",1,0,0,62,58,34,43,5,0.291666666666667,0.270833333333333,0.458333333333333,0.0416666666666667,0.479166666666667
"2019-04-07","相模原市議会議員選挙","相模原市","神奈川県",1,0,0,64,52,29,36,10,0.260869565217391,0.130434782608696,0.5,0.108695652173913,0.173913043478261
"2019-04-07","相模原市長選挙","相模原市","神奈川県",0,1,0,4,48,48,1,0,1,0,0,0,1
"2019-04-07","神戸市議会議員選挙","神戸市","兵庫県",1,0,0,96,52,26,54,15,0.202898550724638,0.217391304347826,0.463768115942029,0.130434782608696,0.0869565217391304
"2019-04-07","福岡市議会議員選挙","福岡市","福岡県",1,0,0,89,53,29,51,11,0.209677419354839,0.129032258064516,0.532258064516129,0.0967741935483871,0.129032258064516
"2019-04-07","静岡市議会議員補欠選挙（清水区）","静岡市","静岡県",1,0,1,2,44,44,1,0,1,0,0,0,0
"2019-04-07","静岡市長選挙","静岡市","静岡県",0,1,0,3,57,57,1,0,0,0,1,0,0
"2019-04-21","あさぎり町議会議員補欠選挙","あさぎり町","熊本県",1,0,1,3,55,55,1,0,1,0,0,0,1
"2019-04-21","あさぎり町長選挙","あさぎり町","熊本県",0,1,0,2,69,69,1,0,1,1,0,0,1
"2019-04-21","あま市議会議員選挙","あま市","愛知県",1,0,0,25,57,32,20,2,0.181818181818182,0.181818181818182,0.136363636363636,0.0909090909090909,0.772727272727273
"2019-04-21","えりも町議会議員選挙","えりも町","北海道",1,0,0,13,65,39,11,0,0.363636363636364,0.545454545454545,0.0909090909090909,0,0.909090909090909
"2019-04-21","おいらせ町議会議員選挙","おいらせ町","青森県",1,0,0,18,66.5,54,NA,NA,0.0625,0.6875,0,0,1
"2019-04-21","おおい町議会議員選挙","おおい町","福井県",1,0,0,15,64,37,12,2,0.285714285714286,0.5,0,0.0714285714285714,0.928571428571429
"2019-04-21","さぬき市議会議員選挙","さぬき市","香川県",1,0,0,22,57,38,19,1,0.3,0.4,0.1,0.1,0.7
"2019-04-21","すさみ町議会議員選挙","すさみ町","和歌山県",1,0,0,12,62.5,40,NA,NA,0.1,0.5,0,0.1,0.9
"2019-04-21","すさみ町長選挙","すさみ町","和歌山県",0,1,0,2,69,69,1,0,0,1,0,0,1
"2019-04-21","せたな町議会議員選挙","せたな町","北海道",1,0,0,14,67,51,12,0,0.333333333333333,0.666666666666667,0,0,1
"2019-04-21","ふじみ野市議会議員選挙","ふじみ野市","埼玉県",1,0,0,23,60,33,15,6,0.19047619047619,0.333333333333333,0.19047619047619,0.238095238095238,0.523809523809524
"2019-04-21","みどり市議会議員選挙","みどり市","群馬県",1,0,0,29,62.5,40,12,6,0.277777777777778,0.444444444444444,0.111111111111111,0.0555555555555556,0.833333333333333
"2019-04-21","みやこ町議会議員選挙","みやこ町","福岡県",1,0,0,16,68,41,13,1,0.0714285714285714,0.785714285714286,0,0.0714285714285714,0.928571428571429
"2019-04-21","みよし市議会議員選挙","みよし市","愛知県",1,0,0,20,63.5,37,20,0,0.2,0.45,0.1,0.05,0.85
"2019-04-21","ニセコ町議会議員選挙","ニセコ町","北海道",1,0,0,11,63.5,53,9,1,0.4,0.5,0,0.1,0.9
"2019-04-21","一宮市議会議員選挙","一宮市","愛知県",1,0,0,48,57,27,29,9,0.236842105263158,0.263157894736842,0.236842105263158,0.0263157894736842,0.657894736842105
"2019-04-21","七戸町議会議員選挙","七戸町","青森県",1,0,0,18,67.5,49,15,1,0.1875,0.5625,0,0.0625,0.9375
"2019-04-21","七飯町議会議員選挙","七飯町","北海道",1,0,0,20,64.5,36,16,2,0.111111111111111,0.5,0.111111111111111,0.0555555555555556,0.833333333333333
"2019-04-21","三原村議会議員選挙","三原村","高知県",1,0,0,9,61,54,7,1,0.25,0.375,0,0,1
"2019-04-21","三宅町議会議員選挙","三宅町","奈良県",1,0,0,10,58.5,48,9,1,0.2,0.4,0,0.1,0.9
"2019-04-21","三島市議会議員選挙","三島市","静岡県",1,0,0,26,57.5,39,NA,NA,0.181818181818182,0.136363636363636,0.181818181818182,0.0909090909090909,0.681818181818182
"2019-04-21","三島村議会議員選挙","三島村","鹿児島県",1,0,0,8,62,36,7,0,0.142857142857143,0.428571428571429,0,0,1
"2019-04-21","三島町長選挙","三島町","福島県",0,1,0,2,67,67,1,0,0,1,0,0,1
"2019-04-21","三木市議会議員選挙","三木市","兵庫県",1,0,0,17,62,31,14,2,0.0625,0.5,0.125,0.125,0.75
"2019-04-21","三木町議会議員選挙","三木町","香川県",1,0,0,20,64.5,32,NA,NA,0.4375,0.5,0.0625,0.125,0.75
"2019-04-21","三次市議会議員補欠選挙","三次市","広島県",1,0,1,5,58,28,NA,NA,1,0,0,0,1
"2019-04-21","三次市長選挙","三次市","広島県",0,1,0,2,43,43,NA,NA,1,0,0,0,1
"2019-04-21","三浦市議会議員選挙","三浦市","神奈川県",1,0,0,16,61,41,10,3,0.307692307692308,0.153846153846154,0.461538461538462,0.153846153846154,0.384615384615385
"2019-04-21","三笠市議会議員選挙","三笠市","北海道",1,0,0,11,60.5,37,10,0,0.2,0.3,0.1,0.1,0.8
"2019-04-21","三笠市長選挙","三笠市","北海道",0,1,0,1,68,68,1,0,0,1,0,0,1
"2019-04-21","三股町議会議員選挙","三股町","宮崎県",1,0,0,13,66,50,10,2,0.166666666666667,0.583333333333333,0.0833333333333333,0.166666666666667,0.75
"2019-04-21","三芳町議会議員選挙","三芳町","埼玉県",1,0,0,16,56,38,9,6,0.266666666666667,0.2,0.2,0.2,0.533333333333333
"2019-04-21","三郷町議会議員選挙","三郷町","奈良県",1,0,0,15,60,43,8,5,0.307692307692308,0.461538461538462,0.0769230769230769,0.230769230769231,0.692307692307692
"2019-04-21","三鷹市議会議員選挙","三鷹市","東京都",1,0,0,34,54.5,30,20,8,0.214285714285714,0.178571428571429,0.321428571428571,0.142857142857143,0.357142857142857
"2019-04-21","三鷹市長選挙","三鷹市","東京都",0,1,0,2,65,65,1,0,1,1,0,0,1
"2019-04-21","上ノ国町議会議員選挙","上ノ国町","北海道",1,0,0,11,71,34,9,0,0.333333333333333,0.777777777777778,0,0.111111111111111,0.888888888888889
"2019-04-21","上三川町長選挙","上三川町","栃木県",0,1,0,1,56,56,1,0,0,0,0,0,1
"2019-04-21","上北山村議会議員選挙","上北山村","奈良県",1,0,0,6,68,64,6,0,0.166666666666667,0.666666666666667,0,0,1
"2019-04-21","上士幌町議会議員選挙","上士幌町","北海道",1,0,0,13,65,52,8,3,0.454545454545455,0.545454545454545,0,0.0909090909090909,0.909090909090909
"2019-04-21","上小阿仁村議会議員選挙","上小阿仁村","秋田県",1,0,0,11,68,61,7,1,0.125,0.625,0,0,1
"2019-04-21","上小阿仁村長選挙","上小阿仁村","秋田県",0,1,0,3,68,68,1,0,0,1,0,0,1
"2019-04-21","上山市議会議員選挙","上山市","山形県",1,0,0,18,57,33,13,2,0.2,0.266666666666667,0,0.0666666666666667,0.933333333333333
"2019-04-21","上山市長選挙","上山市","山形県",0,1,0,2,72,72,1,0,0,1,0,0,1
"2019-04-21","上松町議会議員選挙","上松町","長野県",1,0,0,10,64.5,49,8,2,0.2,0.5,0,0,1
"2019-04-21","上牧町議会議員選挙","上牧町","奈良県",1,0,0,12,61.5,47,NA,NA,0.166666666666667,0.25,0.25,0.166666666666667,0.583333333333333
"2019-04-21","上野村議会議員選挙","上野村","群馬県",1,0,0,8,67.5,42,8,0,0.125,0.75,0,0,1
"2019-04-21","下北山村議会議員選挙","下北山村","奈良県",1,0,0,9,68,38,8,0,0.25,0.625,0,0,1
"2019-04-21","下北山村長選挙","下北山村","奈良県",0,1,0,2,65,65,1,0,0,1,0,0,1
"2019-04-21","下川町議会議員選挙","下川町","北海道",1,0,0,9,61,44,8,0,0.25,0.375,0,0,1
"2019-04-21","下川町長選挙","下川町","北海道",0,1,0,2,64,64,1,0,0,0,0,0,1
"2019-04-21","下市町議会議員選挙","下市町","奈良県",1,0,0,9,64,56,7,1,0.375,0.375,0,0.125,0.875
"2019-04-21","下條村議会議員選挙","下條村","長野県",1,0,0,10,67.5,60,9,1,0.4,0.8,0,0.1,0.9
"2019-04-21","下田市議会議員選挙","下田市","静岡県",1,0,0,14,68,47,13,0,0.461538461538462,0.615384615384615,0.0769230769230769,0.0769230769230769,0.846153846153846
"2019-04-21","下諏訪町議会議員選挙","下諏訪町","長野県",1,0,0,13,68,46,9,4,0.384615384615385,0.769230769230769,0.0769230769230769,0.230769230769231,0.615384615384615
"2019-04-21","世田谷区議会議員選挙","世田谷区","東京都",1,0,0,75,52.5,29,31,19,0.16,0.08,0.44,0.1,0.2
"2019-04-21","世田谷区長選挙","世田谷区","東京都",0,1,0,2,63,63,1,0,0,0,0,0,1
"2019-04-21","中之条町議会議員選挙","中之条町","群馬県",1,0,0,16,66,40,13,2,0.133333333333333,0.6,0.0666666666666667,0.0666666666666667,0.866666666666667
"2019-04-21","中井町議会議員選挙","中井町","神奈川県",1,0,0,13,67,50,10,2,0.25,0.75,0,0.0833333333333333,0.916666666666667
"2019-04-21","中央区議会議員選挙","中央区","東京都",1,0,0,44,51.5,25,18,12,0.266666666666667,0.1,0.566666666666667,0.0666666666666667,0.166666666666667
"2019-04-21","中央区長選挙","中央区","東京都",0,1,0,5,70,70,1,0,1,1,0,0,1
"2019-04-21","中川町議会議員選挙","中川町","北海道",1,0,0,10,71,42,8,0,0.375,0.625,0,0,1
"2019-04-21","中川町長選挙","中川町","北海道",0,1,0,2,51,51,1,0,1,0,0,0,1
"2019-04-21","中札内村議会議員選挙","中札内村","北海道",1,0,0,7,66,60,6,1,0.285714285714286,0.571428571428571,0,0,1
"2019-04-21","中津川市議会議員選挙","中津川市","岐阜県",1,0,0,22,63,47,NA,NA,0.142857142857143,0.428571428571429,0.0952380952380952,0.0952380952380952,0.80952380952381
"2019-04-21","中津市議会議員選挙","中津市","大分県",1,0,0,28,61,42,20,4,0.166666666666667,0.25,0.125,0.125,0.75
"2019-04-21","中種子町議会議員選挙","中種子町","鹿児島県",1,0,0,16,65,53,11,1,0.25,0.583333333333333,0,0,1
"2019-04-21","中種子町長選挙","中種子町","鹿児島県",0,1,0,1,57,57,1,0,0,0,0,0,1
"2019-04-21","中野区議会議員選挙","中野区","東京都",1,0,0,60,48.5,29,31,11,0.166666666666667,0.0238095238095238,0.404761904761905,0.142857142857143,0.166666666666667
"2019-04-21","中頓別町議会議員選挙","中頓別町","北海道",1,0,0,8,65.5,35,8,0,0.125,0.5,0,0.125,0.875
"2019-04-21","中頓別町長選挙","中頓別町","北海道",0,1,0,1,58,58,1,0,0,0,0,0,1
"2019-04-21","串間市議会議員選挙","串間市","宮崎県",1,0,0,16,66,33,NA,NA,0.133333333333333,0.533333333333333,0.133333333333333,0.0666666666666667,0.8
"2019-04-21","丹波山村議会議員選挙","丹波山村","山梨県",1,0,0,7,58.5,37,6,0,0.333333333333333,0.166666666666667,0,0,1
"2019-04-21","久御山町議会議員選挙","久御山町","京都府",1,0,0,15,63,35,11,3,0.142857142857143,0.357142857142857,0.142857142857143,0.142857142857143,0.571428571428571
"2019-04-21","久留米市議会議員選挙","久留米市","福岡県",1,0,0,47,57,31,30,6,0.25,0.222222222222222,0.305555555555556,0.0555555555555556,0.638888888888889
"2019-04-21","乙部町議会議員選挙","乙部町","北海道",1,0,0,11,63.5,32,9,1,0.3,0.5,0,0.1,0.9
"2019-04-21","乙部町長選挙","乙部町","北海道",0,1,0,2,53,53,1,0,1,0,0,0,1
"2019-04-21","九度山町議会議員選挙","九度山町","和歌山県",1,0,0,11,67,42,8,2,0.3,0.6,0,0.1,0.9
"2019-04-21","五條市長選挙","五條市","奈良県",0,1,0,1,57,57,1,0,0,0,0,0,1
"2019-04-21","五霞町議会議員選挙","五霞町","茨城県",1,0,0,12,65,52,9,1,0.4,0.6,0,0,1
"2019-04-21","五霞町長選挙","五霞町","茨城県",0,1,0,2,72,72,1,0,0,1,0,0,1
"2019-04-21","京極町議会議員選挙","京極町","北海道",1,0,0,11,63,54,9,1,0.2,0.4,0,0,1
"2019-04-21","京極町長選挙","京極町","北海道",0,1,0,1,59,59,1,0,1,0,0,0,1
"2019-04-21","京田辺市議会議員選挙","京田辺市","京都府",1,0,0,28,55,28,17,3,0.55,0.15,0.2,0.15,0.55
"2019-04-21","京田辺市長選挙","京田辺市","京都府",0,1,0,2,46,46,1,0,1,0,0,0,1
"2019-04-21","人吉市議会議員選挙","人吉市","熊本県",1,0,0,20,59,39,15,3,0.277777777777778,0.277777777777778,0.0555555555555556,0.111111111111111,0.833333333333333
"2019-04-21","人吉市長選挙","人吉市","熊本県",0,1,0,2,41,41,1,0,0,0,0,0,1
"2019-04-21","今金町議会議員選挙","今金町","北海道",1,0,0,13,66,47,10,2,0.166666666666667,0.666666666666667,0.0833333333333333,0,0.916666666666667
"2019-04-21","今金町長選挙","今金町","北海道",0,1,0,1,69,69,1,0,0,1,0,0,1
"2019-04-21","伊万里市議会議員選挙","伊万里市","佐賀県",1,0,0,24,63,35,19,2,0.19047619047619,0.333333333333333,0.19047619047619,0,0.80952380952381
"2019-04-21","伊丹市議会議員選挙","伊丹市","兵庫県",1,0,0,37,51,29,18,10,0.285714285714286,0.107142857142857,0.321428571428571,0.107142857142857,0.357142857142857
"2019-04-21","伊勢原市議会議員選挙","伊勢原市","神奈川県",1,0,0,25,55,34,16,4,0.25,0.25,0.15,0.1,0.7
"2019-04-21","伊奈町議会議員選挙","伊奈町","埼玉県",1,0,0,20,63,43,13,3,0.25,0.5,0.1875,0.1875,0.5
"2019-04-21","伊達市議会議員選挙","伊達市","北海道",1,0,0,21,54.5,35,NA,NA,0.222222222222222,0.388888888888889,0.111111111111111,0.0555555555555556,0.777777777777778
"2019-04-21","伊達市長選挙","伊達市","北海道",0,1,0,1,68,68,1,0,0,1,0,0,1
"2019-04-21","佐世保市議会議員選挙","佐世保市","長崎県",1,0,0,44,59,29,31,2,0.242424242424242,0.333333333333333,0.333333333333333,0.0909090909090909,0.454545454545455
"2019-04-21","佐世保市長選挙","佐世保市","長崎県",0,1,0,2,70,70,1,0,0,1,0,0,1
"2019-04-21","佐井村議会議員選挙","佐井村","青森県",1,0,0,10,66,43,NA,NA,0.125,0.5,0,0,1
"2019-04-21","佐倉市議会議員選挙","佐倉市","千葉県",1,0,0,42,54.5,37,18,10,0.428571428571429,0.285714285714286,0.178571428571429,0.0714285714285714,0.571428571428571
"2019-04-21","佐倉市長選挙","佐倉市","千葉県",0,1,0,4,54,54,1,0,1,0,0,0,1
"2019-04-21","佐渡市議会議員補欠選挙","佐渡市","新潟県",1,0,1,5,51,39,3,1,0.75,0,0,0,1
"2019-04-21","佐那河内村議会議員選挙","佐那河内村","徳島県",1,0,0,11,66.5,49,8,0,0.375,0.75,0,0,1
"2019-04-21","倶知安町議会議員選挙","倶知安町","北海道",1,0,0,16,56.5,26,14,2,0.25,0.3125,0.0625,0.0625,0.8125
"2019-04-21","八女市議会議員選挙","八女市","福岡県",1,0,0,27,64.5,42,20,2,0.136363636363636,0.5,0.0909090909090909,0.0909090909090909,0.818181818181818
"2019-04-21","八尾市議会議員選挙","八尾市","大阪府",1,0,0,39,50,30,NA,NA,0.357142857142857,0.178571428571429,0.357142857142857,0.178571428571429,0.142857142857143
"2019-04-21","八尾市長選挙","八尾市","大阪府",0,1,0,3,49,49,NA,NA,1,0,0,0,0
"2019-04-21","八幡市議会議員選挙","八幡市","京都府",1,0,0,22,59,41,16,5,0.142857142857143,0.238095238095238,0.285714285714286,0.238095238095238,0.380952380952381
"2019-04-21","八戸市議会議員選挙","八戸市","青森県",1,0,0,35,58,26,26,6,0.21875,0.375,0.4375,0.125,0.21875
"2019-04-21","八王子市議会議員選挙","八王子市","東京都",1,0,0,50,50.5,25,28,12,0.3,0.05,0.65,0.1,0.1
"2019-04-21","六ヶ所村議会議員選挙","六ヶ所村","青森県",1,0,0,18,66.5,25,18,0,0.111111111111111,0.666666666666667,0,0,1
"2019-04-21","六戸町議会議員選挙","六戸町","青森県",1,0,0,15,64,52,NA,NA,0.166666666666667,0.5,0,0,1
"2019-04-21","内灘町議会議員選挙","内灘町","石川県",1,0,0,13,63,30,NA,NA,0.153846153846154,0.461538461538462,0.230769230769231,0.153846153846154,0.538461538461538
"2019-04-21","函南町議会議員選挙","函南町","静岡県",1,0,0,18,65,45,15,1,0.3125,0.5,0.0625,0.125,0.8125
"2019-04-21","函館市議会議員選挙","函館市","北海道",1,0,0,33,63,40,18,9,0.111111111111111,0.407407407407407,0.296296296296296,0.111111111111111,0.296296296296296
"2019-04-21","函館市長選挙","函館市","北海道",0,1,0,2,69,69,1,0,0,1,0,0,1
"2019-04-21","刈羽村議会議員選挙","刈羽村","新潟県",1,0,0,13,67.5,48,NA,NA,0,0.75,0,0.0833333333333333,0.916666666666667
"2019-04-21","初山別村議会議員選挙","初山別村","北海道",1,0,0,8,68,41,6,2,0.5,0.625,0,0,1
"2019-04-21","初山別村長選挙","初山別村","北海道",0,1,0,1,61,61,1,0,0,0,0,0,1
"2019-04-21","別府市議会議員選挙","別府市","大分県",1,0,0,34,63,29,23,2,0.12,0.44,0.56,0.08,0.36
"2019-04-21","別府市長選挙","別府市","大分県",0,1,0,1,44,44,1,0,0,0,0,0,1
"2019-04-21","別海町議会議員選挙","別海町","北海道",1,0,0,17,67,42,14,2,0.1875,0.5625,0.0625,0.125,0.8125
"2019-04-21","利根町議会議員選挙","利根町","茨城県",1,0,0,18,60.5,41,10,2,0.25,0.416666666666667,0.0833333333333333,0.0833333333333333,0.75
"2019-04-21","加茂市議会議員選挙","加茂市","新潟県",1,0,0,19,65.5,39,NA,NA,0.222222222222222,0.555555555555556,0.0555555555555556,0.0555555555555556,0.888888888888889
"2019-04-21","加茂市長選挙","加茂市","新潟県",0,1,0,2,48,48,NA,NA,1,0,0,0,1
"2019-04-21","加須市議会議員選挙","加須市","埼玉県",1,0,0,30,63,26,19,9,0.214285714285714,0.428571428571429,0.142857142857143,0.142857142857143,0.642857142857143
"2019-04-21","勝浦市議会議員選挙","勝浦市","千葉県",1,0,0,17,64,42,NA,NA,0.133333333333333,0.466666666666667,0,0,1
"2019-04-21","北上市長選挙","北上市","岩手県",0,1,0,1,64,64,1,0,0,0,0,0,1
"2019-04-21","北区議会議員選挙","北区","東京都",1,0,0,52,53,26,28,12,0.25,0.175,0.525,0.25,0
"2019-04-21","北区長選挙","北区","東京都",0,1,0,3,84,84,1,0,0,1,0,0,1
"2019-04-21","北塩原村議会議員選挙","北塩原村","福島県",1,0,0,10,63.5,47,8,2,0.4,0.4,0,0.1,0.9
"2019-04-21","北島町議会議員選挙","北島町","徳島県",1,0,0,14,65,43,11,2,0.153846153846154,0.538461538461538,0.0769230769230769,0.0769230769230769,0.769230769230769
"2019-04-21","北川村議会議員選挙","北川村","高知県",1,0,0,10,65.5,52,7,1,0.25,0.5,0,0,1
"2019-04-21","北川村長選挙","北川村","高知県",0,1,0,1,57,57,1,0,0,0,0,0,1
"2019-04-21","北広島市議会議員選挙","北広島市","北海道",1,0,0,24,61,39,16,6,0.272727272727273,0.318181818181818,0.181818181818182,0.136363636363636,0.5
"2019-04-21","北斗市議会議員選挙","北斗市","北海道",1,0,0,26,64,38,20,2,0.181818181818182,0.5,0.0909090909090909,0.0454545454545455,0.863636363636364
"2019-04-21","北本市議会議員選挙","北本市","埼玉県",1,0,0,22,58.5,33,14,6,0.2,0.4,0.2,0.1,0.6
"2019-04-21","北本市長選挙","北本市","埼玉県",0,1,0,2,68,68,1,0,1,1,0,0,1
"2019-04-21","北相木村議会議員選挙","北相木村","長野県",1,0,0,8,64.5,59,8,0,0.375,0.5,0,0,1
"2019-04-21","十津川村議会議員選挙","十津川村","奈良県",1,0,0,10,64,42,9,0,0.111111111111111,0.333333333333333,0,0,1
"2019-04-21","千代田区議会議員選挙","千代田区","東京都",1,0,0,37,55,39,NA,NA,0.16,0.2,0.64,0.12,0.12
"2019-04-21","千歳市長選挙","千歳市","北海道",0,1,0,1,77,77,1,0,0,1,0,0,1
"2019-04-21","半田市議会議員選挙","半田市","愛知県",1,0,0,23,54.5,37,18,4,0.227272727272727,0.181818181818182,0.136363636363636,0.0454545454545455,0.772727272727273
"2019-04-21","南アルプス市長選挙","南アルプス市","山梨県",0,1,0,2,70,70,1,0,0,1,0,0,1
"2019-04-21","南会津町議会議員選挙","南会津町","福島県",1,0,0,19,64.5,44,15,1,0.25,0.5,0.0625,0,0.875
"2019-04-21","南富良野町議会議員選挙","南富良野町","北海道",1,0,0,8,67,48,8,0,0.375,0.75,0,0,1
"2019-04-21","南小国町議会議員選挙","南小国町","熊本県",1,0,0,12,60,35,9,1,0.3,0.3,0,0,1
"2019-04-21","南小国町長選挙","南小国町","熊本県",0,1,0,1,46,46,1,0,0,0,0,0,1
"2019-04-21","南幌町議会議員選挙","南幌町","北海道",1,0,0,12,65,60,7,4,0.0909090909090909,0.545454545454545,0.0909090909090909,0.0909090909090909,0.818181818181818
"2019-04-21","南牧村議会議員選挙","南牧村","長野県",1,0,0,9,62.5,55,7,1,0.625,0.25,0,0.125,0.875
"2019-04-21","南相木村議会議員選挙","南相木村","長野県",1,0,0,9,65,61,8,0,0.375,0.5,0,0,1
"2019-04-21","南種子町議会議員選挙","南種子町","鹿児島県",1,0,0,12,NA,NA,9,1,0.3,NA,0,0,1
"2019-04-21","南種子町長選挙","南種子町","鹿児島県",0,1,0,5,58,58,1,0,1,0,0,0,1
"2019-04-21","南箕輪村議会議員選挙","南箕輪村","長野県",1,0,0,12,67.5,39,8,2,0.3,0.6,0.1,0.1,0.8
"2019-04-21","南足柄市議会議員選挙","南足柄市","神奈川県",1,0,0,17,64.5,37,12,4,0.3125,0.5,0.125,0.0625,0.8125
"2019-04-21","南足柄市長選挙","南足柄市","神奈川県",0,1,0,3,70,70,1,0,0,1,0,0,1
"2019-04-21","南部町議会議員補欠選挙","南部町","山梨県",1,0,1,3,69.5,65,2,0,1,1,0,0,1
"2019-04-21","南部町長選挙","南部町","山梨県",0,1,0,1,67,67,1,0,0,1,0,0,1
"2019-04-21","占冠村議会議員選挙","占冠村","北海道",1,0,0,8,64.5,42,6,2,0.5,0.5,0,0,1
"2019-04-21","印西市議会議員選挙","印西市","千葉県",1,0,0,24,62,33,15,7,0.181818181818182,0.409090909090909,0.136363636363636,0.0909090909090909,0.681818181818182
"2019-04-21","厚岸町議会議員選挙","厚岸町","北海道",1,0,0,14,70,47,12,1,0.0769230769230769,0.538461538461538,0.0769230769230769,0.0769230769230769,0.769230769230769
"2019-04-21","厚沢部町議会議員選挙","厚沢部町","北海道",1,0,0,10,65.5,42,10,0,0.3,0.7,0,0,1
"2019-04-21","厚沢部町長選挙","厚沢部町","北海道",0,1,0,1,75,75,1,0,0,1,0,0,1
"2019-04-21","厚真町議会議員選挙","厚真町","北海道",1,0,0,10,64,56,9,1,0.1,0.4,0,0.1,0.9
"2019-04-21","原村議会議員選挙","原村","長野県",1,0,0,13,53,34,9,2,0.727272727272727,0.363636363636364,0,0,1
"2019-04-21","取手市議会議員補欠選挙","取手市","茨城県",1,0,1,2,45.5,43,2,0,0,0,0,0,1
"2019-04-21","取手市長選挙","取手市","茨城県",0,1,0,2,59,59,1,0,0,0,0,0,1
"2019-04-21","古平町議会議員選挙","古平町","北海道",1,0,0,12,68.5,41,10,0,0.1,0.6,0,0.1,0.9
"2019-04-21","古殿町長選挙","古殿町","福島県",0,1,0,1,60,60,1,0,0,0,0,0,1
"2019-04-21","古河市議会議員選挙","古河市","茨城県",1,0,0,27,66.5,35,21,3,0.166666666666667,0.583333333333333,0.166666666666667,0.0416666666666667,0.75
"2019-04-21","古賀市議会議員選挙","古賀市","福岡県",1,0,0,23,64,45,15,4,0.210526315789474,0.421052631578947,0.105263157894737,0.105263157894737,0.736842105263158
"2019-04-21","合志市議会議員選挙","合志市","熊本県",1,0,0,21,63,38,16,3,0.263157894736842,0.263157894736842,0.0526315789473684,0.0526315789473684,0.894736842105263
"2019-04-21","吉富町議会議員選挙","吉富町","福岡県",1,0,0,11,57,48,9,1,0.2,0.3,0,0.1,0.9
"2019-04-21","吉富町長選挙","吉富町","福岡県",0,1,0,2,63,63,1,0,1,0,0,0,1
"2019-04-21","吉岡町議会議員選挙","吉岡町","群馬県",1,0,0,14,66.5,47,14,0,0.285714285714286,0.571428571428571,0.0714285714285714,0.0714285714285714,0.857142857142857
"2019-04-21","吉岡町長選挙","吉岡町","群馬県",0,1,0,1,71,71,1,0,1,1,0,0,1
"2019-04-21","吉田町議会議員選挙","吉田町","静岡県",1,0,0,14,64,43,NA,NA,0.307692307692308,0.461538461538462,0,0.0769230769230769,0.923076923076923
"2019-04-21","吉田町長選挙","吉田町","静岡県",0,1,0,1,75,75,NA,NA,0,1,0,0,1
"2019-04-21","吉見町議会議員選挙","吉見町","埼玉県",1,0,0,15,69.5,44,11,3,0.142857142857143,0.785714285714286,0.142857142857143,0.142857142857143,0.714285714285714
"2019-04-21","名寄市議会議員選挙","名寄市","北海道",1,0,0,19,61.5,32,14,4,0.388888888888889,0.277777777777778,0.0555555555555556,0.0555555555555556,0.888888888888889
"2019-04-21","向日市長選挙","向日市","京都府",0,1,0,2,54,54,1,0,0,0,0,0,1
"2019-04-21","吹田市議会議員選挙","吹田市","大阪府",1,0,0,44,51.5,28,NA,NA,0.194444444444444,0.111111111111111,0.361111111111111,0.194444444444444,0.138888888888889
"2019-04-21","吹田市長選挙","吹田市","大阪府",0,1,0,3,61,61,NA,NA,0,0,0,0,1
"2019-04-21","呉市議会議員選挙","呉市","広島県",1,0,0,34,59,32,29,3,0.15625,0.3125,0.125,0.0625,0.8125
"2019-04-21","周南市議会議員補欠選挙","周南市","山口県",1,0,1,2,54.5,39,NA,NA,1,0.5,0,0.5,0.5
"2019-04-21","周南市長選挙","周南市","山口県",0,1,0,2,65,65,NA,NA,1,1,0,0,1
"2019-04-21","和光市議会議員選挙","和光市","埼玉県",1,0,0,23,58.5,36,13,5,0.277777777777778,0.222222222222222,0.222222222222222,0.111111111111111,0.555555555555556
"2019-04-21","和寒町議会議員選挙","和寒町","北海道",1,0,0,10,57,47,8,2,0.2,0.2,0,0,1
"2019-04-21","和木町議会議員選挙","和木町","山口県",1,0,0,10,NA,NA,NA,NA,NA,NA,0,0.1,0.9
"2019-04-21","和束町議会議員選挙","和束町","京都府",1,0,0,10,67,51,10,0,0.1,0.7,0.1,0.1,0.8
"2019-04-21","和歌山市議会議員選挙","和歌山市","和歌山県",1,0,0,45,56,26,31,7,0.157894736842105,0.184210526315789,0.394736842105263,0.131578947368421,0.342105263157895
"2019-04-21","品川区議会議員選挙","品川区","東京都",1,0,0,51,52,29,29,11,0.175,0.125,0.475,0.15,0.2
"2019-04-21","善通寺市議会議員選挙","善通寺市","香川県",1,0,0,19,63.5,41,NA,NA,0.1875,0.4375,0.5625,0.0625,0.375
"2019-04-21","喜多方市議会議員選挙","喜多方市","福島県",1,0,0,26,65.5,36,21,1,0.136363636363636,0.545454545454545,0.0909090909090909,0.0909090909090909,0.818181818181818
"2019-04-21","喜茂別町議会議員選挙","喜茂別町","北海道",1,0,0,10,62,33,9,0,0.333333333333333,0.444444444444444,0,0,1
"2019-04-21","嘉麻市議会議員選挙","嘉麻市","福岡県",1,0,0,20,67.5,41,16,0,0.125,0.5625,0.125,0,0.8125
"2019-04-21","四日市市議会議員選挙","四日市市","三重県",1,0,0,41,56.5,36,28,6,0.176470588235294,0.205882352941176,0.264705882352941,0.0588235294117647,0.647058823529412
"2019-04-21","四條畷市議会議員選挙","四條畷市","大阪府",1,0,0,15,55.5,38,8,4,0.166666666666667,0.166666666666667,0.333333333333333,0.0833333333333333,0.416666666666667
"2019-04-21","国分寺市議会議員選挙","国分寺市","東京都",1,0,0,29,49.5,35,14,8,0.0909090909090909,0.0454545454545455,0.318181818181818,0.136363636363636,0.318181818181818
"2019-04-21","国立市議会議員選挙","国立市","東京都",1,0,0,25,51,27,13,8,0.142857142857143,0.142857142857143,0.333333333333333,0.19047619047619,0.333333333333333
"2019-04-21","土佐町議会議員選挙","土佐町","高知県",1,0,0,11,65.5,45,10,0,0.3,0.5,0,0.2,0.8
"2019-04-21","土佐町長選挙","土佐町","高知県",0,1,0,1,63,63,1,0,0,0,0,0,1
"2019-04-21","土岐市議会議員選挙","土岐市","岐阜県",1,0,0,21,66,34,15,3,0.111111111111111,0.666666666666667,0.111111111111111,0.0555555555555556,0.833333333333333
"2019-04-21","土岐市長選挙","土岐市","岐阜県",0,1,0,1,62,62,1,0,1,0,0,0,1
"2019-04-21","土庄町議会議員選挙","土庄町","香川県",1,0,0,13,57.5,32,NA,NA,0.333333333333333,0.25,0,0.0833333333333333,0.833333333333333
"2019-04-21","土浦市議会議員選挙","土浦市","茨城県",1,0,0,31,62.5,32,21,3,0.166666666666667,0.375,0.166666666666667,0.0833333333333333,0.75
"2019-04-21","坂出市議会議員選挙","坂出市","香川県",1,0,0,21,61,46,NA,NA,0.105263157894737,0.263157894736842,0.842105263157895,0.0526315789473684,0.0526315789473684
"2019-04-21","坂城町議会議員選挙","坂城町","長野県",1,0,0,15,65,35,11,3,0.428571428571429,0.5,0.0714285714285714,0.142857142857143,0.785714285714286
"2019-04-21","坂城町長選挙","坂城町","長野県",0,1,0,2,72,72,1,0,0,1,0,0,1
"2019-04-21","坂町議会議員選挙","坂町","広島県",1,0,0,15,70.5,40,NA,NA,0.166666666666667,0.833333333333333,0,0.0833333333333333,0.916666666666667
"2019-04-21","坂祝町議会議員選挙","坂祝町","岐阜県",1,0,0,10,62,35,9,1,0.4,0.5,0.1,0.1,0.8
"2019-04-21","坂祝町長選挙","坂祝町","岐阜県",0,1,0,2,63,63,1,0,1,0,0,0,1
"2019-04-21","垂井町議会議員選挙","垂井町","岐阜県",1,0,0,15,61,33,11,2,0,0.461538461538462,0.0769230769230769,0,0.923076923076923
"2019-04-21","垂井町長選挙","垂井町","岐阜県",0,1,0,2,61,61,1,0,1,0,0,0,1
"2019-04-21","垂水市議会議員選挙","垂水市","鹿児島県",1,0,0,17,65.5,37,13,1,0.285714285714286,0.642857142857143,0.0714285714285714,0.0714285714285714,0.857142857142857
"2019-04-21","城陽市議会議員選挙","城陽市","京都府",1,0,0,24,64,39,NA,NA,0.15,0.45,0.35,0.15,0.45
"2019-04-21","基山町議会議員選挙","基山町","佐賀県",1,0,0,17,64,51,10,3,0.153846153846154,0.461538461538462,0,0.230769230769231,0.769230769230769
"2019-04-21","塩尻市議会議員選挙","塩尻市","長野県",1,0,0,20,66,41,15,3,0.0555555555555556,0.611111111111111,0.111111111111111,0.111111111111111,0.777777777777778
"2019-04-21","増毛町議会議員選挙","増毛町","北海道",1,0,0,12,64,38,9,2,0.181818181818182,0.454545454545455,0,0,1
"2019-04-21","墨田区議会議員選挙","墨田区","東京都",1,0,0,37,NA,NA,NA,NA,NA,NA,NA,NA,NA
"2019-04-21","墨田区長選挙","墨田区","東京都",0,1,0,2,57,57,1,0,0,0,0,0,1
"2019-04-21","士幌町議会議員選挙","士幌町","北海道",1,0,0,14,58,47,12,0,0.416666666666667,0.416666666666667,0,0.0833333333333333,0.916666666666667
"2019-04-21","壮瞥町議会議員選挙","壮瞥町","北海道",1,0,0,10,64,46,9,0,0.111111111111111,0.333333333333333,0.111111111111111,0,0.888888888888889
"2019-04-21","壮瞥町長選挙","壮瞥町","北海道",0,1,0,2,59,59,1,0,1,0,0,0,1
"2019-04-21","夕張市議会議員選挙","夕張市","北海道",1,0,0,9,66,30,6,2,0,0.75,0.125,0.125,0.75
"2019-04-21","夕張市長選挙","夕張市","北海道",0,1,0,2,53,53,1,0,1,0,0,0,1
"2019-04-21","外ヶ浜町議会議員選挙","外ヶ浜町","青森県",1,0,0,13,63,56,11,0,0.0909090909090909,0.454545454545455,0,0.181818181818182,0.818181818181818
"2019-04-21","多久市議会議員選挙","多久市","佐賀県",1,0,0,15,65,43,14,1,0.133333333333333,0.6,0.4,0,0.533333333333333
"2019-04-21","多古町議会議員選挙","多古町","千葉県",1,0,0,14,61,41,10,4,0.285714285714286,0.428571428571429,0,0.142857142857143,0.857142857142857
"2019-04-21","多摩市議会議員選挙","多摩市","東京都",1,0,0,32,53.5,35,NA,NA,0.115384615384615,0.192307692307692,0.346153846153846,0.230769230769231,0.230769230769231
"2019-04-21","多治見市議会議員選挙","多治見市","岐阜県",1,0,0,24,62,31,NA,NA,0.238095238095238,0.476190476190476,0.238095238095238,0.0476190476190476,0.666666666666667
"2019-04-21","多治見市長選挙","多治見市","岐阜県",0,1,0,1,66,66,1,0,0,1,0,0,1
"2019-04-21","多良木町議会議員選挙","多良木町","熊本県",1,0,0,14,63.5,47,NA,NA,0.166666666666667,0.416666666666667,0,0.0833333333333333,0.916666666666667
"2019-04-21","大任町議会議員選挙","大任町","福岡県",1,0,0,12,67,49,11,0,0.181818181818182,0.727272727272727,0,0,1
"2019-04-21","大分市長選挙","大分市","大分県",0,1,0,2,61,61,NA,NA,0,0,0,0,1
"2019-04-21","大口町議会議員選挙","大口町","愛知県",1,0,0,16,70,43,NA,NA,0.133333333333333,0.6,0.0666666666666667,0.133333333333333,0.8
"2019-04-21","大和市議会議員選挙","大和市","神奈川県",1,0,0,35,51.5,35,21,7,0.107142857142857,0.178571428571429,0.428571428571429,0.0714285714285714,0.321428571428571
"2019-04-21","大和市長選挙","大和市","神奈川県",0,1,0,2,70,70,1,0,0,1,0,0,1
"2019-04-21","大和郡山市議会議員選挙","大和郡山市","奈良県",1,0,0,26,61.5,33,18,2,0.15,0.45,0.15,0.15,0.5
"2019-04-21","大和高田市議会議員選挙","大和高田市","奈良県",1,0,0,18,55,40,16,1,0.117647058823529,0.117647058823529,0.176470588235294,0.176470588235294,0.529411764705882
"2019-04-21","大和高田市長選挙","大和高田市","奈良県",0,1,0,1,51,51,1,0,1,0,0,0,1
"2019-04-21","大垣市議会議員選挙","大垣市","岐阜県",1,0,0,26,58.5,32,19,3,0.136363636363636,0.272727272727273,0.636363636363636,0.0909090909090909,0.227272727272727
"2019-04-21","大島町議会議員選挙","大島町","東京都",1,0,0,18,70.5,26,NA,NA,0.142857142857143,0.714285714285714,0.357142857142857,0.214285714285714,0.428571428571429
"2019-04-21","大島町長選挙","大島町","東京都",0,1,0,2,63,63,NA,NA,0,0,0,0,1
"2019-04-21","大崎上島町長選挙","大崎上島町","広島県",0,1,0,4,66,66,1,0,0,1,0,0,1
"2019-04-21","大崎町議会議員選挙","大崎町","鹿児島県",1,0,0,13,NA,NA,NA,NA,0.166666666666667,NA,0,0.0833333333333333,0.916666666666667
"2019-04-21","大川市議会議員選挙","大川市","福岡県",1,0,0,18,67,44,12,3,0.2,0.533333333333333,0.0666666666666667,0,0.933333333333333
"2019-04-21","大川村議会議員選挙","大川村","高知県",1,0,0,7,66,28,6,0,0.5,0.5,0,0.166666666666667,0.833333333333333
"2019-04-21","大府市議会議員選挙","大府市","愛知県",1,0,0,22,53,41,11,8,0.315789473684211,0.105263157894737,0.105263157894737,0.0526315789473684,0.789473684210526
"2019-04-21","大木町議会議員選挙","大木町","福岡県",1,0,0,12,60,42,NA,NA,0.416666666666667,0.333333333333333,0,0,1
"2019-04-21","大村市議会議員選挙","大村市","長崎県",1,0,0,31,62,30,NA,NA,0.32,0.4,0.28,0.04,0.6
"2019-04-21","大桑村議会議員選挙","大桑村","長野県",1,0,0,11,68,62,8,2,0.4,0.8,0,0.1,0.9
"2019-04-21","大樹町議会議員選挙","大樹町","北海道",1,0,0,13,66.5,39,12,0,0.416666666666667,0.583333333333333,0,0.0833333333333333,0.916666666666667
"2019-04-21","大樹町長選挙","大樹町","北海道",0,1,0,2,60,60,1,0,0,0,0,0,1
"2019-04-21","大治町議会議員選挙","大治町","愛知県",1,0,0,15,54,34,10,2,0.25,0.166666666666667,0.166666666666667,0.0833333333333333,0.75
"2019-04-21","大津市議会議員選挙","大津市","滋賀県",1,0,0,49,59,35,NA,NA,0.289473684210526,0.210526315789474,0.289473684210526,0.157894736842105,0.526315789473684
"2019-04-21","大淀町議会議員選挙","大淀町","奈良県",1,0,0,13,69,48,10,2,0.0833333333333333,0.75,0.5,0.0833333333333333,0.416666666666667
"2019-04-21","大牟田市議会議員選挙","大牟田市","福岡県",1,0,0,31,54.5,31,18,6,0.208333333333333,0.125,0.291666666666667,0.125,0.541666666666667
"2019-04-21","大田区議会議員選挙","大田区","東京都",1,0,0,70,51.5,31,39,11,0.14,0.14,0.52,0.16,0.12
"2019-04-21","大田区長選挙","大田区","東京都",0,1,0,3,76,76,1,0,0,1,0,0,1
"2019-04-21","大町市議会議員選挙","大町市","長野県",1,0,0,19,63.5,34,13,3,0.375,0.5,0.0625,0.125,0.8125
"2019-04-21","大町町議会議員選挙","大町町","佐賀県",1,0,0,12,64.5,50,5,3,0.5,0.5,0,0.125,0.875
"2019-04-21","大町町長選挙","大町町","佐賀県",0,1,0,1,62,62,1,0,0,0,0,0,1
"2019-04-21","大蔵村議会議員選挙","大蔵村","山形県",1,0,0,12,68,46,9,1,0.1,0.7,0,0.1,0.9
"2019-04-21","大蔵村長選挙","大蔵村","山形県",0,1,0,2,68,68,1,0,0,1,0,0,1
"2019-04-21","大衡村議会議員選挙","大衡村","宮城県",1,0,0,12,67,41,10,2,0.166666666666667,0.583333333333333,0,0,1
"2019-04-21","大衡村長選挙","大衡村","宮城県",0,1,0,2,70,70,1,0,0,1,0,0,1
"2019-04-21","大野城市議会議員選挙","大野城市","福岡県",1,0,0,24,58,30,15,5,0.2,0.2,0.35,0,0.6
"2019-04-21","大野町議会議員選挙","大野町","岐阜県",1,0,0,12,61.5,43,7,3,0.1,0.3,0.1,0,0.9
"2019-04-21","大間町議会議員選挙","大間町","青森県",1,0,0,11,67.5,41,10,0,0.2,0.6,0,0,1
"2019-04-21","大阪狭山市議会議員選挙","大阪狭山市","大阪府",1,0,0,18,61,41,NA,NA,0.333333333333333,0.4,0.333333333333333,0.2,0.266666666666667
"2019-04-21","大阪狭山市長選挙","大阪狭山市","大阪府",0,1,0,2,47,47,NA,NA,0,0,0,0,1
"2019-04-21","大館市議会議員選挙","大館市","秋田県",1,0,0,29,66,41,24,2,0.0384615384615385,0.653846153846154,0.0769230769230769,0.115384615384615,0.807692307692308
"2019-04-21","大館市長選挙","大館市","秋田県",0,1,0,2,51,51,1,0,0,0,0,0,1
"2019-04-21","大鹿村議会議員選挙","大鹿村","長野県",1,0,0,9,60.5,53,5,3,0.375,0.25,0,0,1
"2019-04-21","天塩町議会議員選挙","天塩町","北海道",1,0,0,10,68,46,9,0,0.111111111111111,0.777777777777778,0,0,1
"2019-04-21","天塩町長選挙","天塩町","北海道",0,1,0,2,67,67,1,0,1,1,0,0,1
"2019-04-21","天川村長選挙","天川村","奈良県",0,1,0,1,61,61,1,0,0,0,0,0,1
"2019-04-21","天理市議会議員選挙","天理市","奈良県",1,0,0,19,61.5,34,14,2,0.125,0.4375,0.125,0.0625,0.8125
"2019-04-21","太子町議会議員選挙","太子町","兵庫県",1,0,0,24,61,39,NA,NA,0.2,0.2,0.133333333333333,0,0.8
"2019-04-21","太田市議会議員選挙","太田市","群馬県",1,0,0,35,56.5,38,27,3,0.333333333333333,0.333333333333333,0.1,0.0666666666666667,0.8
"2019-04-21","奈井江町議会議員選挙","奈井江町","北海道",1,0,0,11,63,56,7,2,0.111111111111111,0.444444444444444,0.111111111111111,0,0.888888888888889
"2019-04-21","奈半利町議会議員選挙","奈半利町","高知県",1,0,0,12,69.5,61,NA,NA,0,0.8,0,0.1,0.9
"2019-04-21","奥尻町議会議員選挙","奥尻町","北海道",1,0,0,8,63.5,54,8,0,0,0.5,0,0.125,0.875
"2019-04-21","姫島村議会議員選挙","姫島村","大分県",1,0,0,8,67.5,46,8,0,0.125,0.75,0,0,1
"2019-04-21","姫路市議会議員選挙","姫路市","兵庫県",1,0,0,57,57,36,40,7,0.148936170212766,0.234042553191489,0.297872340425532,0.0851063829787234,0.553191489361702
"2019-04-21","姫路市長選挙","姫路市","兵庫県",0,1,0,2,55,55,1,0,1,0,0,0,1
"2019-04-21","嬬恋村議会議員選挙","嬬恋村","群馬県",1,0,0,13,64,54,10,2,0.25,0.416666666666667,0.0833333333333333,0.0833333333333333,0.833333333333333
"2019-04-21","嬬恋村長選挙","嬬恋村","群馬県",0,1,0,2,71,71,1,0,0,1,0,0,1
"2019-04-21","宇佐市議会議員選挙","宇佐市","大分県",1,0,0,24,59,35,21,2,0.173913043478261,0.347826086956522,0.0434782608695652,0.0869565217391304,0.869565217391304
"2019-04-21","宇多津町議会議員選挙","宇多津町","香川県",1,0,0,14,60,29,8,2,0.2,0.2,0.1,0.1,0.8
"2019-04-21","宇治市議会議員選挙","宇治市","京都府",1,0,0,32,53.5,33,20,8,0.178571428571429,0.214285714285714,0.357142857142857,0.25,0.107142857142857
"2019-04-21","宇部市議会議員選挙","宇部市","山口県",1,0,0,30,61.5,32,24,4,0.178571428571429,0.285714285714286,0.214285714285714,0.178571428571429,0.607142857142857
"2019-04-21","宇都宮市議会議員選挙","宇都宮市","栃木県",1,0,0,57,57,25,NA,NA,0.4,0.177777777777778,0.355555555555556,0.0666666666666667,0.466666666666667
"2019-04-21","守口市議会議員選挙","守口市","大阪府",1,0,0,31,51,35,NA,NA,0.318181818181818,0.0909090909090909,0.409090909090909,0.0454545454545455,0.272727272727273
"2019-04-21","安中市議会議員選挙","安中市","群馬県",1,0,0,28,62,39,17,3,0.15,0.35,0.1,0.1,0.75
"2019-04-21","安八町長選挙","安八町","岐阜県",0,1,0,2,63,63,1,0,0,0,0,0,1
"2019-04-21","安城市議会議員選挙","安城市","愛知県",1,0,0,31,59,33,22,6,0.321428571428571,0.107142857142857,0.142857142857143,0.0357142857142857,0.785714285714286
"2019-04-21","安堵町議会議員選挙","安堵町","奈良県",1,0,0,11,69,43,9,0,0.222222222222222,0.777777777777778,0,0.111111111111111,0.888888888888889
"2019-04-21","安田町議会議員選挙","安田町","高知県",1,0,0,10,65,38,NA,NA,0.4,0.5,0,0,1
"2019-04-21","宝塚市議会議員選挙","宝塚市","兵庫県",1,0,0,33,57,31,16,10,0.307692307692308,0.153846153846154,0.192307692307692,0.230769230769231,0.346153846153846
"2019-04-21","室戸市議会議員選挙","室戸市","高知県",1,0,0,15,66,47,NA,NA,0.25,0.75,0.166666666666667,0,0.833333333333333
"2019-04-21","室蘭市議会議員選挙","室蘭市","北海道",1,0,0,23,62,37,NA,NA,0.19047619047619,0.380952380952381,0.0952380952380952,0.142857142857143,0.571428571428571
"2019-04-21","室蘭市長選挙","室蘭市","北海道",0,1,0,2,41,41,NA,NA,0,0,0,0,1
"2019-04-21","宮崎市議会議員選挙","宮崎市","宮崎県",1,0,0,56,60,32,NA,NA,0.225,0.3,0.225,0.1,0.6
"2019-04-21","宿毛市議会議員選挙","宿毛市","高知県",1,0,0,17,62.5,48,11,3,0.214285714285714,0.428571428571429,0.0714285714285714,0.142857142857143,0.785714285714286
"2019-04-21","寄居町議会議員選挙","寄居町","埼玉県",1,0,0,16,65.5,53,13,3,0.1875,0.625,0.125,0.125,0.75
"2019-04-21","富加町議会議員選挙","富加町","岐阜県",1,0,0,10,63.5,41,NA,NA,0.125,0.25,0,0,1
"2019-04-21","富士吉田市議会議員選挙","富士吉田市","山梨県",1,0,0,23,62.5,32,NA,NA,0.15,0.4,0.05,0,0.95
"2019-04-21","富士吉田市長選挙","富士吉田市","山梨県",0,1,0,2,70,70,1,0,0,1,0,0,1
"2019-04-21","富士宮市議会議員選挙","富士宮市","静岡県",1,0,0,24,60.5,38,NA,NA,0.181818181818182,0.227272727272727,0.136363636363636,0.0909090909090909,0.727272727272727
"2019-04-21","富士宮市長選挙","富士宮市","静岡県",0,1,0,1,72,72,1,0,0,1,0,0,1
"2019-04-21","富士市議会議員選挙","富士市","静岡県",1,0,0,33,61,39,NA,NA,0.125,0.28125,0.1875,0.0625,0.75
"2019-04-21","富士見町議会議員選挙","富士見町","長野県",1,0,0,12,64,54,10,1,0.363636363636364,0.454545454545455,0,0.0909090909090909,0.909090909090909
"2019-04-21","富岡市議会議員選挙","富岡市","群馬県",1,0,0,19,63.5,44,17,1,0.166666666666667,0.333333333333333,0.0555555555555556,0.0555555555555556,0.888888888888889
"2019-04-21","富田林市議会議員選挙","富田林市","大阪府",1,0,0,19,52.5,33,11,7,0.277777777777778,0.166666666666667,0.333333333333333,0.111111111111111,0.388888888888889
"2019-04-21","富田林市長選挙","富田林市","大阪府",0,1,0,3,54,54,1,0,1,0,0,0,1
"2019-04-21","富良野市議会議員選挙","富良野市","北海道",1,0,0,19,63.5,36,14,4,0.111111111111111,0.277777777777778,0.0555555555555556,0,0.944444444444444
"2019-04-21","富里市議会議員選挙","富里市","千葉県",1,0,0,20,68,32,14,4,0.277777777777778,0.555555555555556,0.166666666666667,0.0555555555555556,0.722222222222222
"2019-04-21","寒河江市議会議員選挙","寒河江市","山形県",1,0,0,16,61,40,14,2,0.25,0.3125,0.125,0.125,0.6875
"2019-04-21","寝屋川市議会議員選挙","寝屋川市","大阪府",1,0,0,34,48.5,27,NA,NA,0.25,0.125,0.458333333333333,0.0833333333333333,0.208333333333333
"2019-04-21","寝屋川市長選挙","寝屋川市","大阪府",0,1,0,2,48,48,NA,NA,1,0,0,0,1
"2019-04-21","小値賀町議会議員選挙","小値賀町","長崎県",1,0,0,8,68.5,53,8,0,0.125,0.625,0,0,1
"2019-04-21","小値賀町長選挙","小値賀町","長崎県",0,1,0,3,61,61,1,0,1,0,0,0,1
"2019-04-21","小千谷市議会議員選挙","小千谷市","新潟県",1,0,0,16,61,43,NA,NA,0.125,0.375,0.0625,0.0625,0.875
"2019-04-21","小国町議会議員選挙","小国町","山形県",1,0,0,13,60.5,48,9,1,0.4,0.3,0,0,1
"2019-04-21","小国町議会議員選挙","小国町","熊本県",1,0,0,12,62,35,NA,NA,0.3,0.4,0,0.1,0.9
"2019-04-21","小国町長選挙","小国町","熊本県",0,1,0,3,48,48,NA,NA,1,0,0,0,1
"2019-04-21","小山市議会議員選挙","小山市","栃木県",1,0,0,33,57,37,23,7,0.133333333333333,0.333333333333333,0.133333333333333,0.0333333333333333,0.8
"2019-04-21","小山町議会議員選挙","小山町","静岡県",1,0,0,15,67,39,NA,NA,0.230769230769231,0.769230769230769,0.153846153846154,0.0769230769230769,0.769230769230769
"2019-04-21","小山町長選挙","小山町","静岡県",0,1,0,2,69,69,NA,NA,1,1,0,0,1
"2019-04-21","小布施町議会議員選挙","小布施町","長野県",1,0,0,14,66.5,37,10,4,0.285714285714286,0.714285714285714,0,0.0714285714285714,0.928571428571429
"2019-04-21","小平市議会議員選挙","小平市","東京都",1,0,0,31,50.5,29,17,11,0.357142857142857,0.0714285714285714,0.392857142857143,0.142857142857143,0.214285714285714
"2019-04-21","小平町議会議員選挙","小平町","北海道",1,0,0,9,61,38,8,0,0.25,0.25,0,0,1
"2019-04-21","小松島市議会議員選挙","小松島市","徳島県",1,0,0,19,58,31,NA,NA,0.294117647058824,0.411764705882353,0.0588235294117647,0.0588235294117647,0.882352941176471
"2019-04-21","小松市議会議員選挙","小松市","石川県",1,0,0,24,58.5,30,21,1,0.181818181818182,0.318181818181818,0.636363636363636,0.0454545454545455,0.318181818181818
"2019-04-21","小林市議会議員選挙","小林市","宮崎県",1,0,0,19,64,35,NA,NA,0.368421052631579,0.368421052631579,0.0526315789473684,0.105263157894737,0.842105263157895
"2019-04-21","小樽市議会議員選挙","小樽市","北海道",1,0,0,29,56,25,21,4,0.24,0.2,0.52,0.2,0.12
"2019-04-21","小浜市議会議員選挙","小浜市","福井県",1,0,0,20,65,39,15,3,0.222222222222222,0.555555555555556,0.0555555555555556,0.0555555555555556,0.888888888888889
"2019-04-21","小清水町議会議員選挙","小清水町","北海道",1,0,0,12,64,51,10,0,0.5,0.5,0,0.1,0.9
"2019-04-21","小田原市議会議員選挙","小田原市","神奈川県",1,0,0,37,55,37,21,6,0.37037037037037,0.259259259259259,0.148148148148148,0.111111111111111,0.62962962962963
"2019-04-21","小笠原村議会議員選挙","小笠原村","東京都",1,0,0,8,69.5,50,8,0,0.25,0.75,0,0,1
"2019-04-21","小菅村議会議員選挙","小菅村","山梨県",1,0,0,8,67.5,52,8,0,0.375,0.625,0,0,1
"2019-04-21","小谷村議会議員補欠選挙","小谷村","長野県",1,0,1,1,53,53,1,0,1,0,0,0,1
"2019-04-21","小谷村長選挙","小谷村","長野県",0,1,0,3,57,57,1,0,1,0,0,0,1
"2019-04-21","小野市議会議員選挙","小野市","兵庫県",1,0,0,18,61.5,33,9,7,0.3125,0.375,0.1875,0.0625,0.75
"2019-04-21","尾張旭市議会議員選挙","尾張旭市","愛知県",1,0,0,23,54,44,18,2,0.35,0.1,0.2,0.05,0.65
"2019-04-21","尾道市議会議員選挙","尾道市","広島県",1,0,0,36,60,34,NA,NA,0.178571428571429,0.357142857142857,0.142857142857143,0.107142857142857,0.75
"2019-04-21","尾道市長選挙","尾道市","広島県",0,1,0,4,66,66,NA,NA,0,1,0,0,1
"2019-04-21","山ノ内町議会議員選挙","山ノ内町","長野県",1,0,0,13,67,47,12,1,0.230769230769231,0.692307692307692,0.0769230769230769,0.0769230769230769,0.846153846153846
"2019-04-21","山中湖村議会議員選挙","山中湖村","山梨県",1,0,0,14,66.5,56,12,0,0.333333333333333,0.666666666666667,0,0,1
"2019-04-21","山北町議会議員選挙","山北町","神奈川県",1,0,0,15,63.5,35,9,5,0.5,0.428571428571429,0.0714285714285714,0,0.928571428571429
"2019-04-21","山形市議会議員選挙","山形市","山形県",1,0,0,41,59,31,28,5,0.181818181818182,0.272727272727273,0.454545454545455,0.121212121212121,0.363636363636364
"2019-04-21","山武市議会議員選挙","山武市","千葉県",1,0,0,29,62.5,34,18,2,0.2,0.4,0.15,0.05,0.8
"2019-04-21","山江村議会議員選挙","山江村","熊本県",1,0,0,12,64.5,54,9,1,0.2,0.5,0,0,1
"2019-04-21","山県市長選挙","山県市","岐阜県",0,1,0,1,67,67,1,0,0,1,0,0,1
"2019-04-21","岐阜市議会議員選挙","岐阜市","岐阜県",1,0,0,52,60.5,32,32,6,0.105263157894737,0.315789473684211,0.526315789473684,0.0789473684210526,0.315789473684211
"2019-04-21","岡垣町議会議員選挙","岡垣町","福岡県",1,0,0,18,63,38,11,2,0.230769230769231,0.384615384615385,0.0769230769230769,0.0769230769230769,0.769230769230769
"2019-04-21","岡谷市議会議員選挙","岡谷市","長野県",1,0,0,20,61,26,15,3,0.333333333333333,0.333333333333333,0.0555555555555556,0.166666666666667,0.777777777777778
"2019-04-21","岩倉市議会議員選挙","岩倉市","愛知県",1,0,0,23,58,44,11,4,0.266666666666667,0.133333333333333,0.133333333333333,0.133333333333333,0.6
"2019-04-21","岩内町議会議員選挙","岩内町","北海道",1,0,0,19,66,41,14,1,0.133333333333333,0.6,0.133333333333333,0.0666666666666667,0.8
"2019-04-21","岩見沢市議会議員選挙","岩見沢市","北海道",1,0,0,23,61,42,22,0,0.272727272727273,0.272727272727273,0.181818181818182,0.0909090909090909,0.727272727272727
"2019-04-21","岬町議会議員選挙","岬町","大阪府",1,0,0,12,64.5,44,11,1,0.0833333333333333,0.5,0.0833333333333333,0.0833333333333333,0.75
"2019-04-21","岸和田市議会議員選挙","岸和田市","大阪府",1,0,0,32,57.5,30,NA,NA,0.166666666666667,0.25,0.333333333333333,0.166666666666667,0.375
"2019-04-21","川上村議会議員選挙","川上村","奈良県",1,0,0,9,62,36,8,0,0.25,0.375,0,0.125,0.875
"2019-04-21","川上村議会議員選挙","川上村","長野県",1,0,0,12,61.5,53,9,1,0.8,0.2,0,0.1,0.9
"2019-04-21","川北町議会議員選挙","川北町","石川県",1,0,0,10,67.5,48,10,0,0.3,0.6,0,0,1
"2019-04-21","川北町長選挙","川北町","石川県",0,1,0,2,65,65,1,0,0,1,0,0,1
"2019-04-21","川南町議会議員選挙","川南町","宮崎県",1,0,0,14,69,45,11,2,0.230769230769231,0.769230769230769,0.0769230769230769,0.0769230769230769,0.846153846153846
"2019-04-21","川南町長選挙","川南町","宮崎県",0,1,0,2,59,59,1,0,0,0,0,0,1
"2019-04-21","川口市議会議員選挙","川口市","埼玉県",1,0,0,58,54,32,31,11,0.119047619047619,0.0952380952380952,0.69047619047619,0.119047619047619,0.0952380952380952
"2019-04-21","川場村議会議員選挙","川場村","群馬県",1,0,0,10,67,46,9,1,0,0.8,0,0,1
"2019-04-21","川場村長選挙","川場村","群馬県",0,1,0,1,55,55,1,0,0,0,0,0,1
"2019-04-21","川島町議会議員選挙","川島町","埼玉県",1,0,0,17,64,47,12,2,0.285714285714286,0.5,0.0714285714285714,0.0714285714285714,0.857142857142857
"2019-04-21","川崎町議会議員選挙","川崎町","福岡県",1,0,0,18,63,40,13,3,0.25,0.375,0.125,0,0.875
"2019-04-21","川崎町長選挙","川崎町","福岡県",0,1,0,2,58,58,1,0,1,0,0,0,1
"2019-04-21","川棚町議会議員選挙","川棚町","長崎県",1,0,0,16,66.5,42,14,0,0.142857142857143,0.642857142857143,0.0714285714285714,0,0.928571428571429
"2019-04-21","川西町議会議員選挙","川西町","奈良県",1,0,0,13,63,42,NA,NA,0.25,0.416666666666667,0,0.0833333333333333,0.916666666666667
"2019-04-21","川西町議会議員選挙","川西町","山形県",1,0,0,15,62,53,13,1,0.428571428571429,0.428571428571429,0,0.142857142857143,0.857142857142857
"2019-04-21","川越市議会議員選挙","川越市","埼玉県",1,0,0,48,53.5,32,28,8,0.194444444444444,0.138888888888889,0.472222222222222,0.166666666666667,0.305555555555556
"2019-04-21","川越町議会議員選挙","川越町","三重県",1,0,0,13,60.5,48,NA,NA,0.166666666666667,0.333333333333333,0.0833333333333333,0,0.916666666666667
"2019-04-21","市川市議会議員選挙","市川市","千葉県",1,0,0,56,58.5,32,36,6,0.19047619047619,0.285714285714286,0.357142857142857,0.142857142857143,0.452380952380952
"2019-04-21","市貝町議会議員選挙","市貝町","栃木県",1,0,0,14,69,58,11,1,0.166666666666667,0.666666666666667,0,0,1
"2019-04-21","帯広市議会議員選挙","帯広市","北海道",1,0,0,42,59,30,24,5,0.206896551724138,0.275862068965517,0.206896551724138,0.103448275862069,0.517241379310345
"2019-04-21","常滑市議会議員選挙","常滑市","愛知県",1,0,0,20,60,41,15,3,0.277777777777778,0.444444444444444,0.111111111111111,0.0555555555555556,0.722222222222222
"2019-04-21","常滑市長選挙","常滑市","愛知県",0,1,0,2,41,41,1,0,1,0,0,0,1
"2019-04-21","常総市議会議員選挙","常総市","茨城県",1,0,0,28,66,38,20,2,0.318181818181818,0.545454545454545,0.0909090909090909,0.0454545454545455,0.863636363636364
"2019-04-21","幌加内町議会議員選挙","幌加内町","北海道",1,0,0,9,64,34,9,0,0.333333333333333,0.444444444444444,0,0.111111111111111,0.888888888888889
"2019-04-21","幌加内町長選挙","幌加内町","北海道",0,1,0,1,63,63,1,0,0,0,0,0,1
"2019-04-21","幌延町議会議員選挙","幌延町","北海道",1,0,0,9,66,48,8,0,0,0.625,0,0,1
"2019-04-21","幕別町議会議員選挙","幕別町","北海道",1,0,0,21,60,38,13,6,0.105263157894737,0.315789473684211,0.0526315789473684,0.210526315789474,0.684210526315789
"2019-04-21","幕別町長選挙","幕別町","北海道",0,1,0,2,63,63,1,0,0,0,0,0,1
"2019-04-21","平取町議会議員選挙","平取町","北海道",1,0,0,12,66,55,11,1,0.25,0.583333333333333,0,0,1
"2019-04-21","平塚市議会議員選挙","平塚市","神奈川県",1,0,0,36,60,36,22,4,0.192307692307692,0.423076923076923,0.384615384615385,0.0769230769230769,0.5
"2019-04-21","平塚市長選挙","平塚市","神奈川県",0,1,0,2,61,61,1,0,0,0,0,0,1
"2019-04-21","平生町議会議員選挙","平生町","山口県",1,0,0,12,65,39,NA,NA,0.0833333333333333,0.5,0,0.0833333333333333,0.833333333333333
"2019-04-21","平群町議会議員選挙","平群町","奈良県",1,0,0,14,61,43,9,3,0.166666666666667,0.333333333333333,0.0833333333333333,0.25,0.666666666666667
"2019-04-21","幸手市議会議員選挙","幸手市","埼玉県",1,0,0,17,61,54,11,4,0.2,0.4,0.2,0.133333333333333,0.666666666666667
"2019-04-21","幸田町議会議員選挙","幸田町","愛知県",1,0,0,15,68,49,13,2,0.533333333333333,0.866666666666667,0.0666666666666667,0.0666666666666667,0.866666666666667
"2019-04-21","広川町長選挙","広川町","福岡県",0,1,0,3,70,70,1,0,0,1,0,0,1
"2019-04-21","府中市議会議員選挙","府中市","東京都",1,0,0,37,53,27,23,7,0.133333333333333,0.2,0.433333333333333,0.133333333333333,0.2
"2019-04-21","延岡市議会議員選挙","延岡市","宮崎県",1,0,0,38,61,43,NA,NA,0.222222222222222,0.185185185185185,0.148148148148148,0.111111111111111,0.444444444444444
"2019-04-21","弘前市議会議員選挙","弘前市","青森県",1,0,0,36,62.5,28,27,1,0.214285714285714,0.392857142857143,0.0714285714285714,0.107142857142857,0.785714285714286
"2019-04-21","弥彦村議会議員選挙","弥彦村","新潟県",1,0,0,13,70.5,43,NA,NA,0.4,0.7,0,0,1
"2019-04-21","当別町議会議員選挙","当別町","北海道",1,0,0,16,66,27,12,3,0.133333333333333,0.533333333333333,0.133333333333333,0.0666666666666667,0.8
"2019-04-21","当麻町議会議員選挙","当麻町","北海道",1,0,0,12,67.5,41,9,1,0.3,0.6,0.1,0.1,0.8
"2019-04-21","彦根市議会議員選挙","彦根市","滋賀県",1,0,0,26,56.5,30,19,5,0.416666666666667,0.166666666666667,0.125,0.0833333333333333,0.791666666666667
"2019-04-21","御船町議会議員選挙","御船町","熊本県",1,0,0,15,64.5,27,12,2,0.285714285714286,0.5,0,0,1
"2019-04-21","御船町長選挙","御船町","熊本県",0,1,0,2,53,53,1,0,0,0,0,0,1
"2019-04-21","御蔵島村議会議員選挙","御蔵島村","東京都",1,0,0,7,54.5,37,4,2,0.5,0.166666666666667,0,0.333333333333333,0.666666666666667
"2019-04-21","徳島市議会議員選挙","徳島市","徳島県",1,0,0,40,59.5,37,24,6,0.233333333333333,0.266666666666667,0.366666666666667,0.166666666666667,0.366666666666667
"2019-04-21","忍野村議会議員選挙","忍野村","山梨県",1,0,0,13,64.5,54,11,1,0.25,0.5,0,0.0833333333333333,0.916666666666667
"2019-04-21","志免町議会議員選挙","志免町","福岡県",1,0,0,21,66.5,29,11,3,0.5,0.571428571428571,0.142857142857143,0.0714285714285714,0.785714285714286
"2019-04-21","志免町長選挙","志免町","福岡県",0,1,0,2,65,65,1,0,0,1,0,0,1
"2019-04-21","志賀町議会議員選挙","志賀町","石川県",1,0,0,15,63,41,NA,NA,0.0714285714285714,0.357142857142857,0.285714285714286,0.0714285714285714,0.642857142857143
"2019-04-21","忠岡町議会議員選挙","忠岡町","大阪府",1,0,0,13,56.5,34,8,4,0.416666666666667,0.166666666666667,0.166666666666667,0.25,0.5
"2019-04-21","恵庭市議会議員選挙","恵庭市","北海道",1,0,0,25,60,35,16,5,0.333333333333333,0.333333333333333,0.571428571428571,0,0.380952380952381
"2019-04-21","愛別町議会議員選挙","愛別町","北海道",1,0,0,11,63,34,8,1,0.111111111111111,0.444444444444444,0,0,1
"2019-04-21","成田市議会議員選挙","成田市","千葉県",1,0,0,34,62,27,26,3,0.206896551724138,0.344827586206897,0.137931034482759,0.103448275862069,0.724137931034483
"2019-04-21","所沢市議会議員選挙","所沢市","埼玉県",1,0,0,48,56,30,25,8,0.121212121212121,0.272727272727273,0.454545454545455,0.181818181818182,0.242424242424242
"2019-04-21","揖斐川町議会議員補欠選挙","揖斐川町","岐阜県",1,0,1,3,71,65,3,0,0.666666666666667,1,0,0.333333333333333,0.666666666666667
"2019-04-21","播磨町議会議員選挙","播磨町","兵庫県",1,0,0,17,65,40,9,5,0.142857142857143,0.5,0.142857142857143,0.142857142857143,0.714285714285714
"2019-04-21","敦賀市議会議員選挙","敦賀市","福井県",1,0,0,24,60,40,NA,NA,0.333333333333333,0.208333333333333,0.125,0.0833333333333333,0.791666666666667
"2019-04-21","敦賀市長選挙","敦賀市","福井県",0,1,0,2,58,58,NA,NA,0,0,0,0,1
"2019-04-21","文京区議会議員選挙","文京区","東京都",1,0,0,44,53.5,29,20,14,0.294117647058824,0.0882352941176471,0.411764705882353,0.205882352941176,0.205882352941176
"2019-04-21","文京区長選挙","文京区","東京都",0,1,0,2,53,53,1,0,0,0,0,0,1
"2019-04-21","斑鳩町議会議員選挙","斑鳩町","奈良県",1,0,0,17,58,32,NA,NA,0.384615384615385,0.461538461538462,0.0769230769230769,0.153846153846154,0.692307692307692
"2019-04-21","斜里町議会議員選挙","斜里町","北海道",1,0,0,14,65,35,10,3,0.153846153846154,0.538461538461538,0.0769230769230769,0.0769230769230769,0.846153846153846
"2019-04-21","斜里町長選挙","斜里町","北海道",0,1,0,1,68,68,1,0,0,1,0,0,1
"2019-04-21","新冠町議会議員選挙","新冠町","北海道",1,0,0,13,65.5,38,11,1,0.0833333333333333,0.5,0.0833333333333333,0,0.916666666666667
"2019-04-21","新十津川町議会議員選挙","新十津川町","北海道",1,0,0,11,65,46,8,3,0.181818181818182,0.545454545454545,0,0.0909090909090909,0.909090909090909
"2019-04-21","新十津川町長選挙","新十津川町","北海道",0,1,0,1,65,65,1,0,0,1,0,0,1
"2019-04-21","新宮市議会議員選挙","新宮市","和歌山県",1,0,0,19,58,34,NA,NA,0.2,0.333333333333333,0.2,0,0.8
"2019-04-21","新宮町議会議員選挙","新宮町","福岡県",1,0,0,13,63,44,9,3,0.333333333333333,0.333333333333333,0.0833333333333333,0,0.833333333333333
"2019-04-21","新宮町長選挙","新宮町","福岡県",0,1,0,1,77,77,1,0,0,1,0,0,1
"2019-04-21","新宿区議会議員選挙","新宿区","東京都",1,0,0,53,48.5,31,28,10,0.210526315789474,0.105263157894737,0.526315789473684,0.184210526315789,0.157894736842105
"2019-04-21","新富町議会議員選挙","新富町","宮崎県",1,0,0,17,63.5,47,10,2,0.416666666666667,0.333333333333333,0.0833333333333333,0.0833333333333333,0.833333333333333
"2019-04-21","新居浜市議会議員選挙","新居浜市","愛媛県",1,0,0,30,61.5,36,NA,NA,0.307692307692308,0.461538461538462,0.153846153846154,0.0769230769230769,0.730769230769231
"2019-04-21","新庄市議会議員選挙","新庄市","山形県",1,0,0,20,59.5,46,13,5,0.277777777777778,0.333333333333333,0.0555555555555556,0.111111111111111,0.777777777777778
"2019-04-21","新庄村議会議員選挙","新庄村","岡山県",1,0,0,9,66,57,8,0,0.125,0.625,0,0,1
"2019-04-21","新得町議会議員選挙","新得町","北海道",1,0,0,13,67.5,42,10,2,0.166666666666667,0.583333333333333,0,0.0833333333333333,0.916666666666667
"2019-04-21","新発田市議会議員選挙","新発田市","新潟県",1,0,0,27,61,43,21,4,0.2,0.36,0.08,0.12,0.76
"2019-04-21","新篠津村議会議員選挙","新篠津村","北海道",1,0,0,10,61.5,46,8,0,0.25,0.125,0,0,1
"2019-04-21","日南市議会議員選挙","日南市","宮崎県",1,0,0,24,63,36,NA,NA,0.263157894736842,0.315789473684211,0.157894736842105,0.210526315789474,0.578947368421053
"2019-04-21","日南町議会議員選挙","日南町","鳥取県",1,0,0,11,62,49,10,0,0.3,0.3,0,0.2,0.8
"2019-04-21","日吉津村議会議員選挙","日吉津村","鳥取県",1,0,0,11,68.5,52,NA,NA,0.2,0.6,0,0.1,0.9
"2019-04-21","日吉津村長選挙","日吉津村","鳥取県",0,1,0,1,46,46,NA,NA,1,0,0,0,1
"2019-04-21","日向市議会議員選挙","日向市","宮崎県",1,0,0,22,64,37,NA,NA,0.2,0.4,0.1,0.1,0.7
"2019-04-21","日田市議会議員選挙","日田市","大分県",1,0,0,26,62.5,36,NA,NA,0.272727272727273,0.409090909090909,0.0909090909090909,0.0909090909090909,0.818181818181818
"2019-04-21","日立市議会議員選挙","日立市","茨城県",1,0,0,31,58,37,22,6,0.285714285714286,0.357142857142857,0.178571428571429,0.0714285714285714,0.678571428571429
"2019-04-21","日立市長選挙","日立市","茨城県",0,1,0,1,71,71,1,0,0,1,0,0,1
"2019-04-21","日進市議会議員選挙","日進市","愛知県",1,0,0,28,60,36,13,7,0.25,0.35,0.2,0.1,0.65
"2019-04-21","日進市長選挙","日進市","愛知県",0,1,0,2,49,49,1,0,1,0,0,0,1
"2019-04-21","日野町議会議員選挙","日野町","滋賀県",1,0,0,16,64,35,NA,NA,0.285714285714286,0.5,0.0714285714285714,0.142857142857143,0.785714285714286
"2019-04-21","日野町議会議員選挙","日野町","鳥取県",1,0,0,10,67,42,10,0,0.2,0.7,0,0.1,0.9
"2019-04-21","日高市議会議員選挙","日高市","埼玉県",1,0,0,18,60.5,36,14,2,0.3125,0.375,0.125,0.0625,0.8125
"2019-04-21","旭川市議会議員選挙","旭川市","北海道",1,0,0,38,58.5,30,27,7,0.235294117647059,0.264705882352941,0.323529411764706,0.117647058823529,0.441176470588235
"2019-04-21","明和町長選挙","明和町","群馬県",0,1,0,1,61,61,1,0,0,0,0,0,1
"2019-04-21","明石市議会議員選挙","明石市","兵庫県",1,0,0,39,56.5,34,21,9,0.3,0.133333333333333,0.366666666666667,0.0666666666666667,0.466666666666667
"2019-04-21","明石市長選挙","明石市","兵庫県",0,1,0,1,55,55,1,0,0,0,0,0,1
"2019-04-21","春日井市議会議員選挙","春日井市","愛知県",1,0,0,37,51,26,29,3,0.28125,0.15625,0.21875,0.125,0.65625
"2019-04-21","春日市議会議員選挙","春日市","福岡県",1,0,0,24,57,40,15,5,0.2,0.2,0.2,0.05,0.7
"2019-04-21","春日市長選挙","春日市","福岡県",0,1,0,2,68,68,1,0,0,1,0,0,1
"2019-04-21","昭和町議会議員選挙","昭和町","山梨県",1,0,0,17,66,45,13,1,0.285714285714286,0.571428571428571,0.0714285714285714,0,0.928571428571429
"2019-04-21","昭島市議会議員選挙","昭島市","東京都",1,0,0,24,50,37,17,5,0.272727272727273,0.227272727272727,0.454545454545455,0.181818181818182,0.136363636363636
"2019-04-21","時津町議会議員選挙","時津町","長崎県",1,0,0,17,63,46,14,2,0.125,0.4375,0.3125,0.0625,0.5625
"2019-04-21","更別村議会議員選挙","更別村","北海道",1,0,0,9,66,37,7,1,0.25,0.625,0,0,1
"2019-04-21","更別村長選挙","更別村","北海道",0,1,0,1,65,65,1,0,0,1,0,0,1
"2019-04-21","曽爾村議会議員選挙","曽爾村","奈良県",1,0,0,9,69.5,45,8,0,0.5,0.875,0,0,1
"2019-04-21","月形町議会議員選挙","月形町","北海道",1,0,0,9,60.5,52,7,1,0,0.25,0,0,1
"2019-04-21","朝倉市議会議員選挙","朝倉市","福岡県",1,0,0,24,62.5,55,15,3,0.333333333333333,0.388888888888889,0.0555555555555556,0,0.944444444444444
"2019-04-21","朝日村議会議員選挙","朝日村","長野県",1,0,0,10,69,36,NA,NA,0.2,0.8,0,0.1,0.9
"2019-04-21","朝日村長選挙","朝日村","長野県",0,1,0,2,66,66,1,0,1,1,0,0,1
"2019-04-21","朝日町議会議員選挙","朝日町","三重県",1,0,0,13,65,35,10,1,0.363636363636364,0.545454545454545,0,0,1
"2019-04-21","朝日町議会議員選挙","朝日町","山形県",1,0,0,14,64.5,36,11,1,0.166666666666667,0.5,0.0833333333333333,0.0833333333333333,0.833333333333333
"2019-04-21","朝日町長選挙","朝日町","三重県",0,1,0,3,68,68,1,0,1,1,0,0,1
"2019-04-21","木古内町議会議員選挙","木古内町","北海道",1,0,0,11,60,39,10,0,0.2,0.4,0.1,0.1,0.8
"2019-04-21","木城町議会議員選挙","木城町","宮崎県",1,0,0,14,64.5,42,NA,NA,0.3,0.5,0,0,1
"2019-04-21","木城町長選挙","木城町","宮崎県",0,1,0,1,65,65,1,0,0,1,0,0,1
"2019-04-21","木島平村議会議員選挙","木島平村","長野県",1,0,0,12,65,56,9,1,0.5,0.7,0,0.1,0.9
"2019-04-21","木更津市議会議員選挙","木更津市","千葉県",1,0,0,28,61,39,17,7,0.166666666666667,0.25,0.375,0.0416666666666667,0.5
"2019-04-21","木津川市議会議員選挙","木津川市","京都府",1,0,0,26,61.5,37,14,6,0.2,0.3,0.1,0.15,0.7
"2019-04-21","木津川市長選挙","木津川市","京都府",0,1,0,2,63,63,0,1,0,0,0,0,1
"2019-04-21","木祖村議会議員選挙","木祖村","長野県",1,0,0,12,66,62,8,2,0.5,0.7,0,0,1
"2019-04-21","杉並区議会議員選挙","杉並区","東京都",1,0,0,70,49.5,27,33,15,0.208333333333333,0.125,0.458333333333333,0.125,0.208333333333333
"2019-04-21","東かがわ市議会議員選挙","東かがわ市","香川県",1,0,0,23,63,44,NA,NA,0.333333333333333,0.444444444444444,0.222222222222222,0.0555555555555556,0.666666666666667
"2019-04-21","東かがわ市長選挙","東かがわ市","香川県",0,1,0,4,38,38,NA,NA,1,0,0,0,1
"2019-04-21","東串良町議会議員選挙","東串良町","鹿児島県",1,0,0,12,68,37,8,2,0.1,0.8,0,0.1,0.9
"2019-04-21","東久留米市議会議員選挙","東久留米市","東京都",1,0,0,27,51,27,17,5,0.227272727272727,0.0454545454545455,0.409090909090909,0.227272727272727,0.272727272727273
"2019-04-21","東伊豆町議会議員選挙","東伊豆町","静岡県",1,0,0,12,67,41,NA,NA,0.0833333333333333,0.5,0.0833333333333333,0.0833333333333333,0.833333333333333
"2019-04-21","東吾妻町議会議員選挙","東吾妻町","群馬県",1,0,0,15,64,32,12,2,0.285714285714286,0.428571428571429,0.0714285714285714,0,0.928571428571429
"2019-04-21","東員町議会議員補欠選挙","東員町","三重県",1,0,1,3,62.5,59,2,0,1,0.5,0,0,1
"2019-04-21","東員町長選挙","東員町","三重県",0,1,0,1,67,67,1,0,0,1,0,0,1
"2019-04-21","東大和市議会議員選挙","東大和市","東京都",1,0,0,25,53.5,38,17,5,0.136363636363636,0.0909090909090909,0.318181818181818,0.136363636363636,0.409090909090909
"2019-04-21","東大和市長選挙","東大和市","東京都",0,1,0,2,69,69,1,0,0,1,0,0,1
"2019-04-21","東広島市議会議員選挙","東広島市","広島県",1,0,0,36,60,31,25,5,0.2,0.3,0.1,0.0666666666666667,0.833333333333333
"2019-04-21","東彼杵町議会議員選挙","東彼杵町","長崎県",1,0,0,14,67,37,10,1,0.272727272727273,0.727272727272727,0,0,1
"2019-04-21","東彼杵町長選挙","東彼杵町","長崎県",0,1,0,2,65,65,1,0,1,1,0,0,1
"2019-04-21","東成瀬村議会議員選挙","東成瀬村","秋田県",1,0,0,10,67.5,52,NA,NA,0.1,0.6,0.1,0.1,0.8
"2019-04-21","東村山市議会議員選挙","東村山市","東京都",1,0,0,31,52,33,13,12,0.32,0.04,0.32,0.2,0.32
"2019-04-21","東村山市長選挙","東村山市","東京都",0,1,0,2,57,57,1,0,0,0,0,0,1
"2019-04-21","東村長選挙","東村","沖縄県",0,1,0,2,70,70,1,0,1,1,0,0,1
"2019-04-21","東松山市議会議員選挙","東松山市","埼玉県",1,0,0,23,59,33,18,3,0.0952380952380952,0.142857142857143,0.0952380952380952,0.142857142857143,0.761904761904762
"2019-04-21","東栄町議会議員選挙","東栄町","愛知県",1,0,0,9,65,35,6,2,0.25,0.5,0,0.125,0.875
"2019-04-21","東栄町長選挙","東栄町","愛知県",0,1,0,2,61,61,1,0,0,0,0,0,1
"2019-04-21","東洋町長選挙","東洋町","高知県",0,1,0,4,61,61,1,0,0,0,0,0,1
"2019-04-21","東浦町議会議員選挙","東浦町","愛知県",1,0,0,23,62.5,36,NA,NA,0.25,0.375,0.125,0.0625,0.8125
"2019-04-21","東神楽町議会議員選挙","東神楽町","北海道",1,0,0,13,64,52,10,2,0.166666666666667,0.5,0.0833333333333333,0.0833333333333333,0.833333333333333
"2019-04-21","東通村議会議員選挙","東通村","青森県",1,0,0,15,68,46,14,0,0.0714285714285714,0.571428571428571,0.214285714285714,0,0.785714285714286
"2019-04-21","東郷町議会議員選挙","東郷町","愛知県",1,0,0,24,61,33,13,3,0.3125,0.3125,0.0625,0.0625,0.75
"2019-04-21","杵築市議会議員選挙","杵築市","大分県",1,0,0,21,59.5,41,18,0,0.277777777777778,0.388888888888889,0.0555555555555556,0.0555555555555556,0.888888888888889
"2019-04-21","松崎町議会議員選挙","松崎町","静岡県",1,0,0,12,58.5,40,NA,NA,0.375,0.5,0,0,1
"2019-04-21","松川町長選挙","松川町","長野県",0,1,0,3,39,39,1,0,1,0,0,0,1
"2019-04-21","松本市議会議員選挙","松本市","長野県",1,0,0,42,60,29,20,11,0.290322580645161,0.354838709677419,0.129032258064516,0.129032258064516,0.709677419354839
"2019-04-21","松茂町議会議員選挙","松茂町","徳島県",1,0,0,13,66.5,59,11,1,0.166666666666667,0.666666666666667,0,0,1
"2019-04-21","板倉町議会議員選挙","板倉町","群馬県",1,0,0,13,68,46,11,1,0,0.75,0.0833333333333333,0,0.916666666666667
"2019-04-21","板柳町議会議員補欠選挙","板柳町","青森県",1,0,1,1,62,62,1,0,1,0,0,0,1
"2019-04-21","板柳町長選挙","板柳町","青森県",0,1,0,2,66,66,1,0,0,1,0,0,1
"2019-04-21","板橋区議会議員選挙","板橋区","東京都",1,0,0,56,48.5,31,NA,NA,0.260869565217391,0.0652173913043478,0.58695652173913,0.217391304347826,0.0869565217391304
"2019-04-21","板橋区長選挙","板橋区","東京都",0,1,0,2,59,59,1,0,0,0,0,0,1
"2019-04-21","枕崎市議会議員選挙","枕崎市","鹿児島県",1,0,0,14,61.5,46,11,3,0.214285714285714,0.5,0.0714285714285714,0.0714285714285714,0.857142857142857
"2019-04-21","枚方市議会議員選挙","枚方市","大阪府",1,0,0,48,52.5,35,22,10,0.3125,0.0625,0.375,0.125,0.21875
"2019-04-21","柏崎市議会議員選挙","柏崎市","新潟県",1,0,0,29,57,35,NA,NA,0.230769230769231,0.153846153846154,0.0769230769230769,0.0769230769230769,0.846153846153846
"2019-04-21","栗山町議会議員選挙","栗山町","北海道",1,0,0,12,64.5,45,11,1,0.25,0.5,0.0833333333333333,0.0833333333333333,0.833333333333333
"2019-04-21","栗東市議会議員選挙","栗東市","滋賀県",1,0,0,19,53.5,40,14,4,0.333333333333333,0.222222222222222,0.111111111111111,0.111111111111111,0.777777777777778
"2019-04-21","根羽村議会議員選挙","根羽村","長野県",1,0,0,8,62.5,49,7,1,0.25,0.375,0,0,1
"2019-04-21","根羽村長選挙","根羽村","長野県",0,1,0,2,61,61,1,0,0,0,0,0,1
"2019-04-21","桐生市議会議員選挙","桐生市","群馬県",1,0,0,26,56.5,29,21,1,0.181818181818182,0.409090909090909,0.0909090909090909,0.0909090909090909,0.772727272727273
"2019-04-21","桐生市長選挙","桐生市","群馬県",0,1,0,2,60,60,1,0,1,0,0,0,1
"2019-04-21","桜井市議会議員選挙","桜井市","奈良県",1,0,0,20,51,44,NA,NA,0.125,0.25,0.3125,0.0625,0.5625
"2019-04-21","梼原町議会議員選挙","梼原町","高知県",1,0,0,10,64.5,49,8,0,0.25,0.5,0,0,1
"2019-04-21","森町議会議員選挙","森町","北海道",1,0,0,16,67.5,46,13,3,0.25,0.625,0.0625,0.0625,0.875
"2019-04-21","椎葉村議会議員選挙","椎葉村","宮崎県",1,0,0,11,64.5,57,10,0,0.4,0.5,0,0,1
"2019-04-21","榛東村長選挙","榛東村","群馬県",0,1,0,3,72,72,1,0,0,1,0,0,1
"2019-04-21","様似町議会議員選挙","様似町","北海道",1,0,0,11,68,57,9,1,0.2,0.8,0,0.1,0.9
"2019-04-21","標津町議会議員選挙","標津町","北海道",1,0,0,10,71,65,10,0,0,1,0,0.1,0.8
"2019-04-21","標茶町議会議員選挙","標茶町","北海道",1,0,0,15,68,45,11,2,0.153846153846154,0.769230769230769,0.0769230769230769,0.153846153846154,0.769230769230769
"2019-04-21","横浜町議会議員選挙","横浜町","青森県",1,0,0,10,67.5,45,10,0,0.2,0.6,0,0.1,0.9
"2019-04-21","横瀬町議会議員選挙","横瀬町","埼玉県",1,0,0,12,62,37,10,2,0,0.416666666666667,0.0833333333333333,0.0833333333333333,0.75
"2019-04-21","横芝光町議会議員選挙","横芝光町","千葉県",1,0,0,17,66,41,14,2,0.1875,0.5625,0.0625,0.0625,0.875
"2019-04-21","横須賀市議会議員選挙","横須賀市","神奈川県",1,0,0,50,53,25,36,4,0.15,0.075,0.45,0.075,0.425
"2019-04-21","橋本市議会議員選挙","橋本市","和歌山県",1,0,0,22,58.5,32,15,3,0.166666666666667,0.277777777777778,0.166666666666667,0.111111111111111,0.722222222222222
"2019-04-21","檜原村議会議員選挙","檜原村","東京都",1,0,0,12,66,42,NA,NA,0.222222222222222,0.666666666666667,0.111111111111111,0,0.888888888888889
"2019-04-21","檜原村長選挙","檜原村","東京都",0,1,0,1,74,74,NA,NA,0,1,0,0,1
"2019-04-21","檜枝岐村議会議員選挙","檜枝岐村","福島県",1,0,0,8,63.5,41,8,0,0.25,0.5,0,0,1
"2019-04-21","檜枝岐村長選挙","檜枝岐村","福島県",0,1,0,1,63,63,1,0,1,0,0,0,1
"2019-04-21","歌志内市議会議員選挙","歌志内市","北海道",1,0,0,8,60.5,36,6,2,0.25,0.25,0.125,0.125,0.625
"2019-04-21","武蔵村山市議会議員選挙","武蔵村山市","東京都",1,0,0,22,49.5,36,17,3,0.25,0.2,0.3,0.15,0.45
"2019-04-21","武蔵野市議会議員選挙","武蔵野市","東京都",1,0,0,37,57,30,14,12,0.153846153846154,0.0769230769230769,0.269230769230769,0.0769230769230769,0.423076923076923
"2019-04-21","武豊町議会議員選挙","武豊町","愛知県",1,0,0,17,60,48,13,3,0.125,0.375,0.125,0.125,0.75
"2019-04-21","比布町議会議員選挙","比布町","北海道",1,0,0,12,56,40,7,2,0.111111111111111,0.333333333333333,0,0.111111111111111,0.888888888888889
"2019-04-21","毛呂山町議会議員選挙","毛呂山町","埼玉県",1,0,0,16,62.5,39,12,2,0.0714285714285714,0.428571428571429,0.142857142857143,0.142857142857143,0.714285714285714
"2019-04-21","毛呂山町長選挙","毛呂山町","埼玉県",0,1,0,2,60,60,1,0,0,0,0,0,1
"2019-04-21","水上村議会議員選挙","水上村","熊本県",1,0,0,10,56,47,10,0,0.1,0.4,0,0,1
"2019-04-21","水上村長選挙","水上村","熊本県",0,1,0,1,64,64,1,0,0,0,0,0,1
"2019-04-21","水俣市議会議員選挙","水俣市","熊本県",1,0,0,19,55,35,12,4,0.25,0.375,0.125,0.125,0.75
"2019-04-21","水巻町議会議員選挙","水巻町","福岡県",1,0,0,19,66,44,11,3,0.214285714285714,0.571428571428571,0.214285714285714,0.142857142857143,0.642857142857143
"2019-04-21","水戸市議会議員選挙","水戸市","茨城県",1,0,0,35,58.5,32,24,4,0.178571428571429,0.428571428571429,0.285714285714286,0.142857142857143,0.5
"2019-04-21","水戸市長選挙","水戸市","茨城県",0,1,0,2,53,53,1,0,0,0,0,0,1
"2019-04-21","江別市議会議員選挙","江別市","北海道",1,0,0,29,59,35,13,12,0.28,0.16,0.28,0.12,0.48
"2019-04-21","江別市長選挙","江別市","北海道",0,1,0,2,70,70,1,0,0,1,0,0,1
"2019-04-21","江北町議会議員選挙","江北町","佐賀県",1,0,0,12,64,40,9,1,0.2,0.5,0,0,1
"2019-04-21","江南市議会議員選挙","江南市","愛知県",1,0,0,28,57.5,36,20,2,0.363636363636364,0.272727272727273,0.136363636363636,0.136363636363636,0.727272727272727
"2019-04-21","江南市長選挙","江南市","愛知県",0,1,0,1,64,64,1,0,0,0,0,0,1
"2019-04-21","江戸川区議会議員選挙","江戸川区","東京都",1,0,0,58,55.5,27,32,12,0.136363636363636,0.181818181818182,0.613636363636364,0.0909090909090909,0.113636363636364
"2019-04-21","江戸川区長選挙","江戸川区","東京都",0,1,0,3,56,56,1,0,1,0,0,0,1
"2019-04-21","江東区議会議員選挙","江東区","東京都",1,0,0,57,57,30,31,13,0.159090909090909,0.181818181818182,0.522727272727273,0.0681818181818182,0.159090909090909
"2019-04-21","江東区長選挙","江東区","東京都",0,1,0,3,75,75,1,0,0,1,0,0,1
"2019-04-21","池田市議会議員選挙","池田市","大阪府",1,0,0,29,57,35,20,2,0.227272727272727,0.318181818181818,0.272727272727273,0.136363636363636,0.454545454545455
"2019-04-21","池田市長選挙","池田市","大阪府",0,1,0,2,42,42,1,0,1,0,0,0,0
"2019-04-21","池田町議会議員選挙","池田町","北海道",1,0,0,13,67,32,12,0,0.25,0.583333333333333,0,0.0833333333333333,0.916666666666667
"2019-04-21","池田町議会議員選挙","池田町","福井県",1,0,0,11,66.5,32,NA,NA,0.375,0.625,0,0.125,0.875
"2019-04-21","池田町議会議員選挙","池田町","長野県",1,0,0,12,68,48,NA,NA,0.25,0.583333333333333,0,0.166666666666667,0.75
"2019-04-21","河北町議会議員選挙","河北町","山形県",1,0,0,16,68.5,27,NA,NA,0.0714285714285714,0.642857142857143,0.0714285714285714,0.142857142857143,0.785714285714286
"2019-04-21","河合町議会議員選挙","河合町","奈良県",1,0,0,14,62,42,11,2,0.538461538461538,0.307692307692308,0.0769230769230769,0.153846153846154,0.769230769230769
"2019-04-21","河合町長選挙","河合町","奈良県",0,1,0,4,65,65,1,0,1,1,0,0,1
"2019-04-21","沼津市議会議員選挙","沼津市","静岡県",1,0,0,36,55,33,NA,NA,0.285714285714286,0.285714285714286,0.25,0.0714285714285714,0.607142857142857
"2019-04-21","沼田市議会議員選挙","沼田市","群馬県",1,0,0,21,59.5,42,19,1,0.15,0.3,0.05,0.1,0.85
"2019-04-21","沼田町議会議員選挙","沼田町","北海道",1,0,0,10,59.5,45,10,0,0.4,0.2,0,0.1,0.9
"2019-04-21","沼田町長選挙","沼田町","北海道",0,1,0,1,55,55,1,0,1,0,0,0,1
"2019-04-21","泉佐野市長選挙","泉佐野市","大阪府",0,1,0,2,45,45,1,0,0,0,0,0,1
"2019-04-21","泉大津市議会議員選挙","泉大津市","大阪府",1,0,0,22,58.5,40,NA,NA,0.125,0.25,0.1875,0.125,0.5
"2019-04-21","泊村議会議員選挙","泊村","北海道",1,0,0,13,64,55,8,0,0.5,0.5,0,0,1
"2019-04-21","泰阜村議会議員選挙","泰阜村","長野県",1,0,0,10,70,44,9,0,0.333333333333333,0.666666666666667,0,0,1
"2019-04-21","洞爺湖町議会議員選挙","洞爺湖町","北海道",1,0,0,15,61.5,58,9,3,0.166666666666667,0.416666666666667,0.166666666666667,0.166666666666667,0.666666666666667
"2019-04-21","津久見市議会議員選挙","津久見市","大分県",1,0,0,14,60.5,40,NA,NA,0.285714285714286,0.285714285714286,0.0714285714285714,0.0714285714285714,0.857142857142857
"2019-04-21","津奈木町議会議員選挙","津奈木町","熊本県",1,0,0,9,61,52,NA,NA,0.111111111111111,0.333333333333333,0,0,1
"2019-04-21","津山市議会議員選挙","津山市","岡山県",1,0,0,32,63,40,26,2,0.214285714285714,0.357142857142857,0.107142857142857,0.0714285714285714,0.75
"2019-04-21","津島市議会議員選挙","津島市","愛知県",1,0,0,24,61.5,25,15,3,0.166666666666667,0.333333333333333,0.111111111111111,0.111111111111111,0.666666666666667
"2019-04-21","津市議会議員補欠選挙","津市","三重県",1,0,1,8,54,49,1,1,1,0,0,0,1
"2019-04-21","津市長選挙","津市","三重県",0,1,0,1,57,57,1,0,0,0,0,0,1
"2019-04-21","津幡町議会議員選挙","津幡町","石川県",1,0,0,17,67,46,NA,NA,0.0625,0.6875,0.125,0.0625,0.8125
"2019-04-21","流山市議会議員選挙","流山市","千葉県",1,0,0,30,53.5,30,22,6,0.142857142857143,0.178571428571429,0.392857142857143,0.178571428571429,0.321428571428571
"2019-04-21","流山市長選挙","流山市","千葉県",0,1,0,2,65,65,NA,NA,0,1,0,0,1
"2019-04-21","浜中町議会議員選挙","浜中町","北海道",1,0,0,10,69,64,10,0,0.1,0.8,0.1,0.1,0.7
"2019-04-21","浜頓別町議会議員選挙","浜頓別町","北海道",1,0,0,10,68,54,9,1,0.3,0.6,0,0.1,0.9
"2019-04-21","浦安市議会議員選挙","浦安市","千葉県",1,0,0,26,48,33,NA,NA,0.285714285714286,0.142857142857143,0.238095238095238,0.0476190476190476,0.571428571428571
"2019-04-21","浦幌町議会議員選挙","浦幌町","北海道",1,0,0,14,68,25,10,1,0.363636363636364,0.545454545454545,0,0,1
"2019-04-21","浦幌町長選挙","浦幌町","北海道",0,1,0,1,70,70,1,0,0,1,0,0,1
"2019-04-21","浦河町議会議員選挙","浦河町","北海道",1,0,0,17,66,52,13,3,0.125,0.5625,0.0625,0.0625,0.8125
"2019-04-21","浦臼町議会議員選挙","浦臼町","北海道",1,0,0,9,63,53,8,1,0.111111111111111,0.333333333333333,0,0.111111111111111,0.888888888888889
"2019-04-21","海士町議会議員選挙","海士町","島根県",1,0,0,11,67,48,9,1,0.5,0.6,0,0,1
"2019-04-21","深浦町議会議員選挙","深浦町","青森県",1,0,0,14,68.5,53,12,0,0.25,0.666666666666667,0,0,1
"2019-04-21","深谷市議会議員選挙","深谷市","埼玉県",1,0,0,31,67,41,20,4,0.125,0.541666666666667,0.125,0.0833333333333333,0.791666666666667
"2019-04-21","清水町議会議員選挙","清水町","静岡県",1,0,0,15,62,41,NA,NA,0.285714285714286,0.357142857142857,0.0714285714285714,0.142857142857143,0.785714285714286
"2019-04-21","清水町長選挙","清水町","静岡県",0,1,0,2,65,65,NA,NA,1,1,0,0,1
"2019-04-21","清瀬市議会議員選挙","清瀬市","東京都",1,0,0,25,53.5,33,11,9,0.25,0.1,0.25,0.25,0.35
"2019-04-21","清瀬市長選挙","清瀬市","東京都",0,1,0,3,67,67,1,0,0,1,0,0,1
"2019-04-21","清里町議会議員選挙","清里町","北海道",1,0,0,10,65,46,9,0,0.222222222222222,0.555555555555556,0,0,0.888888888888889
"2019-04-21","清里町長選挙","清里町","北海道",0,1,0,1,70,70,1,0,0,1,0,0,1
"2019-04-21","渋谷区議会議員選挙","渋谷区","東京都",1,0,0,55,53.5,26,23,11,0.264705882352941,0.147058823529412,0.411764705882353,0.117647058823529,0.264705882352941
"2019-04-21","渋谷区長選挙","渋谷区","東京都",0,1,0,2,47,47,1,0,0,0,0,0,1
"2019-04-21","港区議会議員選挙","港区","東京都",1,0,0,54,49.5,29,21,13,0.147058823529412,0.147058823529412,0.470588235294118,0.117647058823529,0.176470588235294
"2019-04-21","湖西市議会議員選挙","湖西市","静岡県",1,0,0,20,68,42,14,4,0.222222222222222,0.722222222222222,0.0555555555555556,0.0555555555555556,0.833333333333333
"2019-04-21","湯前町長選挙","湯前町","熊本県",0,1,0,1,63,63,1,0,1,0,0,0,1
"2019-04-21","湯沢町議会議員選挙","湯沢町","新潟県",1,0,0,12,65,52,NA,NA,0.25,0.5,0,0.0833333333333333,0.916666666666667
"2019-04-21","湯河原町長選挙","湯河原町","神奈川県",0,1,0,2,61,61,1,0,0,0,0,0,1
"2019-04-21","湯浅町議会議員選挙","湯浅町","和歌山県",1,0,0,13,66,34,9,1,0.3,0.6,0.1,0.1,0.8
"2019-04-21","滑川町議会議員選挙","滑川町","埼玉県",1,0,0,15,67.5,43,12,2,0.0714285714285714,0.714285714285714,0,0.0714285714285714,0.928571428571429
"2019-04-21","滝上町議会議員選挙","滝上町","北海道",1,0,0,11,65,43,8,1,0.444444444444444,0.555555555555556,0,0,1
"2019-04-21","滝上町長選挙","滝上町","北海道",0,1,0,1,67,67,1,0,0,1,0,0,1
"2019-04-21","滝川市議会議員選挙","滝川市","北海道",1,0,0,17,62.5,50,14,2,0.125,0.4375,0.125,0.0625,0.6875
"2019-04-21","滝川市長選挙","滝川市","北海道",0,1,0,1,64,64,1,0,0,0,0,0,1
"2019-04-21","瀬戸市議会議員選挙","瀬戸市","愛知県",1,0,0,32,57,37,22,4,0.153846153846154,0.230769230769231,0.230769230769231,0.115384615384615,0.615384615384615
"2019-04-21","瀬戸市長選挙","瀬戸市","愛知県",0,1,0,3,72,72,1,0,0,1,0,0,1
"2019-04-21","熊取町議会議員選挙","熊取町","大阪府",1,0,0,16,57.5,36,10,4,0.214285714285714,0.285714285714286,0.214285714285714,0.214285714285714,0.5
"2019-04-21","熊谷市議会議員選挙","熊谷市","埼玉県",1,0,0,33,58,29,24,6,0.2,0.233333333333333,0.133333333333333,0.1,0.7
"2019-04-21","熊野町議会議員選挙","熊野町","広島県",1,0,0,17,60,41,14,2,0.25,0.375,0.0625,0,0.9375
"2019-04-21","熱海市議会議員選挙","熱海市","静岡県",1,0,0,18,59,48,NA,NA,0.133333333333333,0.333333333333333,0.666666666666667,0.0666666666666667,0.266666666666667
"2019-04-21","片品村議会議員選挙","片品村","群馬県",1,0,0,13,61.5,46,11,1,0.416666666666667,0.25,0,0,1
"2019-04-21","牛久市議会議員選挙","牛久市","茨城県",1,0,0,25,60,33,14,8,0.136363636363636,0.409090909090909,0.181818181818182,0.181818181818182,0.5
"2019-04-21","牟岐町議会議員選挙","牟岐町","徳島県",1,0,0,9,65,39,7,1,0.25,0.5,0.125,0.125,0.75
"2019-04-21","牟岐町長選挙","牟岐町","徳島県",0,1,0,2,53,53,1,0,1,0,0,0,1
"2019-04-21","犬山市議会議員選挙","犬山市","愛知県",1,0,0,22,57,37,18,2,0.3,0.25,0.1,0.15,0.7
"2019-04-21","狛江市議会議員選挙","狛江市","東京都",1,0,0,29,55.5,41,12,10,0.227272727272727,0.0909090909090909,0.409090909090909,0.227272727272727,0.227272727272727
"2019-04-21","狭山市議会議員選挙","狭山市","埼玉県",1,0,0,26,58,39,18,4,0.136363636363636,0.363636363636364,0.181818181818182,0.136363636363636,0.681818181818182
"2019-04-21","猿払村議会議員選挙","猿払村","北海道",1,0,0,8,65,55,8,0,0,0.625,0,0,1
"2019-04-21","玉川村長選挙","玉川村","福島県",0,1,0,1,68,68,1,0,0,1,0,0,1
"2019-04-21","玉東町議会議員選挙","玉東町","熊本県",1,0,0,10,64,53,10,0,0.1,0.5,0,0,1
"2019-04-21","玉野市議会議員選挙","玉野市","岡山県",1,0,0,20,64,46,14,5,0.263157894736842,0.421052631578947,0.157894736842105,0.105263157894737,0.736842105263158
"2019-04-21","王寺町議会議員選挙","王寺町","奈良県",1,0,0,14,66.5,49,6,6,0.25,0.583333333333333,0.0833333333333333,0.166666666666667,0.75
"2019-04-21","玖珠町議会議員選挙","玖珠町","大分県",1,0,0,18,65,37,NA,NA,0.285714285714286,0.5,0.0714285714285714,0,0.857142857142857
"2019-04-21","珠洲市議会議員選挙","珠洲市","石川県",1,0,0,13,68.5,50,NA,NA,0.166666666666667,0.75,0.5,0,0.5
"2019-04-21","瑞穂市議会議員補欠選挙","瑞穂市","岐阜県",1,0,1,2,39,39,1,0,1,0,0,0,1
"2019-04-21","瑞穂市長選挙","瑞穂市","岐阜県",0,1,0,2,60,60,1,0,1,0,0,0,1
"2019-04-21","瑞穂町議会議員選挙","瑞穂町","東京都",1,0,0,19,63,55,13,3,0.1875,0.375,0.1875,0.0625,0.75
"2019-04-21","甘楽町議会議員選挙","甘楽町","群馬県",1,0,0,13,65.5,25,11,1,0.416666666666667,0.5,0,0.0833333333333333,0.916666666666667
"2019-04-21","生駒市議会議員選挙","生駒市","奈良県",1,0,0,35,54.5,29,NA,NA,0.25,0.25,0.208333333333333,0.0833333333333333,0.583333333333333
"2019-04-21","生駒市長選挙","生駒市","奈良県",0,1,0,2,45,45,NA,NA,0,0,0,0,1
"2019-04-21","産山村議会議員選挙","産山村","熊本県",1,0,0,9,67,45,7,1,0.375,0.625,0,0,1
"2019-04-21","田上町議会議員選挙","田上町","新潟県",1,0,0,15,66.5,34,12,2,0.142857142857143,0.642857142857143,0,0.0714285714285714,0.928571428571429
"2019-04-21","田原市長選挙","田原市","愛知県",0,1,0,1,70,70,1,0,0,1,0,0,1
"2019-04-21","田子町議会議員選挙","田子町","青森県",1,0,0,14,64,47,NA,NA,0.1,0.5,0,0,1
"2019-04-21","田尻町議会議員選挙","田尻町","大阪府",1,0,0,13,60,33,7,3,0.2,0.3,0.2,0.2,0.5
"2019-04-21","田川市議会議員選挙","田川市","福岡県",1,0,0,22,59.5,41,18,2,0.2,0.4,0.1,0.2,0.65
"2019-04-21","田川市長選挙","田川市","福岡県",0,1,0,2,62,62,1,0,0,0,0,0,1
"2019-04-21","田野町議会議員選挙","田野町","高知県",1,0,0,11,66,46,9,1,0.4,0.6,0,0.2,0.8
"2019-04-21","由仁町議会議員選挙","由仁町","北海道",1,0,0,11,67.5,59,10,0,0.1,0.6,0,0.1,0.9
"2019-04-21","由仁町長選挙","由仁町","北海道",0,1,0,2,62,62,1,0,0,0,0,0,1
"2019-04-21","甲府市議会議員選挙","甲府市","山梨県",1,0,0,40,58,36,28,4,0.09375,0.21875,0.15625,0.09375,0.75
"2019-04-21","留寿都村議会議員選挙","留寿都村","北海道",1,0,0,14,60,53,7,2,0.222222222222222,0.444444444444444,0,0.111111111111111,0.888888888888889
"2019-04-21","留萌市議会議員選挙","留萌市","北海道",1,0,0,16,61.5,41,8,6,0.285714285714286,0.285714285714286,0.142857142857143,0.0714285714285714,0.785714285714286
"2019-04-21","登別市議会議員選挙","登別市","北海道",1,0,0,21,56,32,16,3,0.210526315789474,0.105263157894737,0.157894736842105,0.105263157894737,0.631578947368421
"2019-04-21","白井市議会議員選挙","白井市","千葉県",1,0,0,23,61,39,13,8,0.142857142857143,0.333333333333333,0.19047619047619,0.0952380952380952,0.714285714285714
"2019-04-21","白井市長選挙","白井市","千葉県",0,1,0,1,59,59,1,0,0,0,0,0,1
"2019-04-21","白岡市議会議員選挙","白岡市","埼玉県",1,0,0,21,64,34,14,4,0.222222222222222,0.444444444444444,0.111111111111111,0.111111111111111,0.777777777777778
"2019-04-21","白川村議会議員選挙","白川村","岐阜県",1,0,0,7,60,51,6,1,0.285714285714286,0.285714285714286,0,0,1
"2019-04-21","白川村長選挙","白川村","岐阜県",0,1,0,1,65,65,1,0,0,1,0,0,1
"2019-04-21","白糠町議会議員選挙","白糠町","北海道",1,0,0,13,70,47,11,2,0.153846153846154,0.769230769230769,0.0769230769230769,0.0769230769230769,0.846153846153846
"2019-04-21","白鷹町議会議員選挙","白鷹町","山形県",1,0,0,18,59.5,47,11,1,0.333333333333333,0.333333333333333,0.0833333333333333,0,0.916666666666667
"2019-04-21","益城町議会議員選挙","益城町","熊本県",1,0,0,19,65.5,49,NA,NA,0.111111111111111,0.5,0.0555555555555556,0.0555555555555556,0.888888888888889
"2019-04-21","益子町議会議員選挙","益子町","栃木県",1,0,0,16,62.5,50,13,3,0.3125,0.375,0.0625,0,0.9375
"2019-04-21","目黒区議会議員選挙","目黒区","東京都",1,0,0,51,51,25,25,11,0.277777777777778,0.0277777777777778,0.444444444444444,0.138888888888889,0.194444444444444
"2019-04-21","直島町議会議員選挙","直島町","香川県",1,0,0,10,60,55,8,1,0.333333333333333,0.333333333333333,0,0,1
"2019-04-21","直方市議会議員選挙","直方市","福岡県",1,0,0,23,64,40,17,2,0.263157894736842,0.421052631578947,0.105263157894737,0.105263157894737,0.789473684210526
"2019-04-21","直方市長選挙","直方市","福岡県",0,1,0,2,67,67,1,0,1,1,0,0,1
"2019-04-21","相生市議会議員選挙","相生市","兵庫県",1,0,0,15,63.5,42,13,1,0.0714285714285714,0.428571428571429,0.142857142857143,0.0714285714285714,0.785714285714286
"2019-04-21","真岡市議会議員選挙","真岡市","栃木県",1,0,0,23,58,40,18,3,0.0952380952380952,0.333333333333333,0.0952380952380952,0.0476190476190476,0.857142857142857
"2019-04-21","真狩村議会議員選挙","真狩村","北海道",1,0,0,8,60,36,7,1,0.375,0.375,0,0,1
"2019-04-21","矢巾町議会議員選挙","矢巾町","岩手県",1,0,0,20,67,54,NA,NA,0.222222222222222,0.833333333333333,0.0555555555555556,0.111111111111111,0.833333333333333
"2019-04-21","矢巾町長選挙","矢巾町","岩手県",0,1,0,1,73,73,NA,NA,0,1,0,0,1
"2019-04-21","矢板市議会議員選挙","矢板市","栃木県",1,0,0,18,60,43,13,3,0.1875,0.25,0.0625,0,0.875
"2019-04-21","矢祭町議会議員補欠選挙","矢祭町","福島県",1,0,1,2,70,70,NA,NA,1,1,0,0.5,0.5
"2019-04-21","矢祭町長選挙","矢祭町","福島県",0,1,0,2,67,67,NA,NA,1,1,0,0,1
"2019-04-21","知多市議会議員選挙","知多市","愛知県",1,0,0,22,59,32,16,2,0.222222222222222,0.277777777777778,0.111111111111111,0.111111111111111,0.777777777777778
"2019-04-21","知夫村議会議員選挙","知夫村","島根県",1,0,0,9,66,43,7,1,0.375,0.5,0,0,1
"2019-04-21","石井町議会議員選挙","石井町","徳島県",1,0,0,16,66,42,NA,NA,0.142857142857143,0.571428571428571,0.0714285714285714,0.0714285714285714,0.857142857142857
"2019-04-21","石井町長選挙","石井町","徳島県",0,1,0,2,40,40,NA,NA,0,0,0,0,1
"2019-04-21","石岡市議会議員選挙","石岡市","茨城県",1,0,0,25,61,34,19,3,0.0909090909090909,0.363636363636364,0.0909090909090909,0.0454545454545455,0.818181818181818
"2019-04-21","砂川市議会議員選挙","砂川市","北海道",1,0,0,15,62,28,11,2,0.153846153846154,0.384615384615385,0.0769230769230769,0.0769230769230769,0.769230769230769
"2019-04-21","砂川市長選挙","砂川市","北海道",0,1,0,1,69,69,1,0,0,1,0,0,1
"2019-04-21","神山町議会議員補欠選挙","神山町","徳島県",1,0,1,1,68,68,NA,NA,1,1,0,0,1
"2019-04-21","神山町長選挙","神山町","徳島県",0,1,0,2,69,69,NA,NA,0,1,0,0,1
"2019-04-21","神川町議会議員選挙","神川町","埼玉県",1,0,0,14,62.5,47,9,3,0.25,0.333333333333333,0.0833333333333333,0.0833333333333333,0.833333333333333
"2019-04-21","神恵内村議会議員選挙","神恵内村","北海道",1,0,0,8,68,57,8,0,0,0.875,0,0,1
"2019-04-21","神戸町議会議員選挙","神戸町","岐阜県",1,0,0,11,65,38,9,1,0.1,0.6,0,0.1,0.9
"2019-04-21","神津島村議会議員選挙","神津島村","東京都",1,0,0,9,69,42,8,0,0.375,0.625,0,0,1
"2019-04-21","神流町長選挙","神流町","群馬県",0,1,0,1,64,64,1,0,0,0,0,0,1
"2019-04-21","福井市議会議員選挙","福井市","福井県",1,0,0,36,60,30,NA,NA,0.1875,0.21875,0.40625,0.0625,0.53125
"2019-04-21","福崎町議会議員補欠選挙","福崎町","兵庫県",1,0,1,2,66,66,NA,NA,1,1,0,0,1
"2019-04-21","福崎町長選挙","福崎町","兵庫県",0,1,0,1,63,63,1,0,1,0,0,0,1
"2019-04-21","福智町議会議員選挙","福智町","福岡県",1,0,0,20,65.5,41,16,2,0.166666666666667,0.611111111111111,0.0555555555555556,0.111111111111111,0.833333333333333
"2019-04-21","福生市議会議員選挙","福生市","東京都",1,0,0,23,53,34,17,2,0.315789473684211,0.263157894736842,0.210526315789474,0.105263157894737,0.578947368421053
"2019-04-21","福知山市議会議員選挙","福知山市","京都府",1,0,0,27,64,33,21,3,0.333333333333333,0.458333333333333,0.166666666666667,0.208333333333333,0.541666666666667
"2019-04-21","秋田市議会議員選挙","秋田市","秋田県",1,0,0,46,62,42,31,5,0.166666666666667,0.333333333333333,0.194444444444444,0.138888888888889,0.611111111111111
"2019-04-21","稚内市議会議員選挙","稚内市","北海道",1,0,0,19,60,39,14,4,0.166666666666667,0.277777777777778,0.166666666666667,0.111111111111111,0.666666666666667
"2019-04-21","稚内市長選挙","稚内市","北海道",0,1,0,3,69,69,1,0,0,1,0,0,1
"2019-04-21","稲城市議会議員選挙","稲城市","東京都",1,0,0,26,50.5,33,15,7,0.272727272727273,0.181818181818182,0.227272727272727,0.136363636363636,0.5
"2019-04-21","稲城市長選挙","稲城市","東京都",0,1,0,2,56,56,1,0,0,0,0,0,1
"2019-04-21","穴水町議会議員選挙","穴水町","石川県",1,0,0,11,71,49,9,1,0,0.8,0.2,0,0.8
"2019-04-21","立科町議会議員選挙","立科町","長野県",1,0,0,13,63,38,9,3,0.333333333333333,0.416666666666667,0.0833333333333333,0.0833333333333333,0.833333333333333
"2019-04-21","立科町長選挙","立科町","長野県",0,1,0,3,66,66,1,0,1,1,0,0,1
"2019-04-21","筑後市議会議員選挙","筑後市","福岡県",1,0,0,19,59,34,14,3,0.294117647058824,0.294117647058824,0.117647058823529,0.0588235294117647,0.823529411764706
"2019-04-21","筑紫野市議会議員選挙","筑紫野市","福岡県",1,0,0,27,65,30,19,3,0.227272727272727,0.5,0.136363636363636,0,0.772727272727273
"2019-04-21","筑西市議会議員選挙","筑西市","茨城県",1,0,0,25,65.5,36,22,2,0.0833333333333333,0.583333333333333,0.291666666666667,0.125,0.583333333333333
"2019-04-21","箕輪町議会議員選挙","箕輪町","長野県",1,0,0,15,69,43,13,2,0.266666666666667,0.666666666666667,0.0666666666666667,0.133333333333333,0.8
"2019-04-21","篠栗町議会議員選挙","篠栗町","福岡県",1,0,0,13,59.5,30,11,1,0.25,0.333333333333333,0.0833333333333333,0,0.833333333333333
"2019-04-21","米沢市議会議員選挙","米沢市","山形県",1,0,0,28,59,31,21,3,0.166666666666667,0.166666666666667,0.0833333333333333,0.0833333333333333,0.791666666666667
"2019-04-21","粟島浦村議会議員選挙","粟島浦村","新潟県",1,0,0,8,69,32,6,1,0.142857142857143,0.857142857142857,0,0,1
"2019-04-21","糸田町議会議員選挙","糸田町","福岡県",1,0,0,12,68.5,48,11,1,0,0.75,0.0833333333333333,0.0833333333333333,0.833333333333333
"2019-04-21","糸田町長選挙","糸田町","福岡県",0,1,0,2,67,67,1,0,1,1,0,0,1
"2019-04-21","紀美野町議会議員選挙","紀美野町","和歌山県",1,0,0,13,69,54,12,0,0.25,0.666666666666667,0.0833333333333333,0.166666666666667,0.75
"2019-04-21","結城市議会議員選挙","結城市","茨城県",1,0,0,18,63,44,NA,NA,0.222222222222222,0.388888888888889,0.0555555555555556,0.0555555555555556,0.888888888888889
"2019-04-21","網走市議会議員選挙","網走市","北海道",1,0,0,17,52.5,36,14,2,0.25,0.1875,0.1875,0.125,0.5
"2019-04-21","綾瀬市議会議員選挙","綾瀬市","神奈川県",1,0,0,25,55.5,31,14,6,0.1,0.2,0.3,0.1,0.5
"2019-04-21","綾町議会議員選挙","綾町","宮崎県",1,0,0,11,66.5,43,8,2,0.4,0.5,0,0.1,0.9
"2019-04-21","練馬区議会議員選挙","練馬区","東京都",1,0,0,62,50,27,36,14,0.16,0.12,0.56,0.1,0.06
"2019-04-21","置戸町議会議員選挙","置戸町","北海道",1,0,0,9,66.5,56,8,0,0,0.5,0,0,1
"2019-04-21","羅臼町議会議員選挙","羅臼町","北海道",1,0,0,10,68,52,10,0,0,0.9,0,0.1,0.9
"2019-04-21","羅臼町長選挙","羅臼町","北海道",0,1,0,1,55,55,1,0,0,0,0,0,1
"2019-04-21","美幌町議会議員選挙","美幌町","北海道",1,0,0,16,65,31,12,2,0.285714285714286,0.5,0.142857142857143,0.0714285714285714,0.642857142857143
"2019-04-21","美幌町長選挙","美幌町","北海道",0,1,0,2,64,64,1,0,1,0,0,0,1
"2019-04-21","美浜町議会議員選挙","美浜町","愛知県",1,0,0,16,60,51,12,2,0.214285714285714,0.357142857142857,0,0.142857142857143,0.857142857142857
"2019-04-21","美浜町長選挙","美浜町","愛知県",0,1,0,2,80,80,1,0,0,1,0,0,1
"2019-04-21","美浦村議会議員選挙","美浦村","茨城県",1,0,0,13,63.5,46,10,2,0.0833333333333333,0.5,0.166666666666667,0.0833333333333333,0.75
"2019-04-21","美浦村長選挙","美浦村","茨城県",0,1,0,1,71,71,1,0,0,1,0,0,1
"2019-04-21","美深町議会議員選挙","美深町","北海道",1,0,0,12,62,43,9,2,0.272727272727273,0.363636363636364,0,0.0909090909090909,0.909090909090909
"2019-04-21","美深町長選挙","美深町","北海道",0,1,0,1,73,73,1,0,0,1,0,0,1
"2019-04-21","美濃市議会議員選挙","美濃市","岐阜県",1,0,0,14,67,57,12,1,0.230769230769231,0.538461538461538,0.153846153846154,0.0769230769230769,0.769230769230769
"2019-04-21","美瑛町議会議員選挙","美瑛町","北海道",1,0,0,19,61.5,45,12,2,0.428571428571429,0.428571428571429,0,0.0714285714285714,0.928571428571429
"2019-04-21","美瑛町長選挙","美瑛町","北海道",0,1,0,4,51,51,1,0,1,0,0,0,1
"2019-04-21","美里町議会議員選挙","美里町","埼玉県",1,0,0,13,67,44,10,2,0.25,0.583333333333333,0.0833333333333333,0.0833333333333333,0.833333333333333
"2019-04-21","羽島市議会議員選挙","羽島市","岐阜県",1,0,0,19,63,31,NA,NA,0.222222222222222,0.388888888888889,0.222222222222222,0.0555555555555556,0.722222222222222
"2019-04-21","羽幌町議会議員選挙","羽幌町","北海道",1,0,0,12,65,39,10,1,0.181818181818182,0.545454545454545,0,0.0909090909090909,0.909090909090909
"2019-04-21","羽村市議会議員選挙","羽村市","東京都",1,0,0,23,60.5,47,15,3,0.111111111111111,0.444444444444444,0.222222222222222,0.111111111111111,0.555555555555556
"2019-04-21","羽生市議会議員選挙","羽生市","埼玉県",1,0,0,18,64.5,36,13,1,0.285714285714286,0.5,0.142857142857143,0.0714285714285714,0.714285714285714
"2019-04-21","習志野市議会議員選挙","習志野市","千葉県",1,0,0,37,57.5,32,25,5,0.0666666666666667,0.266666666666667,0.166666666666667,0.1,0.6
"2019-04-21","習志野市長選挙","習志野市","千葉県",0,1,0,2,46,46,1,0,0,0,0,0,1
"2019-04-21","興部町議会議員選挙","興部町","北海道",1,0,0,9,66,56,8,1,0.111111111111111,0.666666666666667,0,0,1
"2019-04-21","興部町長選挙","興部町","北海道",0,1,0,1,61,61,1,0,0,0,0,0,1
"2019-04-21","舟形町議会議員選挙","舟形町","山形県",1,0,0,10,63.5,46,NA,NA,0.2,0.5,0,0,1
"2019-04-21","舟橋村議会議員選挙","舟橋村","富山県",1,0,0,8,65,40,NA,NA,0.428571428571429,0.571428571428571,0.285714285714286,0,0.714285714285714
"2019-04-21","船橋市議会議員選挙","船橋市","千葉県",1,0,0,60,50.5,31,NA,NA,0.16,0.18,0.42,0.1,0.36
"2019-04-21","芦別市議会議員選挙","芦別市","北海道",1,0,0,14,52.5,36,12,0,0.25,0.333333333333333,0.0833333333333333,0.0833333333333333,0.75
"2019-04-21","芦屋市議会議員選挙","芦屋市","兵庫県",1,0,0,29,56,27,16,5,0.333333333333333,0.0476190476190476,0.333333333333333,0.142857142857143,0.333333333333333
"2019-04-21","芦屋市長選挙","芦屋市","兵庫県",0,1,0,2,49,49,0,1,1,0,0,0,1
"2019-04-21","芦屋町議会議員選挙","芦屋町","福岡県",1,0,0,17,65.5,45,11,1,0.416666666666667,0.583333333333333,0.0833333333333333,0.0833333333333333,0.833333333333333
"2019-04-21","芦屋町長選挙","芦屋町","福岡県",0,1,0,1,69,69,1,0,0,1,0,0,1
"2019-04-21","芳賀町議会議員選挙","芳賀町","栃木県",1,0,0,15,66.5,53,13,1,0.285714285714286,0.642857142857143,0.0714285714285714,0,0.928571428571429
"2019-04-21","芳賀町長選挙","芳賀町","栃木県",0,1,0,2,67,67,1,0,0,1,0,0,1
"2019-04-21","芽室町議会議員選挙","芽室町","北海道",1,0,0,18,58.5,43,13,3,0.25,0.1875,0.0625,0.125,0.8125
"2019-04-21","苫前町議会議員選挙","苫前町","北海道",1,0,0,8,64.5,43,7,1,0.125,0.5,0,0,1
"2019-04-21","苫前町長選挙","苫前町","北海道",0,1,0,1,64,64,1,0,1,0,0,0,1
"2019-04-21","苫小牧市議会議員選挙","苫小牧市","北海道",1,0,0,31,59,36,24,4,0.178571428571429,0.178571428571429,0.357142857142857,0.107142857142857,0.321428571428571
"2019-04-21","茂木町議会議員選挙","茂木町","栃木県",1,0,0,15,62,44,13,1,0.142857142857143,0.428571428571429,0,0,0.928571428571429
"2019-04-21","茅ヶ崎市議会議員選挙","茅ヶ崎市","神奈川県",1,0,0,35,57,37,19,9,0.178571428571429,0.178571428571429,0.285714285714286,0.0714285714285714,0.571428571428571
"2019-04-21","茅野市議会議員選挙","茅野市","長野県",1,0,0,19,61.5,48,15,3,0.444444444444444,0.333333333333333,0.0555555555555556,0.166666666666667,0.777777777777778
"2019-04-21","茅野市長選挙","茅野市","長野県",0,1,0,1,57,57,1,0,1,0,0,0,1
"2019-04-21","茨城町議会議員補欠選挙","茨城町","茨城県",1,0,1,2,71,71,1,0,0,1,0,0,1
"2019-04-21","茨城町長選挙","茨城町","茨城県",0,1,0,1,71,71,1,0,0,1,0,0,1
"2019-04-21","草津町議会議員選挙","草津町","群馬県",1,0,0,13,58.5,47,11,1,0.25,0.333333333333333,0.0833333333333333,0.0833333333333333,0.833333333333333
"2019-04-21","荒尾市議会議員選挙","荒尾市","熊本県",1,0,0,22,62,54,15,3,0.166666666666667,0.444444444444444,0.111111111111111,0.0555555555555556,0.611111111111111
"2019-04-21","荒川区議会議員選挙","荒川区","東京都",1,0,0,41,54,28,23,9,0.3125,0.28125,0.53125,0.1875,0.125
"2019-04-21","菊陽町議会議員選挙","菊陽町","熊本県",1,0,0,21,63.5,43,14,4,0.0555555555555556,0.444444444444444,0.0555555555555556,0.0555555555555556,0.888888888888889
"2019-04-21","葉山町議会議員選挙","葉山町","神奈川県",1,0,0,20,55,36,9,5,0.142857142857143,0.357142857142857,0.0714285714285714,0.142857142857143,0.642857142857143
"2019-04-21","蒲郡市議会議員選挙","蒲郡市","愛知県",1,0,0,22,60.5,32,19,1,0.15,0.2,0.4,0.05,0.55
"2019-04-21","蓬田村議会議員選挙","蓬田村","青森県",1,0,0,12,60,50,8,0,0.125,0.375,0,0.125,0.875
"2019-04-21","蓮田市議会議員選挙","蓮田市","埼玉県",1,0,0,25,55,31,14,6,0.4,0.3,0.15,0.15,0.65
"2019-04-21","藤井寺市議会議員選挙","藤井寺市","大阪府",1,0,0,22,54.5,34,11,3,0.428571428571429,0.0714285714285714,0.285714285714286,0.142857142857143,0.357142857142857
"2019-04-21","藤井寺市長選挙","藤井寺市","大阪府",0,1,0,3,53,53,1,0,1,0,0,0,1
"2019-04-21","藤岡市議会議員選挙","藤岡市","群馬県",1,0,0,19,57,36,NA,NA,0.0555555555555556,0.333333333333333,0.111111111111111,0.0555555555555556,0.777777777777778
"2019-04-21","藤沢市議会議員選挙","藤沢市","神奈川県",1,0,0,49,50,29,30,6,0.25,0.0833333333333333,0.361111111111111,0.111111111111111,0.388888888888889
"2019-04-21","蘭越町議会議員選挙","蘭越町","北海道",1,0,0,11,67.5,49,8,2,0.2,0.6,0,0.1,0.9
"2019-04-21","蟹江町議会議員選挙","蟹江町","愛知県",1,0,0,16,64.5,43,12,2,0.0714285714285714,0.5,0.0714285714285714,0.0714285714285714,0.785714285714286
"2019-04-21","行方市議会議員選挙","行方市","茨城県",1,0,0,21,61.5,40,17,1,0.166666666666667,0.388888888888889,0.0555555555555556,0,0.944444444444444
"2019-04-21","行田市議会議員選挙","行田市","埼玉県",1,0,0,25,59,27,17,3,0.4,0.25,0.15,0.1,0.75
"2019-04-21","行田市長選挙","行田市","埼玉県",0,1,0,2,75,75,1,0,1,1,0,0,1
"2019-04-21","西和賀町議会議員選挙","西和賀町","岩手県",1,0,0,12,67.5,52,11,1,0.0833333333333333,0.583333333333333,0,0.0833333333333333,0.916666666666667
"2019-04-21","西宮市議会議員選挙","西宮市","兵庫県",1,0,0,56,54,29,NA,NA,0.219512195121951,0.121951219512195,0.365853658536585,0.0975609756097561,0.317073170731707
"2019-04-21","西川町議会議員選挙","西川町","山形県",1,0,0,12,66.5,60,9,1,0.4,0.6,0,0.1,0.9
"2019-04-21","西目屋村議会議員選挙","西目屋村","青森県",1,0,0,7,67,49,5,1,0,0.666666666666667,0,0,1
"2019-04-21","西米良村議会議員選挙","西米良村","宮崎県",1,0,0,9,58.5,43,8,0,0.25,0.375,0,0,1
"2019-04-21","西粟倉村議会議員選挙","西粟倉村","岡山県",1,0,0,10,65,40,7,1,0.375,0.625,0,0,1
"2019-04-21","西興部村議会議員選挙","西興部村","北海道",1,0,0,9,64,47,6,2,0.375,0.375,0,0,1
"2019-04-21","訓子府町議会議員選挙","訓子府町","北海道",1,0,0,13,65,38,7,3,0.3,0.7,0,0.1,0.9
"2019-04-21","訓子府町長選挙","訓子府町","北海道",0,1,0,1,72,72,1,0,0,1,0,0,1
"2019-04-21","設楽町議会議員選挙","設楽町","愛知県",1,0,0,12,69.5,51,NA,NA,0.166666666666667,0.666666666666667,0,0.0833333333333333,0.916666666666667
"2019-04-21","調布市議会議員選挙","調布市","東京都",1,0,0,34,57,30,19,9,0.214285714285714,0.178571428571429,0.285714285714286,0.178571428571429,0.357142857142857
"2019-04-21","諏訪市議会議員選挙","諏訪市","長野県",1,0,0,16,61,47,10,5,0.4,0.4,0.0666666666666667,0.133333333333333,0.8
"2019-04-21","諏訪市長選挙","諏訪市","長野県",0,1,0,1,60,60,0,1,0,0,0,0,1
"2019-04-21","諸塚村議会議員選挙","諸塚村","宮崎県",1,0,0,9,66.5,61,NA,NA,0.375,0.75,0,0,1
"2019-04-21","諸塚村長選挙","諸塚村","宮崎県",0,1,0,1,68,68,NA,NA,0,1,0,0,1
"2019-04-21","豊丘村議会議員選挙","豊丘村","長野県",1,0,0,14,65,59,11,3,0.214285714285714,0.571428571428571,0.0714285714285714,0.142857142857143,0.785714285714286
"2019-04-21","豊丘村長選挙","豊丘村","長野県",0,1,0,1,64,64,1,0,0,0,0,0,1
"2019-04-21","豊中市議会議員選挙","豊中市","大阪府",1,0,0,45,51,37,27,7,0.176470588235294,0.0294117647058824,0.411764705882353,0.117647058823529,0.205882352941176
"2019-04-21","豊富町議会議員選挙","豊富町","北海道",1,0,0,13,65,47,10,0,0.2,0.5,0,0,1
"2019-04-21","豊富町長選挙","豊富町","北海道",0,1,0,2,60,60,1,0,1,0,0,0,1
"2019-04-21","豊山町議会議員選挙","豊山町","愛知県",1,0,0,15,59.5,32,8,2,0.3,0.3,0.1,0.1,0.7
"2019-04-21","豊島区議会議員選挙","豊島区","東京都",1,0,0,51,54.5,27,21,15,0.222222222222222,0.138888888888889,0.444444444444444,0.111111111111111,0.0833333333333333
"2019-04-21","豊島区長選挙","豊島区","東京都",0,1,0,4,81,81,1,0,0,1,0,0,1
"2019-04-21","豊川市議会議員選挙","豊川市","愛知県",1,0,0,34,58.5,40,23,7,0.166666666666667,0.3,0.166666666666667,0.0666666666666667,0.766666666666667
"2019-04-21","豊明市議会議員選挙","豊明市","愛知県",1,0,0,25,56.5,32,14,6,0.3,0.2,0.1,0.05,0.85
"2019-04-21","豊明市長選挙","豊明市","愛知県",0,1,0,1,50,50,1,0,0,0,0,0,1
"2019-04-21","豊橋市議会議員選挙","豊橋市","愛知県",1,0,0,41,55,35,30,6,0.194444444444444,0.166666666666667,0.555555555555556,0.0833333333333333,0.361111111111111
"2019-04-21","豊田市議会議員選挙","豊田市","愛知県",1,0,0,50,57,30,42,3,0.288888888888889,0.155555555555556,0.0888888888888889,0.0222222222222222,0.888888888888889
"2019-04-21","豊郷町議会議員補欠選挙","豊郷町","滋賀県",1,0,1,3,54.5,43,NA,NA,0.5,0.5,0,0.5,0.5
"2019-04-21","豊郷町長選挙","豊郷町","滋賀県",0,1,0,2,71,71,NA,NA,0,1,0,0,1
"2019-04-21","豊頃町議会議員選挙","豊頃町","北海道",1,0,0,9,67,50,9,0,0.111111111111111,0.555555555555556,0,0.111111111111111,0.888888888888889
"2019-04-21","貝塚市議会議員選挙","貝塚市","大阪府",1,0,0,19,61.5,34,17,1,0.0555555555555556,0.277777777777778,0.277777777777778,0.0555555555555556,0.444444444444444
"2019-04-21","赤井川村議会議員選挙","赤井川村","北海道",1,0,0,9,66.5,46,7,1,0.25,0.5,0,0,1
"2019-04-21","赤井川村長選挙","赤井川村","北海道",0,1,0,2,58,58,1,0,1,0,0,0,1
"2019-04-21","赤平市議会議員選挙","赤平市","北海道",1,0,0,11,64.5,43,9,1,0.3,0.5,0.1,0.1,0.6
"2019-04-21","赤平市長選挙","赤平市","北海道",0,1,0,2,51,51,1,0,1,0,0,0,1
"2019-04-21","越谷市議会議員選挙","越谷市","埼玉県",1,0,0,40,53,29,24,8,0.1875,0.1875,0.40625,0.125,0.25
"2019-04-21","足利市議会議員選挙","足利市","栃木県",1,0,0,26,58,33,18,6,0.0833333333333333,0.291666666666667,0.583333333333333,0.0833333333333333,0.291666666666667
"2019-04-21","足寄町議会議員選挙","足寄町","北海道",1,0,0,14,69,51,10,3,0.230769230769231,0.615384615384615,0.0769230769230769,0.0769230769230769,0.846153846153846
"2019-04-21","足寄町長選挙","足寄町","北海道",0,1,0,2,63,63,1,0,1,0,0,0,1
"2019-04-21","軽井沢町議会議員選挙","軽井沢町","長野県",1,0,0,17,61,45,NA,NA,0.333333333333333,0.4,0.133333333333333,0.0666666666666667,0.733333333333333
"2019-04-21","軽米町議会議員選挙","軽米町","岩手県",1,0,0,15,66,46,NA,NA,0.25,0.666666666666667,0,0.0833333333333333,0.916666666666667
"2019-04-21","輪島市議会議員選挙","輪島市","石川県",1,0,0,17,63,33,14,1,0.2,0.4,0.6,0.0666666666666667,0.333333333333333
"2019-04-21","辰野町議会議員選挙","辰野町","長野県",1,0,0,13,66,53,10,3,0.538461538461538,0.538461538461538,0.0769230769230769,0.153846153846154,0.769230769230769
"2019-04-21","近江八幡市議会議員選挙","近江八幡市","滋賀県",1,0,0,27,59.5,29,19,5,0.375,0.416666666666667,0.0833333333333333,0.125,0.791666666666667
"2019-04-21","遠別町議会議員選挙","遠別町","北海道",1,0,0,10,67,36,9,0,0.222222222222222,0.666666666666667,0,0.111111111111111,0.888888888888889
"2019-04-21","遠賀町議会議員選挙","遠賀町","福岡県",1,0,0,14,64,39,NA,NA,0.153846153846154,0.461538461538462,0.0769230769230769,0.0769230769230769,0.846153846153846
"2019-04-21","邑楽町議会議員選挙","邑楽町","群馬県",1,0,0,14,70.5,49,12,2,0.214285714285714,0.857142857142857,0.0714285714285714,0.0714285714285714,0.785714285714286
"2019-04-21","那賀町長選挙","那賀町","徳島県",0,1,0,1,70,70,NA,NA,0,1,0,0,1
"2019-04-21","那須塩原市議会議員補欠選挙","那須塩原市","栃木県",1,0,1,3,44,44,NA,NA,1,0,0,0,1
"2019-04-21","那須塩原市長選挙","那須塩原市","栃木県",0,1,0,2,36,36,1,0,1,0,0,0,1
"2019-04-21","都留市議会議員選挙","都留市","山梨県",1,0,0,19,65,35,15,1,0.125,0.5625,0.0625,0,0.9375
"2019-04-21","都農町議会議員選挙","都農町","宮崎県",1,0,0,10,59.5,44,10,0,0.1,0.2,0,0,1
"2019-04-21","酒々井町議会議員選挙","酒々井町","千葉県",1,0,0,20,69,44,12,4,0.25,0.6875,0.0625,0.125,0.75
"2019-04-21","里庄町議会議員選挙","里庄町","岡山県",1,0,0,11,66,55,8,2,0.1,0.5,0,0.1,0.9
"2019-04-21","野々市市議会議員選挙","野々市市","石川県",1,0,0,16,62,42,NA,NA,0.266666666666667,0.466666666666667,0.0666666666666667,0.0666666666666667,0.866666666666667
"2019-04-21","野々市市長選挙","野々市市","石川県",0,1,0,1,58,58,1,0,0,0,0,0,1
"2019-04-21","野木町議会議員選挙","野木町","栃木県",1,0,0,20,66.5,43,NA,NA,0.142857142857143,0.642857142857143,0.0714285714285714,0,0.928571428571429
"2019-04-21","野辺地町議会議員選挙","野辺地町","青森県",1,0,0,15,69.5,50,NA,NA,0.0833333333333333,0.833333333333333,0.0833333333333333,0,0.916666666666667
"2019-04-21","野迫川村議会議員選挙","野迫川村","奈良県",1,0,0,8,65,49,NA,NA,0.285714285714286,0.571428571428571,0,0,1
"2019-04-21","金山町議会議員選挙","金山町","山形県",1,0,0,10,65,46,9,1,0.2,0.5,0,0,1
"2019-04-21","金沢市議会議員選挙","金沢市","石川県",1,0,0,43,56.5,36,NA,NA,0.131578947368421,0.289473684210526,0.552631578947368,0.0789473684210526,0.315789473684211
"2019-04-21","釧路市議会議員選挙","釧路市","北海道",1,0,0,32,55,34,24,4,0.142857142857143,0.142857142857143,0.428571428571429,0.142857142857143,0.25
"2019-04-21","鈴鹿市議会議員選挙","鈴鹿市","三重県",1,0,0,35,58.5,27,30,2,0.25,0.25,0.3125,0.0625,0.5625
"2019-04-21","鈴鹿市長選挙","鈴鹿市","三重県",0,1,0,1,48,48,0,1,0,0,0,0,1
"2019-04-21","銚子市議会議員選挙","銚子市","千葉県",1,0,0,25,61,26,14,4,0.277777777777778,0.388888888888889,0.111111111111111,0.111111111111111,0.777777777777778
"2019-04-21","鋸南町議会議員選挙","鋸南町","千葉県",1,0,0,12,67,38,NA,NA,0.333333333333333,0.666666666666667,0,0.0833333333333333,0.916666666666667
"2019-04-21","鋸南町長選挙","鋸南町","千葉県",0,1,0,1,72,72,1,0,0,1,0,0,1
"2019-04-21","錦町議会議員選挙","錦町","熊本県",1,0,0,14,66,53,11,1,0.333333333333333,0.583333333333333,0,0,1
"2019-04-21","錦町長選挙","錦町","熊本県",0,1,0,3,71,71,1,0,0,1,0,0,1
"2019-04-21","鎌ケ谷市議会議員選挙","鎌ケ谷市","千葉県",1,0,0,29,56.5,26,NA,NA,0.375,0.166666666666667,0.25,0.0833333333333333,0.541666666666667
"2019-04-21","長万部町議会議員選挙","長万部町","北海道",1,0,0,11,64.5,42,9,1,0,0.5,0.1,0,0.9
"2019-04-21","長与町議会議員選挙","長与町","長崎県",1,0,0,16,61,45,NA,NA,0.1875,0.375,0.0625,0.125,0.6875
"2019-04-21","長久手市議会議員選挙","長久手市","愛知県",1,0,0,18,56.5,39,11,7,0.222222222222222,0.333333333333333,0.111111111111111,0.0555555555555556,0.833333333333333
"2019-04-21","長井市議会議員選挙","長井市","山形県",1,0,0,17,64,42,14,2,0.3125,0.3125,0.0625,0.0625,0.875
"2019-04-21","長南町議会議員選挙","長南町","千葉県",1,0,0,15,67,56,12,1,0.0769230769230769,0.538461538461538,0.0769230769230769,0.0769230769230769,0.846153846153846
"2019-04-21","長岡市議会議員選挙","長岡市","新潟県",1,0,0,41,60,28,NA,NA,0.147058823529412,0.382352941176471,0.0882352941176471,0.0588235294117647,0.852941176470588
"2019-04-21","長崎市議会議員選挙","長崎市","長崎県",1,0,0,45,58,31,36,4,0.2,0.3,0.325,0.125,0.4
"2019-04-21","長崎市長選挙","長崎市","長崎県",0,1,0,4,62,62,1,0,0,0,0,0,1
"2019-04-21","長瀞町議会議員選挙","長瀞町","埼玉県",1,0,0,11,70,40,9,1,0,0.9,0,0,1
"2019-04-21","長野原町議会議員選挙","長野原町","群馬県",1,0,0,10,60.5,44,NA,NA,0.4,0.4,0.1,0,0.9
"2019-04-21","門真市議会議員選挙","門真市","大阪府",1,0,0,24,53,29,NA,NA,0.4,0.05,0.5,0.1,0.15
"2019-04-21","開成町議会議員選挙","開成町","神奈川県",1,0,0,13,63,39,10,2,0.25,0.5,0.0833333333333333,0,0.916666666666667
"2019-04-21","開成町長選挙","開成町","神奈川県",0,1,0,2,63,63,1,0,0,0,0,0,1
"2019-04-21","関ケ原町議会議員選挙","関ケ原町","岐阜県",1,0,0,10,65,46,6,2,0.25,0.625,0,0.125,0.875
"2019-04-21","関市議会議員選挙","関市","岐阜県",1,0,0,29,63,48,22,1,0.217391304347826,0.391304347826087,0.217391304347826,0.0869565217391304,0.695652173913043
"2019-04-21","阿久根市議会議員選挙","阿久根市","鹿児島県",1,0,0,19,66,52,15,0,0.2,0.533333333333333,0,0,1
"2019-04-21","阿久比町議会議員選挙","阿久比町","愛知県",1,0,0,16,66,52,12,2,0.214285714285714,0.571428571428571,0.0714285714285714,0.0714285714285714,0.857142857142857
"2019-04-21","阿南町議会議員選挙","阿南町","長野県",1,0,0,14,70.5,60,12,0,0.166666666666667,0.75,0,0.166666666666667,0.833333333333333
"2019-04-21","陸別町議会議員選挙","陸別町","北海道",1,0,0,8,63,32,7,1,0.125,0.5,0,0.125,0.875
"2019-04-21","陸別町長選挙","陸別町","北海道",0,1,0,1,65,65,1,0,0,1,0,0,1
"2019-04-21","階上町議会議員選挙","階上町","青森県",1,0,0,17,64,48,NA,NA,0.142857142857143,0.5,0,0.0714285714285714,0.928571428571429
"2019-04-21","雄武町議会議員選挙","雄武町","北海道",1,0,0,12,65,37,9,1,0.3,0.5,0,0.1,0.9
"2019-04-21","雨竜町議会議員選挙","雨竜町","北海道",1,0,0,10,62,39,9,0,0.222222222222222,0.444444444444444,0,0,1
"2019-04-21","雨竜町長選挙","雨竜町","北海道",0,1,0,1,58,58,1,0,0,0,0,0,1
"2019-04-21","青梅市議会議員選挙","青梅市","東京都",1,0,0,31,60.5,41,19,5,0.166666666666667,0.291666666666667,0.333333333333333,0.125,0.416666666666667
"2019-04-21","鞍手町議会議員選挙","鞍手町","福岡県",1,0,0,16,62,42,NA,NA,0.538461538461538,0.384615384615385,0.0769230769230769,0.153846153846154,0.769230769230769
"2019-04-21","音威子府村議会議員選挙","音威子府村","北海道",1,0,0,6,66,34,6,0,0.333333333333333,0.5,0,0,1
"2019-04-21","音威子府村長選挙","音威子府村","北海道",0,1,0,1,64,64,1,0,0,0,0,0,1
"2019-04-21","音更町議会議員選挙","音更町","北海道",1,0,0,24,61,41,16,4,0.3,0.4,0.05,0.15,0.75
"2019-04-21","須恵町議会議員選挙","須恵町","福岡県",1,0,0,17,63.5,51,13,1,0.357142857142857,0.428571428571429,0.142857142857143,0.0714285714285714,0.785714285714286
"2019-04-21","風間浦村議会議員選挙","風間浦村","青森県",1,0,0,9,58,51,NA,NA,0.25,0.375,0,0,0.875
"2019-04-21","飛島村議会議員選挙","飛島村","愛知県",1,0,0,11,62.5,45,10,0,0.2,0.4,0,0.1,0.8
"2019-04-21","飯塚市議会議員選挙","飯塚市","福岡県",1,0,0,36,60,37,27,1,0.178571428571429,0.25,0.142857142857143,0.0357142857142857,0.75
"2019-04-21","養老町議会議員選挙","養老町","岐阜県",1,0,0,15,67,43,NA,NA,0.230769230769231,0.615384615384615,0,0.0769230769230769,0.846153846153846
"2019-04-21","館山市議会議員選挙","館山市","千葉県",1,0,0,23,61,43,NA,NA,0.222222222222222,0.333333333333333,0.111111111111111,0.0555555555555556,0.833333333333333
"2019-04-21","駒ヶ根市議会議員選挙","駒ヶ根市","長野県",1,0,0,16,60,43,12,3,0.466666666666667,0.333333333333333,0.0666666666666667,0.0666666666666667,0.866666666666667
"2019-04-21","高原町議会議員選挙","高原町","宮崎県",1,0,0,13,67,37,10,0,0.3,0.8,0,0.1,0.9
"2019-04-21","高山市議会議員選挙","高山市","岐阜県",1,0,0,25,61.5,44,23,1,0.208333333333333,0.333333333333333,0.0833333333333333,0.0833333333333333,0.833333333333333
"2019-04-21","高山村議会議員選挙","高山村","群馬県",1,0,0,11,66.5,59,9,1,0.5,0.8,0,0,1
"2019-04-21","高崎市議会議員選挙","高崎市","群馬県",1,0,0,51,61,31,34,4,0.210526315789474,0.289473684210526,0.131578947368421,0.0526315789473684,0.789473684210526
"2019-04-21","高崎市長選挙","高崎市","群馬県",0,1,0,1,72,72,1,0,0,1,0,0,1
"2019-04-21","高松市議会議員選挙","高松市","香川県",1,0,0,48,59,38,NA,NA,0.15,0.35,0.725,0.05,0.175
"2019-04-21","高松市長選挙","高松市","香川県",0,1,0,1,59,59,NA,NA,0,0,0,0,1
"2019-04-21","高森町議会議員選挙","高森町","熊本県",1,0,0,11,61.5,51,NA,NA,0.3,0.4,0,0,1
"2019-04-21","高森町長選挙","高森町","熊本県",0,1,0,1,52,52,NA,NA,0,0,0,0,1
"2019-04-21","高槻市議会議員選挙","高槻市","大阪府",1,0,0,44,54,31,NA,NA,0.235294117647059,0.147058823529412,0.323529411764706,0.147058823529412,0.235294117647059
"2019-04-21","高槻市長選挙","高槻市","大阪府",0,1,0,1,54,54,NA,NA,0,0,0,0,1
"2019-04-21","高浜市議会議員選挙","高浜市","愛知県",1,0,0,18,55.5,41,12,4,0.25,0.375,0.125,0.0625,0.8125
"2019-04-21","高浜町議会議員選挙","高浜町","福井県",1,0,0,16,59,30,11,3,0.285714285714286,0.357142857142857,0.0714285714285714,0.0714285714285714,0.857142857142857
"2019-04-21","高知市議会議員選挙","高知市","高知県",1,0,0,43,61,33,29,5,0.205882352941176,0.352941176470588,0.294117647058824,0.235294117647059,0.411764705882353
"2019-04-21","高石市議会議員選挙","高石市","大阪府",1,0,0,19,51.5,35,NA,NA,0.25,0.0625,0.25,0.125,0.625
"2019-04-21","高石市長選挙","高石市","大阪府",0,1,0,2,62,62,NA,NA,0,0,0,0,1
"2019-04-21","高野町議会議員選挙","高野町","和歌山県",1,0,0,14,66.5,49,9,1,0.2,0.6,0,0,1
"2019-04-21","鮫川村議会議員選挙","鮫川村","福島県",1,0,0,10,66.5,38,10,0,0.1,0.7,0,0,1
"2019-04-21","鳥羽市議会議員選挙","鳥羽市","三重県",1,0,0,15,61.5,40,13,1,0.214285714285714,0.357142857142857,0.285714285714286,0.0714285714285714,0.642857142857143
"2019-04-21","鳩山町議会議員選挙","鳩山町","埼玉県",1,0,0,14,64.5,47,10,2,0,0.5,0.0833333333333333,0.0833333333333333,0.833333333333333
"2019-04-21","鳴沢村議会議員選挙","鳴沢村","山梨県",1,0,0,11,64.5,45,10,0,0.5,0.5,0,0,1
"2019-04-21","鴻巣市議会議員選挙","鴻巣市","埼玉県",1,0,0,30,61.5,27,18,8,0.0769230769230769,0.346153846153846,0.230769230769231,0.115384615384615,0.653846153846154
"2019-04-21","鶴ヶ島市議会議員選挙","鶴ヶ島市","埼玉県",1,0,0,19,61.5,39,14,4,0.166666666666667,0.444444444444444,0.166666666666667,0.111111111111111,0.666666666666667
"2019-04-21","鶴居村議会議員選挙","鶴居村","北海道",1,0,0,12,65,53,9,0,0.111111111111111,0.666666666666667,0,0.111111111111111,0.888888888888889
"2019-04-21","鷹栖町議会議員選挙","鷹栖町","北海道",1,0,0,12,60,32,11,1,0.416666666666667,0.25,0,0,1
"2019-04-21","鹿島市議会議員選挙","鹿島市","佐賀県",1,0,0,18,65,34,15,1,0.1875,0.5,0.0625,0.0625,0.875
"2019-04-21","鹿嶋市議会議員選挙","鹿嶋市","茨城県",1,0,0,22,62.5,42,17,3,0.05,0.4,0.15,0.1,0.75
"2019-04-21","鹿追町議会議員選挙","鹿追町","北海道",1,0,0,11,68,44,10,1,0.0909090909090909,0.818181818181818,0,0,1
"2019-04-21","鹿追町長選挙","鹿追町","北海道",0,1,0,2,59,59,1,0,1,0,0,0,1
"2019-04-21","黒滝村議会議員選挙","黒滝村","奈良県",1,0,0,6,69.5,58,6,0,0,0.833333333333333,0,0,1
"2019-04-21","黒潮町議会議員選挙","黒潮町","高知県",1,0,0,16,62.5,47,12,2,0.214285714285714,0.428571428571429,0,0.0714285714285714,0.928571428571429
"2019-04-21","黒石市議会議員選挙","黒石市","青森県",1,0,0,17,59.5,36,NA,NA,0.0625,0.375,0.125,0.0625,0.8125
"2019-04-21","龍ケ崎市議会議員選挙","龍ケ崎市","茨城県",1,0,0,29,57,39,17,5,0.227272727272727,0.272727272727273,0.227272727272727,0.0909090909090909,0.681818181818182
"2019-05-19","加西市議会議員選挙","加西市","兵庫県",1,0,0,17,61,28,14,1,0.333333333333333,0.333333333333333,0.0666666666666667,0.0666666666666667,0.866666666666667
"2019-05-19","加西市長選挙","加西市","兵庫県",0,1,0,3,63,63,1,0,0,0,0,0,1
"2019-05-19","石狩市議会議員選挙","石狩市","北海道",1,0,0,25,63,41,15,5,0.3,0.45,0.15,0.15,0.6
"2019-05-19","石狩市長選挙","石狩市","北海道",0,1,0,2,63,63,1,0,1,0,0,0,1
"2019-05-19","輪之内町議会議員選挙","輪之内町","岐阜県",1,0,0,11,68,46,8,1,0.555555555555556,0.666666666666667,0,0.111111111111111,0.888888888888889
"2019-05-19","輪之内町長選挙","輪之内町","岐阜県",0,1,0,1,72,72,1,0,0,1,0,0,1
"2019-05-26","涌谷町議会議員補欠選挙","涌谷町","宮城県",1,0,1,1,83,83,1,0,0,1,0,0,1
"2019-05-26","涌谷町長選挙","涌谷町","宮城県",0,1,0,2,68,68,1,0,1,1,0,0,1
"2019-05-26","足立区議会議員選挙","足立区","東京都",1,0,0,57,53,27,34,11,0.222222222222222,0.111111111111111,0.644444444444444,0.155555555555556,0.111111111111111
"2019-05-26","足立区長選挙","足立区","東京都",0,1,0,2,60,60,0,1,0,0,1,0,0
"2019-06-02","三沢市議会議員補欠選挙","三沢市","青森県",1,0,1,2,54,54,1,0,1,0,1,0,0
"2019-06-02","三沢市長選挙","三沢市","青森県",0,1,0,2,69,69,1,0,1,1,0,0,1
"2019-06-02","五戸町議会議員補欠選挙","五戸町","青森県",1,0,1,3,40,38,1,1,1,0,0,0,1
"2019-06-02","五戸町長選挙","五戸町","青森県",0,1,0,2,52,52,1,0,1,0,0,0,1
"2019-06-02","北茨城市長選挙","北茨城市","茨城県",0,1,0,2,74,74,1,0,0,1,0,0,1
"2019-06-02","国見町議会議員選挙","国見町","福島県",1,0,0,10,70,58,9,1,0.2,0.7,0,0.1,0.9
"2019-06-02","島原市議会議員選挙","島原市","長崎県",1,0,0,21,65,43,18,1,0.105263157894737,0.526315789473684,0.631578947368421,0,0.368421052631579
"2019-06-02","市原市議会議員選挙","市原市","千葉県",1,0,0,38,53.5,31,26,6,0.1875,0.09375,0.5,0.0625,0.34375
"2019-06-02","市原市長選挙","市原市","千葉県",0,1,0,1,58,58,1,0,0,0,0,0,1
"2019-06-02","蕨市議会議員選挙","蕨市","埼玉県",1,0,0,20,53.5,28,12,6,0.277777777777778,0.111111111111111,0.166666666666667,0.222222222222222,0.5
"2019-06-02","蕨市長選挙","蕨市","埼玉県",0,1,0,2,55,55,1,0,0,0,0,0,1
"2019-06-09","丹波山村長選挙","丹波山村","山梨県",0,1,0,1,51,51,1,0,1,0,0,0,1
"2019-06-09","九戸村議会議員選挙","九戸村","岩手県",1,0,0,15,65.5,55,10,2,0.166666666666667,0.583333333333333,0,0.0833333333333333,0.916666666666667
"2019-06-09","堺市長選挙","堺市","大阪府",0,1,0,3,42,42,1,0,1,0,0,0,0
"2019-06-09","度会町議会議員選挙","度会町","三重県",1,0,0,12,69,40,11,0,0.454545454545455,0.636363636363636,0,0.0909090909090909,0.909090909090909
"2019-06-09","度会町長選挙","度会町","三重県",0,1,0,2,60,60,1,0,1,0,0,0,1
"2019-06-09","村上市議会議員補欠選挙","村上市","新潟県",1,0,1,3,64,60,3,0,1,0.333333333333333,0,0,1
"2019-06-09","村上市長選挙","村上市","新潟県",0,1,0,1,59,59,1,0,0,0,0,0,1
"2019-06-09","深川市議会議員選挙","深川市","北海道",1,0,0,15,60,54,12,2,0.285714285714286,0.357142857142857,0.0714285714285714,0.0714285714285714,0.714285714285714
"2019-06-09","瀬戸内町長選挙","瀬戸内町","鹿児島県",0,1,0,1,55,55,1,0,0,0,0,0,1
"2019-06-09","綾町長選挙","綾町","宮崎県",0,1,0,2,59,59,1,0,1,0,0,0,1
"2019-06-09","美唄市議会議員選挙","美唄市","北海道",1,0,0,16,59,28,13,1,0.285714285714286,0.285714285714286,0.0714285714285714,0,0.857142857142857
"2019-06-09","美唄市長選挙","美唄市","北海道",0,1,0,2,66,66,1,0,1,1,0,0,1
"2019-06-16","普代村議会議員選挙","普代村","岩手県",1,0,0,11,62.5,53,10,0,0.2,0.4,0,0,1
"2019-06-16","普代村長選挙","普代村","岩手県",0,1,0,1,64,64,1,0,0,0,0,0,1
"2019-06-16","洋野町議会議員選挙","洋野町","岩手県",1,0,0,17,69,52,14,2,0.0625,0.6875,0,0.0625,0.9375
"2019-06-16","福智町長選挙","福智町","福岡県",0,1,0,2,65,65,1,0,1,1,0,0,1
"2019-06-16","遊佐町議会議員選挙","遊佐町","山形県",1,0,0,13,64.5,45,11,1,0.333333333333333,0.5,0,0.0833333333333333,0.916666666666667
"2019-06-23","勝浦町議会議員選挙","勝浦町","徳島県",1,0,0,10,65,43,8,2,0.3,0.5,0,0.1,0.8
"2019-06-23","南山城村長選挙","南山城村","京都府",0,1,0,3,68,68,1,0,1,1,0,0,1
"2019-06-23","昭和村議会議員選挙","昭和村","福島県",1,0,0,8,70.5,64,8,0,0,0.875,0,0,1
"2019-06-23","松前町議会議員選挙","松前町","北海道",1,0,0,12,69.5,53,10,2,0.0833333333333333,0.833333333333333,0.0833333333333333,0,0.916666666666667
"2019-06-23","柳津町議会議員補欠選挙","柳津町","福島県",1,0,1,3,51.5,37,2,0,1,0.5,0,0,1
"2019-06-23","柳津町長選挙","柳津町","福島県",0,1,0,2,56,56,1,0,1,0,0,0,1
"2019-06-23","猪苗代町議会議員補欠選挙","猪苗代町","福島県",1,0,1,2,50.5,34,2,0,0.5,0.5,0,0,1
"2019-06-23","猪苗代町長選挙","猪苗代町","福島県",0,1,0,2,77,77,1,0,0,1,0,0,1
"2019-06-23","磐梯町議会議員選挙","磐梯町","福島県",1,0,0,11,63,37,8,2,0.4,0.4,0,0.1,0.9
"2019-06-23","磐梯町長選挙","磐梯町","福島県",0,1,0,1,57,57,1,0,1,0,0,0,1
"2019-06-23","神崎町長選挙","神崎町","千葉県",0,1,0,3,64,64,1,0,1,0,0,0,1
"2019-06-23","笠松町長選挙","笠松町","岐阜県",0,1,0,1,53,53,1,0,1,0,0,0,1
"2019-06-23","西会津町議会議員選挙","西会津町","福島県",1,0,0,17,64.5,27,11,1,0.25,0.5,0,0.0833333333333333,0.916666666666667
"2019-06-23","那智勝浦町議会議員選挙","那智勝浦町","和歌山県",1,0,0,15,61,49,10,2,0.25,0.416666666666667,0.0833333333333333,0,0.916666666666667
"2019-06-23","鉾田市議会議員選挙","鉾田市","茨城県",1,0,0,24,63,39,17,1,0.166666666666667,0.444444444444444,0.111111111111111,0.0555555555555556,0.833333333333333
"2019-06-30","七宗町議会議員選挙","七宗町","岐阜県",1,0,0,8,67,64,7,1,0.125,0.875,0,0,1
"2019-06-30","刈谷市議会議員選挙","刈谷市","愛知県",1,0,0,30,57,35,24,4,0.285714285714286,0.214285714285714,0.107142857142857,0.0714285714285714,0.821428571428571
"2019-06-30","刈谷市長選挙","刈谷市","愛知県",0,1,0,1,64,64,1,0,1,0,0,0,1
"2019-06-30","大月市議会議員選挙","大月市","山梨県",1,0,0,15,66,35,14,0,0.214285714285714,0.571428571428571,0.0714285714285714,0.0714285714285714,0.857142857142857
"2019-06-30","大月市長選挙","大月市","山梨県",0,1,0,2,53,53,1,0,1,0,0,0,1
"2019-06-30","大磯町議会議員選挙","大磯町","神奈川県",1,0,0,20,65,37,7,7,0.214285714285714,0.571428571428571,0.142857142857143,0.0714285714285714,0.785714285714286
"2019-06-30","御嵩町議会議員選挙","御嵩町","岐阜県",1,0,0,16,65,33,9,3,0.25,0.666666666666667,0.0833333333333333,0,0.916666666666667
"2019-06-30","御嵩町長選挙","御嵩町","岐阜県",0,1,0,1,65,65,1,0,0,1,0,0,1
"2019-06-30","福島市議会議員選挙","福島市","福島県",1,0,0,37,59,39,29,6,0.142857142857143,0.114285714285714,0.114285714285714,0.171428571428571,0.685714285714286
"2019-06-30","紫波町議会議員選挙","紫波町","岩手県",1,0,0,19,63.5,47,11,7,0.222222222222222,0.444444444444444,0.0555555555555556,0.111111111111111,0.777777777777778
"2019-06-30","鯖江市議会議員選挙","鯖江市","福井県",1,0,0,25,65.5,44,19,1,0.1,0.6,0.15,0.05,0.7
"2019-07-07","みやま市議会議員選挙","みやま市","福岡県",1,0,0,17,63,48,13,3,0.1875,0.5,0.0625,0,0.9375
"2019-07-07","勝浦市長選挙","勝浦市","千葉県",0,1,0,2,70,70,1,0,1,1,0,0,1
"2019-07-07","厚木市議会議員選挙","厚木市","神奈川県",1,0,0,31,56.5,31,21,7,0.214285714285714,0.214285714285714,0.285714285714286,0.0714285714285714,0.571428571428571
"2019-07-07","尾花沢市議会議員選挙","尾花沢市","山形県",1,0,0,16,58,36,11,3,0.214285714285714,0.357142857142857,0.285714285714286,0.0714285714285714,0.642857142857143
"2019-07-07","平川市議会議員選挙","平川市","青森県",1,0,0,19,64,35,15,1,0.1875,0.4375,0.0625,0.0625,0.875
"2019-07-07","御宿町長選挙","御宿町","千葉県",0,1,0,2,71,71,1,0,0,1,0,0,1
"2019-07-07","徳之島町長選挙","徳之島町","鹿児島県",0,1,0,1,59,59,1,0,0,0,0,0,1
"2019-07-07","白河市議会議員選挙","白河市","福島県",1,0,0,29,64.5,32,22,2,0.25,0.5,0.0416666666666667,0.0416666666666667,0.916666666666667
"2019-07-07","白河市長選挙","白河市","福島県",0,1,0,2,69,69,1,0,0,1,0,0,1
"2019-07-21","三戸町議会議員補欠選挙","三戸町","青森県",1,0,1,15,62,34,8,2,0.9,0.3,0,0,1
"2019-07-21","三田市議会議員補欠選挙","三田市","兵庫県",1,0,1,4,48,32,2,0,0.5,0,0,0,1
"2019-07-21","三田市長選挙","三田市","兵庫県",0,1,0,3,67,67,1,0,0,1,0,0,1
"2019-07-21","久慈市議会議員選挙","久慈市","岩手県",1,0,0,22,65,55,17,3,0.15,0.6,0.05,0.15,0.8
"2019-07-21","二戸市議会議員選挙","二戸市","岩手県",1,0,0,18,65.5,41,17,1,0.222222222222222,0.555555555555556,0.0555555555555556,0.111111111111111,0.833333333333333
"2019-07-21","南山城村議会議員補欠選挙","南山城村","京都府",1,0,1,3,65.5,65,2,0,0.5,1,0,0.5,0.5
"2019-07-21","可児市議会議員選挙","可児市","岐阜県",1,0,0,25,61,39,19,3,0.136363636363636,0.363636363636364,0.181818181818182,0.0909090909090909,0.590909090909091
"2019-07-21","妙高市議会議員選挙","妙高市","新潟県",1,0,0,19,65,48,NA,NA,0.222222222222222,0.555555555555556,0.0555555555555556,0.111111111111111,0.722222222222222
"2019-07-21","守口市長選挙","守口市","大阪府",0,1,0,2,56,56,1,0,0,0,0,0,1
"2019-07-21","小笠原村長選挙","小笠原村","東京都",0,1,0,2,70,70,1,0,0,1,0,0,1
"2019-07-21","平田村議会議員補欠選挙","平田村","福島県",1,0,1,1,68,68,1,0,0,1,0,0,1
"2019-07-21","平田村長選挙","平田村","福島県",0,1,0,2,72,72,1,0,0,1,0,0,1
"2019-07-21","日田市長選挙","日田市","大分県",0,1,0,3,60,60,1,0,0,0,0,0,1
"2019-07-21","明和町議会議員選挙","明和町","群馬県",1,0,0,13,65.5,37,12,0,0.166666666666667,0.583333333333333,0.0833333333333333,0.166666666666667,0.75
"2019-07-21","本宮市議会議員選挙","本宮市","福島県",1,0,0,20,65.5,36,19,1,0.2,0.55,0.05,0.05,0.9
"2019-07-21","杉戸町議会議員選挙","杉戸町","埼玉県",1,0,0,19,57,38,12,3,0.2,0.333333333333333,0.2,0.2,0.6
"2019-07-21","東根市議会議員選挙","東根市","山形県",1,0,0,20,62.5,36,17,1,0.388888888888889,0.444444444444444,0.111111111111111,0.0555555555555556,0.833333333333333
"2019-07-21","東浦町長選挙","東浦町","愛知県",0,1,0,1,59,59,1,0,0,0,0,0,1
"2019-07-21","江差町議会議員選挙","江差町","北海道",1,0,0,13,67.5,41,10,2,0.166666666666667,0.583333333333333,0.0833333333333333,0.166666666666667,0.75
"2019-07-21","滝沢市議会議員選挙","滝沢市","岩手県",1,0,0,22,65.5,47,17,3,0.25,0.6,0.1,0.1,0.75
"2019-07-21","狭山市長選挙","狭山市","埼玉県",0,1,0,2,46,46,1,0,0,0,0,0,1
"2019-07-21","瑞浪市長選挙","瑞浪市","岐阜県",0,1,0,1,65,65,1,0,0,1,0,0,1
"2019-07-21","白石市議会議員選挙","白石市","宮城県",1,0,0,20,67,39,18,0,0.222222222222222,0.611111111111111,0.111111111111111,0.0555555555555556,0.833333333333333
"2019-07-21","神崎町議会議員選挙","神崎町","千葉県",1,0,0,13,66,52,9,1,0.4,0.6,0,0.1,0.9
"2019-07-21","藤里町長選挙","藤里町","秋田県",0,1,0,1,62,62,1,0,0,0,0,0,1
"2019-07-21","越生町議会議員選挙","越生町","埼玉県",1,0,0,12,67.5,50,6,4,0.3,0.8,0.1,0.1,0.8
"2019-07-21","関川村議会議員選挙","関川村","新潟県",1,0,0,12,64,44,10,0,0.2,0.4,0,0,1
"2019-07-21","雫石町議会議員選挙","雫石町","岩手県",1,0,0,20,64,40,16,0,0.3125,0.5,0,0.125,0.875
"2019-07-21","飯豊町議会議員選挙","飯豊町","山形県",1,0,0,14,64,46,10,0,0.5,0.4,0,0,1
"2019-07-28","南伊豆町議会議員選挙","南伊豆町","静岡県",1,0,0,13,70,48,11,0,0.0909090909090909,0.545454545454545,0,0.0909090909090909,0.909090909090909
"2019-07-28","原村長選挙","原村","長野県",0,1,0,1,67,67,1,0,0,1,0,0,1
"2019-07-28","琴平町議会議員選挙","琴平町","香川県",1,0,0,12,63.5,51,9,1,0,0.4,0,0.1,0.9
"2019-07-28","築上町議会議員選挙","築上町","福岡県",1,0,0,16,63,36,12,2,0.285714285714286,0.357142857142857,0,0.0714285714285714,0.928571428571429
"2019-07-28","野田村議会議員選挙","野田村","岩手県",1,0,0,12,67.5,37,10,2,0.416666666666667,0.666666666666667,0,0.0833333333333333,0.916666666666667
"2019-07-28","長柄町議会議員選挙","長柄町","千葉県",1,0,0,12,63.5,48,10,2,0.25,0.333333333333333,0.0833333333333333,0,0.916666666666667
"2019-08-04","仁木町議会議員選挙","仁木町","北海道",1,0,0,10,65,35,8,1,0.333333333333333,0.555555555555556,0.111111111111111,0.111111111111111,0.777777777777778
"2019-08-04","会津若松市議会議員選挙","会津若松市","福島県",1,0,0,32,59.5,33,26,2,0.142857142857143,0.285714285714286,0.142857142857143,0.178571428571429,0.678571428571429
"2019-08-04","会津若松市長選挙","会津若松市","福島県",0,1,0,3,63,63,1,0,0,0,0,0,1
"2019-08-04","余市町議会議員選挙","余市町","北海道",1,0,0,19,64,35,16,2,0.166666666666667,0.5,0.111111111111111,0.166666666666667,0.722222222222222
"2019-08-04","勝山市議会議員選挙","勝山市","福井県",1,0,0,17,62,34,14,2,0.3125,0.375,0.0625,0.125,0.8125
"2019-08-04","向日市議会議員選挙","向日市","京都府",1,0,0,22,56,38,13,7,0.2,0.25,0.25,0.35,0.3
"2019-08-04","大竹市議会議員選挙","大竹市","広島県",1,0,0,16,65,29,15,1,0.25,0.5,0.0625,0,0.9375
"2019-08-04","太良町議会議員選挙","太良町","佐賀県",1,0,0,11,68,35,10,1,0.272727272727273,0.636363636363636,0,0,1
"2019-08-04","富里市長選挙","富里市","千葉県",0,1,0,1,59,59,1,0,1,0,0,0,1
"2019-08-04","島牧村長選挙","島牧村","北海道",0,1,0,2,67,67,1,0,0,1,0,0,1
"2019-08-04","川崎町長選挙","川崎町","宮城県",0,1,0,2,61,61,1,0,0,0,0,0,1
"2019-08-04","市川町議会議員選挙","市川町","兵庫県",1,0,0,14,70,43,11,1,0.166666666666667,0.833333333333333,0.0833333333333333,0,0.916666666666667
"2019-08-04","市川町長選挙","市川町","兵庫県",0,1,0,2,78,78,1,0,0,1,0,0,1
"2019-08-04","忍野村長選挙","忍野村","山梨県",0,1,0,2,69,69,1,0,0,1,0,0,1
"2019-08-04","戸沢村議会議員選挙","戸沢村","山形県",1,0,0,10,64,43,9,0,0.222222222222222,0.444444444444444,0,0,1
"2019-08-04","早島町長選挙","早島町","岡山県",0,1,0,3,65,65,1,0,0,1,0,0,1
"2019-08-04","最上町議会議員選挙","最上町","山形県",1,0,0,13,67,35,12,0,0.25,0.583333333333333,0,0,1
"2019-08-04","柏市議会議員選挙","柏市","千葉県",1,0,0,48,55.5,37,27,9,0.222222222222222,0.222222222222222,0.333333333333333,0.166666666666667,0.361111111111111
"2019-08-04","田野畑村議会議員選挙","田野畑村","岩手県",1,0,0,11,65,49,9,1,0.1,0.5,0,0.1,0.9
"2019-08-04","甲佐町長選挙","甲佐町","熊本県",0,1,0,1,58,58,1,0,0,0,0,0,1
"2019-08-04","結城市長選挙","結城市","茨城県",0,1,0,4,63,63,1,0,1,0,0,0,1
"2019-08-04","葛巻町長選挙","葛巻町","岩手県",0,1,0,1,64,64,1,0,0,0,0,0,1
"2019-08-04","西郷村議会議員選挙","西郷村","福島県",1,0,0,17,65,43,15,1,0.25,0.5,0,0.0625,0.9375
"2019-08-04","高畠町議会議員選挙","高畠町","山形県",1,0,0,20,66,44,13,2,0.133333333333333,0.533333333333333,0.0666666666666667,0,0.933333333333333
"2019-08-11","井手町議会議員補欠選挙","井手町","京都府",1,0,1,1,55,55,1,0,1,0,0,0,1
"2019-08-11","井手町長選挙","井手町","京都府",0,1,0,1,71,71,1,0,0,1,0,0,1
"2019-08-11","加美町長選挙","加美町","宮城県",0,1,0,2,67,67,1,0,0,1,0,0,1
"2019-08-11","大槌町議会議員選挙","大槌町","岩手県",1,0,0,15,60,53,12,1,0.153846153846154,0.307692307692308,0,0.0769230769230769,0.923076923076923
"2019-08-11","大槌町長選挙","大槌町","岩手県",0,1,0,1,63,63,1,0,0,0,0,0,1
"2019-08-11","大玉村議会議員選挙","大玉村","福島県",1,0,0,12,63,35,9,3,0.25,0.5,0,0.166666666666667,0.833333333333333
"2019-08-11","村田町議会議員選挙","村田町","宮城県",1,0,0,19,67.5,37,12,0,0.25,0.833333333333333,0.0833333333333333,0,0.916666666666667
"2019-08-11","村田町長選挙","村田町","宮城県",0,1,0,2,57,57,1,0,1,0,0,0,1
"2019-08-11","色麻町長選挙","色麻町","宮城県",0,1,0,1,70,70,1,0,0,1,0,0,1
"2019-08-11","郡山市議会議員選挙","郡山市","福島県",1,0,0,48,64,41,34,4,0.131578947368421,0.447368421052632,0.105263157894737,0.131578947368421,0.710526315789474
"2019-08-11","須賀川市議会議員選挙","須賀川市","福島県",1,0,0,24,59,36,22,2,0.375,0.208333333333333,0.0833333333333333,0.0833333333333333,0.791666666666667
"2019-08-16","福島町議会議員選挙","福島町","北海道",1,0,0,11,70.5,39,10,0,0.1,0.7,0.1,0,0.9
"2019-08-16","福島町長選挙","福島町","北海道",0,1,0,1,63,63,1,0,0,0,0,0,1
"2019-08-18","上富良野町議会議員選挙","上富良野町","北海道",1,0,0,19,62.5,33,11,3,0.285714285714286,0.428571428571429,0.214285714285714,0.0714285714285714,0.714285714285714
"2019-08-25","中富良野町長選挙","中富良野町","北海道",0,1,0,1,53,53,1,0,1,0,0,0,1
"2019-08-25","九十九里町議会議員選挙","九十九里町","千葉県",1,0,0,17,62,38,10,4,0.214285714285714,0.428571428571429,0.142857142857143,0.0714285714285714,0.785714285714286
"2019-08-25","九十九里町長選挙","九十九里町","千葉県",0,1,0,3,73,73,1,0,0,1,0,0,1
"2019-08-25","仙台市議会議員選挙","仙台市","宮城県",1,0,0,69,54,32,42,13,0.236363636363636,0.145454545454545,0.509090909090909,0.2,0.127272727272727
"2019-08-25","八百津町議会議員選挙","八百津町","岐阜県",1,0,0,12,61,50,9,1,0.4,0.4,0,0.1,0.9
"2019-08-25","八街市議会議員選挙","八街市","千葉県",1,0,0,21,59,38,16,4,0.2,0.35,0.2,0.1,0.65
"2019-08-25","勝央町長選挙","勝央町","岡山県",0,1,0,1,66,66,1,0,0,1,0,0,1
"2019-08-25","大郷町議会議員選挙","大郷町","宮城県",1,0,0,14,65,37,13,1,0.142857142857143,0.5,0.0714285714285714,0.0714285714285714,0.857142857142857
"2019-08-25","富谷市議会議員選挙","富谷市","宮城県",1,0,0,21,62.5,31,14,4,0.277777777777778,0.388888888888889,0.111111111111111,0.111111111111111,0.777777777777778
"2019-08-25","小川町議会議員選挙","小川町","埼玉県",1,0,0,20,61,34,14,2,0.3125,0.375,0.125,0.0625,0.8125
"2019-08-25","山辺町議会議員選挙","山辺町","山形県",1,0,0,14,62.5,45,9,3,0.25,0.416666666666667,0,0.0833333333333333,0.916666666666667
"2019-08-25","川辺町議会議員選挙","川辺町","岐阜県",1,0,0,10,70,54,9,0,0.333333333333333,0.777777777777778,0,0,1
"2019-08-25","日の出町議会議員選挙","日の出町","東京都",1,0,0,15,61,42,11,3,0.142857142857143,0.428571428571429,0.142857142857143,0.0714285714285714,0.714285714285714
"2019-08-25","松前町議会議員選挙","松前町","愛媛県",1,0,0,18,65,35,12,2,0.285714285714286,0.5,0.0714285714285714,0,0.928571428571429
"2019-08-25","益田市議会議員選挙","益田市","島根県",1,0,0,25,63.5,32,19,3,0.0909090909090909,0.454545454545455,0.0909090909090909,0.0909090909090909,0.818181818181818
"2019-08-25","盛岡市議会議員選挙","盛岡市","岩手県",1,0,0,44,61,25,31,7,0.210526315789474,0.289473684210526,0.0789473684210526,0.184210526315789,0.657894736842105
"2019-08-25","盛岡市長選挙","盛岡市","岩手県",0,1,0,3,69,69,1,0,0,1,0,0,1
"2019-08-25","秦野市議会議員選挙","秦野市","神奈川県",1,0,0,28,63.5,41,20,4,0.208333333333333,0.458333333333333,0.291666666666667,0.0833333333333333,0.583333333333333
"2019-08-25","聖籠町議会議員選挙","聖籠町","新潟県",1,0,0,16,63,38,9,5,0.214285714285714,0.5,0,0.0714285714285714,0.928571428571429
"2019-08-25","西粟倉村長選挙","西粟倉村","岡山県",0,1,0,2,64,64,1,0,0,0,0,0,1
"2019-08-25","鏡石町議会議員選挙","鏡石町","福島県",1,0,0,13,69,46,12,0,0.0833333333333333,0.75,0,0,1
"2019-08-25","長久手市議会議員補欠選挙","長久手市","愛知県",1,0,1,3,47,47,1,0,1,0,0,0,1
"2019-08-25","長久手市長選挙","長久手市","愛知県",0,1,0,3,73,73,1,0,0,1,1,0,0
"2019-08-25","鮫川村議会議員補欠選挙","鮫川村","福島県",1,0,1,1,66,66,1,0,1,1,0,0,1
"2019-08-25","鮫川村長選挙","鮫川村","福島県",0,1,0,2,63,63,1,0,1,0,0,0,1
"2019-09-01","七ヶ浜町議会議員選挙","七ヶ浜町","宮城県",1,0,0,14,61.5,39,12,2,0.142857142857143,0.285714285714286,0.0714285714285714,0.142857142857143,0.785714285714286
"2019-09-01","七ヶ浜町長選挙","七ヶ浜町","宮城県",0,1,0,1,64,64,1,0,0,0,0,0,1
"2019-09-01","下仁田町議会議員選挙","下仁田町","群馬県",1,0,0,14,68.5,43,12,0,0.25,0.583333333333333,0,0,1
"2019-09-01","利府町議会議員選挙","利府町","宮城県",1,0,0,19,63.5,48,15,3,0.111111111111111,0.444444444444444,0.111111111111111,0.166666666666667,0.722222222222222
"2019-09-01","塩竈市議会議員選挙","塩竈市","宮城県",1,0,0,20,66.5,33,14,4,0.0555555555555556,0.611111111111111,0.388888888888889,0.222222222222222,0.388888888888889
"2019-09-01","塩竈市長選挙","塩竈市","宮城県",0,1,0,3,51,51,1,0,1,0,0,0,1
"2019-09-01","多賀城市議会議員選挙","多賀城市","宮城県",1,0,0,18,66.5,54,14,4,0.0555555555555556,0.666666666666667,0.166666666666667,0.222222222222222,0.555555555555556
"2019-09-01","天栄村長選挙","天栄村","福島県",0,1,0,1,57,57,1,0,0,0,0,0,1
"2019-09-01","寒川町議会議員補欠選挙","寒川町","神奈川県",1,0,1,4,36,36,1,0,1,0,0,0,1
"2019-09-01","寒川町長選挙","寒川町","神奈川県",0,1,0,2,69,69,1,0,0,1,0,0,1
"2019-09-01","松島町長選挙","松島町","宮城県",0,1,0,2,69,69,1,0,0,1,0,0,1
"2019-09-01","枚方市長選挙","枚方市","大阪府",0,1,0,2,51,51,1,0,0,0,0,0,0
"2019-09-01","立川市長選挙","立川市","東京都",0,1,0,2,74,74,1,0,0,1,1,0,0
"2019-09-01","都農町長選挙","都農町","宮崎県",0,1,0,2,60,60,1,0,0,0,0,0,1
"2019-09-01","酒田市議会議員補欠選挙","酒田市","山形県",1,0,1,4,56.5,56,2,0,0.5,0,0,0,1
"2019-09-01","酒田市長選挙","酒田市","山形県",0,1,0,2,65,65,1,0,0,1,0,0,1
"2019-09-01","鹿沼市議会議員選挙","鹿沼市","栃木県",1,0,0,27,59.5,40,20,4,0.291666666666667,0.291666666666667,0.5,0.0416666666666667,0.375
"2019-09-08","三春町議会議員選挙","三春町","福島県",1,0,0,16,66,55,14,2,0.1875,0.625,0.0625,0.0625,0.875
"2019-09-08","三春町長選挙","三春町","福島県",0,1,0,2,63,63,1,0,1,0,0,0,1
"2019-09-08","上関町長選挙","上関町","山口県",0,1,0,1,70,70,1,0,0,1,0,0,1
"2019-09-08","与論町長選挙","与論町","鹿児島県",0,1,0,1,75,75,1,0,0,1,0,0,1
"2019-09-08","中島村議会議員選挙","中島村","福島県",1,0,0,8,66.5,63,8,0,0.125,0.75,0,0,1
"2019-09-08","交野市議会議員選挙","交野市","大阪府",1,0,0,19,45,32,10,5,0.266666666666667,0,0.266666666666667,0.2,0.266666666666667
"2019-09-08","北見市長選挙","北見市","北海道",0,1,0,2,66,66,1,0,0,1,0,0,1
"2019-09-08","大江町議会議員選挙","大江町","山形県",1,0,0,13,68,39,9,2,0.363636363636364,0.545454545454545,0,0,1
"2019-09-08","妹背牛町議会議員選挙","妹背牛町","北海道",1,0,0,11,64,57,9,1,0.2,0.4,0,0.1,0.9
"2019-09-08","山形市長選挙","山形市","山形県",0,1,0,2,43,43,1,0,0,0,1,0,0
"2019-09-08","山田町議会議員選挙","山田町","岩手県",1,0,0,16,66,43,12,2,0.142857142857143,0.642857142857143,0,0.0714285714285714,0.928571428571429
"2019-09-08","岡谷市長選挙","岡谷市","長野県",0,1,0,1,67,67,1,0,0,1,0,0,1
"2019-09-08","広川町議会議員選挙","広川町","和歌山県",1,0,0,10,60,43,9,1,0.3,0.3,0,0,1
"2019-09-08","新庄市長選挙","新庄市","山形県",0,1,0,2,67,67,1,0,0,1,0,0,1
"2019-09-08","有田市議会議員選挙","有田市","和歌山県",1,0,0,17,69,46,15,0,0.2,0.666666666666667,0.133333333333333,0.0666666666666667,0.8
"2019-09-08","松田町議会議員選挙","松田町","神奈川県",1,0,0,12,64.5,37,9,3,0.25,0.5,0.0833333333333333,0.0833333333333333,0.833333333333333
"2019-09-08","松阪市長選挙","松阪市","三重県",0,1,0,2,57,57,1,0,0,0,0,0,1
"2019-09-08","牛久市長選挙","牛久市","茨城県",0,1,0,2,67,67,1,0,0,1,0,0,1
"2019-09-08","石川町議会議員選挙","石川町","福島県",1,0,0,15,66,33,12,2,0.214285714285714,0.785714285714286,0,0.0714285714285714,0.928571428571429
"2019-09-08","草津市議会議員選挙","草津市","滋賀県",1,0,0,26,58,41,21,3,0.25,0.208333333333333,0.125,0.0833333333333333,0.75
"2019-09-08","釜石市議会議員選挙","釜石市","岩手県",1,0,0,18,69,30,16,2,0.277777777777778,0.666666666666667,0.111111111111111,0.0555555555555556,0.833333333333333
"2019-09-08","陸前高田市議会議員選挙","陸前高田市","岩手県",1,0,0,26,59.5,26,14,4,0.222222222222222,0.222222222222222,0,0.166666666666667,0.833333333333333
"2019-09-15","上板町議会議員選挙","上板町","徳島県",1,0,0,13,69,47,10,3,0.0769230769230769,0.615384615384615,0,0.0769230769230769,0.923076923076923
"2019-09-15","中山町議会議員選挙","中山町","山形県",1,0,0,11,62,36,10,0,0.1,0.5,0,0,1
"2019-09-15","八丈町議会議員補欠選挙","八丈町","東京都",1,0,1,1,64,64,1,0,1,0,0,0,1
"2019-09-15","八丈町長選挙","八丈町","東京都",0,1,0,1,66,66,1,0,0,1,0,0,1
"2019-09-15","浅川町議会議員選挙","浅川町","福島県",1,0,0,13,65,41,12,0,0.333333333333333,0.583333333333333,0,0.166666666666667,0.75
"2019-09-15","玉城町議会議員選挙","玉城町","三重県",1,0,0,16,64,41,10,3,0.230769230769231,0.461538461538462,0,0.0769230769230769,0.923076923076923
"2019-09-15","田舎館村議会議員選挙","田舎館村","青森県",1,0,0,9,66,62,8,0,0.125,0.625,0,0,1
"2019-09-15","竜王町議会議員選挙","竜王町","滋賀県",1,0,0,15,65.5,34,10,2,0.666666666666667,0.583333333333333,0,0.0833333333333333,0.833333333333333
"2019-09-15","角田市議会議員選挙","角田市","宮城県",1,0,0,17,64.5,44,14,2,0.125,0.5,0.0625,0.125,0.8125
"2019-09-15","長野市議会議員選挙","長野市","長野県",1,0,0,52,58,35,30,9,0.256410256410256,0.282051282051282,0.128205128205128,0.179487179487179,0.692307692307692
"2019-09-15","関市長選挙","関市","岐阜県",0,1,0,1,47,47,1,0,0,0,0,0,1
"2019-09-22","かつらぎ町長選挙","かつらぎ町","和歌山県",0,1,0,2,57,57,1,0,1,0,0,0,1
"2019-09-22","伊東市議会議員選挙","伊東市","静岡県",1,0,0,24,53.5,37,15,5,0.3,0.15,0.4,0.1,0.45
"2019-09-22","住田町議会議員選挙","住田町","岩手県",1,0,0,12,66.5,33,12,0,0.0833333333333333,0.666666666666667,0,0.0833333333333333,0.916666666666667
"2019-09-22","北方町議会議員選挙","北方町","岐阜県",1,0,0,11,63.5,47,9,1,0.2,0.4,0.1,0.1,0.8
"2019-09-22","南牧村議会議員選挙","南牧村","群馬県",1,0,0,10,65.5,60,8,0,0.375,0.875,0,0,1
"2019-09-22","南部町議会議員選挙","南部町","青森県",1,0,0,16,60,36,15,1,0.0625,0.375,0,0,1
"2019-09-22","君津市議会議員選挙","君津市","千葉県",1,0,0,25,55.5,29,19,3,0.181818181818182,0.318181818181818,0.136363636363636,0.0454545454545455,0.818181818181818
"2019-09-22","大刀洗町議会議員選挙","大刀洗町","福岡県",1,0,0,12,68,47,11,1,0.333333333333333,0.75,0.0833333333333333,0.0833333333333333,0.833333333333333
"2019-09-22","天童市議会議員選挙","天童市","山形県",1,0,0,23,61.5,35,19,3,0.181818181818182,0.363636363636364,0.0454545454545455,0.0909090909090909,0.772727272727273
"2019-09-22","小川村議会議員選挙","小川村","長野県",1,0,0,10,68,62,10,0,0.1,0.8,0,0.1,0.9
"2019-09-22","御宿町議会議員選挙","御宿町","千葉県",1,0,0,19,67,45,10,2,0.416666666666667,0.583333333333333,0,0,1
"2019-09-22","泉崎村議会議員選挙","泉崎村","福島県",1,0,0,11,68,45,9,1,0.3,0.6,0,0.1,0.9
"2019-09-22","猪名川町議会議員選挙","猪名川町","兵庫県",1,0,0,22,63,44,10,6,0.3125,0.4375,0.125,0.125,0.5625
"2019-09-22","稲沢市議会議員選挙","稲沢市","愛知県",1,0,0,34,62.5,29,23,3,0.269230769230769,0.346153846153846,0.0769230769230769,0.0384615384615385,0.846153846153846
"2019-09-22","稲美町議会議員選挙","稲美町","兵庫県",1,0,0,17,62.5,40,10,4,0.142857142857143,0.5,0.0714285714285714,0.0714285714285714,0.785714285714286
"2019-09-22","雄武町長選挙","雄武町","北海道",0,1,0,2,68,68,1,0,1,1,0,0,1
"2019-09-29","大和町長選挙","大和町","宮城県",0,1,0,2,65,65,1,0,0,1,0,0,1
"2019-09-29","小牧市議会議員選挙","小牧市","愛知県",1,0,0,34,59,25,19,6,0.2,0.2,0.36,0.08,0.48
"2019-09-29","岩内町長選挙","岩内町","北海道",0,1,0,1,57,57,1,0,1,0,0,0,1
"2019-09-29","嵐山町議会議員選挙","嵐山町","埼玉県",1,0,0,17,67,44,10,3,0.307692307692308,0.692307692307692,0.0769230769230769,0.153846153846154,0.769230769230769
"2019-09-29","新島村長選挙","新島村","東京都",0,1,0,2,66,66,1,0,0,1,0,0,1
"2019-09-29","明日香村長選挙","明日香村","奈良県",0,1,0,2,63,63,1,0,0,0,0,0,1
"2019-09-29","東大阪市議会議員選挙","東大阪市","大阪府",1,0,0,52,56.5,36,31,7,0.236842105263158,0.131578947368421,0.5,0.105263157894737,0.131578947368421
"2019-09-29","東大阪市長選挙","東大阪市","大阪府",0,1,0,3,62,62,1,0,0,0,0,0,1
"2019-09-29","桑折町議会議員選挙","桑折町","福島県",1,0,0,13,67,38,10,2,0.166666666666667,0.583333333333333,0,0.166666666666667,0.833333333333333
"2019-09-29","苅田町議会議員選挙","苅田町","福岡県",1,0,0,18,65,40,14,2,0.125,0.5,0.125,0.0625,0.8125
"2019-09-29","韮崎市議会議員選挙","韮崎市","山梨県",1,0,0,18,61,42,14,2,0.0625,0.375,0.0625,0.125,0.8125
"2019-09-29","鰺ヶ沢町議会議員補欠選挙","鰺ヶ沢町","青森県",1,0,1,5,63,61,3,0,0.666666666666667,0.333333333333333,0,0,1
"2019-10-06","あきる野市長選挙","あきる野市","東京都",0,1,0,2,62,62,1,0,1,0,0,0,1
"2019-10-06","むつ市議会議員選挙","むつ市","青森県",1,0,0,25,66.5,31,19,3,0.318181818181818,0.545454545454545,0.318181818181818,0.0909090909090909,0.590909090909091
"2019-10-06","五木村長選挙","五木村","熊本県",0,1,0,1,60,60,1,0,1,0,0,0,1
"2019-10-06","佐那河内村長選挙","佐那河内村","徳島県",0,1,0,1,62,62,1,0,0,0,0,0,1
"2019-10-06","守山市議会議員選挙","守山市","滋賀県",1,0,0,23,57.5,33,17,3,0.15,0.25,0.15,0.1,0.75
"2019-10-06","幸手市長選挙","幸手市","埼玉県",0,1,0,2,68,68,1,0,1,1,0,0,1
"2019-10-06","御蔵島村長選挙","御蔵島村","東京都",0,1,0,1,71,71,1,0,0,1,0,0,1
"2019-10-06","愛川町議会議員選挙","愛川町","神奈川県",1,0,0,19,64,37,12,4,0.0625,0.5,0.1875,0.1875,0.625
"2019-10-06","所沢市長選挙","所沢市","埼玉県",0,1,0,2,57,57,1,0,0,0,1,0,0
"2019-10-06","板野町議会議員選挙","板野町","徳島県",1,0,0,15,71,41,13,0,0.153846153846154,0.923076923076923,0,0.153846153846154,0.846153846153846
"2019-10-06","浜中町議会議員再選挙","浜中町","北海道",1,0,0,2,56,46,2,0,0.5,0.5,0,0,1
"2019-10-06","浜中町長選挙","浜中町","北海道",0,1,0,1,69,69,1,0,0,1,0,0,1
"2019-10-06","総社市長選挙","総社市","岡山県",0,1,0,1,60,60,1,0,0,0,0,0,1
"2019-10-06","藤崎町議会議員選挙","藤崎町","青森県",1,0,0,14,63,47,13,1,0.142857142857143,0.428571428571429,0,0.0714285714285714,0.928571428571429
"2019-10-06","藤崎町長選挙","藤崎町","青森県",0,1,0,1,62,62,1,0,0,0,0,0,1
"2019-10-06","豊川市長選挙","豊川市","愛知県",0,1,0,2,65,65,1,0,1,1,1,0,0
"2019-10-06","野辺地町長選挙","野辺地町","青森県",0,1,0,2,56,56,1,0,1,0,0,0,1
"2019-10-08","寿都町議会議員選挙","寿都町","北海道",1,0,0,10,64,55,8,1,0.222222222222222,0.444444444444444,0,0.111111111111111,0.888888888888889
"2019-10-13","南国市議会議員選挙","南国市","高知県",1,0,0,24,64,43,16,5,0.142857142857143,0.476190476190476,0.0952380952380952,0.238095238095238,0.619047619047619
"2019-10-16","黒松内町議会議員選挙","黒松内町","北海道",1,0,0,9,66,56,9,0,0,0.666666666666667,0,0.222222222222222,0.777777777777778
"2019-10-20","中津市長選挙","中津市","大分県",0,1,0,1,65,65,1,0,0,1,0,0,1
"2019-10-20","亀岡市長選挙","亀岡市","京都府",0,1,0,2,56,56,1,0,0,0,0,0,1
"2019-10-20","五泉市議会議員選挙","五泉市","新潟県",1,0,0,21,59.5,36,19,1,0.15,0.3,0.1,0.1,0.8
"2019-10-20","土佐市長選挙","土佐市","高知県",0,1,0,1,64,64,1,0,0,0,0,0,1
"2019-10-20","大洗町議会議員選挙","大洗町","茨城県",1,0,0,13,57.5,39,11,1,0.0833333333333333,0.25,0.25,0.0833333333333333,0.666666666666667
"2019-10-20","安八町議会議員選挙","安八町","岐阜県",1,0,0,13,71,43,9,1,0.4,0.6,0,0,1
"2019-10-20","平内町長選挙","平内町","青森県",0,1,0,1,70,70,1,0,0,1,0,0,1
"2019-10-20","廿日市市長選挙","廿日市市","広島県",0,1,0,2,50,50,1,0,1,0,0,0,1
"2019-10-20","時津町長選挙","時津町","長崎県",0,1,0,1,72,72,1,0,0,1,0,0,1
"2019-10-20","津南町議会議員選挙","津南町","新潟県",1,0,0,16,68,47,11,3,0.357142857142857,0.785714285714286,0,0.142857142857143,0.857142857142857
"2019-10-20","白老町議会議員選挙","白老町","北海道",1,0,0,15,56,26,12,2,0.285714285714286,0.285714285714286,0.142857142857143,0.142857142857143,0.714285714285714
"2019-10-20","白老町長選挙","白老町","北海道",0,1,0,1,50,50,1,0,0,0,0,0,1
"2019-10-20","精華町議会議員補欠選挙","精華町","京都府",1,0,1,3,67.5,67,1,1,0,1,0,0.5,0.5
"2019-10-20","精華町長選挙","精華町","京都府",0,1,0,3,71,71,1,0,1,1,0,0,1
"2019-10-20","蒲郡市長選挙","蒲郡市","愛知県",0,1,0,2,57,57,1,0,1,0,0,0,1
"2019-10-20","豊郷町議会議員選挙","豊郷町","滋賀県",1,0,0,14,66,44,10,2,0.0833333333333333,0.583333333333333,0,0.25,0.75
"2019-10-20","釧路町議会議員選挙","釧路町","北海道",1,0,0,17,64,37,12,4,0.1875,0.5,0.3125,0.1875,0.375
"2019-10-27","ひたちなか市議会議員選挙","ひたちなか市","茨城県",1,0,0,30,56,37,20,5,0.16,0.24,0.24,0.12,0.44
"2019-10-27","亘理町議会議員選挙","亘理町","宮城県",1,0,0,20,67,36,15,3,0.277777777777778,0.555555555555556,0.111111111111111,0.0555555555555556,0.833333333333333
"2019-10-27","吉野川市議会議員補欠選挙","吉野川市","徳島県",1,0,1,3,64,60,3,0,0.666666666666667,0.333333333333333,0,0,1
"2019-10-27","吉野川市長選挙","吉野川市","徳島県",0,1,0,2,40,40,1,0,1,0,0,0,1
"2019-10-27","大村市長選挙","大村市","長崎県",0,1,0,1,42,42,1,0,0,0,0,0,1
"2019-10-27","奄美市議会議員選挙","奄美市","鹿児島県",1,0,0,24,58,33,20,2,0.227272727272727,0.318181818181818,0.636363636363636,0.136363636363636,0.227272727272727
"2019-10-27","女川町議会議員選挙","女川町","宮城県",1,0,0,14,62,36,NA,NA,0.333333333333333,0.416666666666667,0,0.0833333333333333,0.916666666666667
"2019-10-27","女川町長選挙","女川町","宮城県",0,1,0,1,47,47,1,0,0,0,0,0,1
"2019-10-27","屋久島町長選挙","屋久島町","鹿児島県",0,1,0,2,69,69,1,0,0,1,0,0,1
"2019-10-27","山元町議会議員選挙","山元町","宮城県",1,0,0,15,67,53,9,4,0.0769230769230769,0.692307692307692,0.0769230769230769,0.0769230769230769,0.846153846153846
"2019-10-27","村山市議会議員選挙","村山市","山形県",1,0,0,19,61,27,15,1,0.375,0.5,0.0625,0.0625,0.875
"2019-10-27","橿原市議会議員補欠選挙","橿原市","奈良県",1,0,1,4,52,44,2,0,0.5,0,0,0,1
"2019-10-27","橿原市長選挙","橿原市","奈良県",0,1,0,2,47,47,1,0,1,0,0,0,1
"2019-10-27","湯川村議会議員補欠選挙","湯川村","福島県",1,0,1,2,68,68,1,0,1,1,0,0,1
"2019-10-27","湯川村長選挙","湯川村","福島県",0,1,0,2,69,69,1,0,0,1,0,0,1
"2019-11-03","大石田町議会議員選挙","大石田町","山形県",1,0,0,10,66,37,10,0,0.3,0.5,0,0.1,0.9
"2019-11-03","大石田町長選挙","大石田町","山形県",0,1,0,1,59,59,1,0,1,0,0,0,1
"2019-11-03","西ノ島町議会議員補欠選挙","西ノ島町","島根県",1,0,1,1,72,72,1,0,1,1,0,0,1
"2019-11-10","久米島町議会議員選挙","久米島町","沖縄県",1,0,0,15,62.5,39,13,1,0.285714285714286,0.5,0,0,1
"2019-11-10","共和町議会議員選挙","共和町","北海道",1,0,0,12,67,39,11,0,0.272727272727273,0.545454545454545,0,0,1
"2019-11-10","南牧村長選挙","南牧村","長野県",0,1,0,2,71,71,1,0,0,1,0,0,1
"2019-11-10","土浦市長選挙","土浦市","茨城県",0,1,0,2,58,58,0,1,1,0,0,0,1
"2019-11-10","大熊町議会議員選挙","大熊町","福島県",1,0,0,13,63.5,45,11,1,0.416666666666667,0.333333333333333,0,0,1
"2019-11-10","大熊町長選挙","大熊町","福島県",0,1,0,2,63,63,1,0,1,0,0,0,1
"2019-11-10","大網白里市議会議員選挙","大網白里市","千葉県",1,0,0,25,63,51,15,3,0.333333333333333,0.444444444444444,0.166666666666667,0.0555555555555556,0.777777777777778
"2019-11-10","富士河口湖町長選挙","富士河口湖町","山梨県",0,1,0,1,70,70,1,0,0,1,0,0,1
"2019-11-10","川俣町議会議員選挙","川俣町","福島県",1,0,0,15,66.5,55,10,2,0.416666666666667,0.666666666666667,0.0833333333333333,0.0833333333333333,0.833333333333333
"2019-11-10","川内村議会議員選挙","川内村","福島県",1,0,0,11,70,57,9,1,0.1,0.7,0,0,1
"2019-11-10","広野町議会議員選挙","広野町","福島県",1,0,0,10,67.5,49,8,2,0,0.7,0,0.1,0.9
"2019-11-10","新地町議会議員選挙","新地町","福島県",1,0,0,13,69,57,12,0,0.166666666666667,0.666666666666667,0,0.0833333333333333,0.916666666666667
"2019-11-10","海田町議会議員補欠選挙","海田町","広島県",1,0,1,1,46,46,0,1,1,0,0,0,1
"2019-11-10","海田町長選挙","海田町","広島県",0,1,0,2,67,67,1,0,0,1,0,0,1
"2019-11-10","海老名市議会議員選挙","海老名市","神奈川県",1,0,0,26,58,35,14,8,0.272727272727273,0.227272727272727,0.181818181818182,0.0909090909090909,0.5
"2019-11-10","海老名市長選挙","海老名市","神奈川県",0,1,0,3,64,64,1,0,0,0,0,0,1
"2019-11-10","相馬市議会議員選挙","相馬市","福島県",1,0,0,22,56.5,37,15,3,0.166666666666667,0.388888888888889,0.0555555555555556,0.0555555555555556,0.888888888888889
"2019-11-10","葛尾村議会議員選挙","葛尾村","福島県",1,0,0,9,68.5,43,8,0,0.25,0.75,0,0.125,0.875
"2019-11-10","袖ケ浦市議会議員補欠選挙","袖ケ浦市","千葉県",1,0,1,4,66,54,3,0,0.666666666666667,0.666666666666667,0,0,1
"2019-11-10","袖ケ浦市長選挙","袖ケ浦市","千葉県",0,1,0,3,43,43,1,0,1,0,0,0,1
"2019-11-10","釜石市長選挙","釜石市","岩手県",0,1,0,1,66,66,1,0,0,1,0,0,1
"2019-11-10","阿南市議会議員補欠選挙","阿南市","徳島県",1,0,1,5,41,37,2,1,0.666666666666667,0,0,0,1
"2019-11-10","阿南市長選挙","阿南市","徳島県",0,1,0,2,44,44,1,0,1,0,0,0,1
"2019-11-10","香美町議会議員補欠選挙","香美町","兵庫県",1,0,1,3,57,34,3,0,1,0,0,0,1
"2019-11-10","高萩市議会議員選挙","高萩市","茨城県",1,0,0,18,62.5,51,13,1,0,0.5,0.142857142857143,0.0714285714285714,0.714285714285714
"2019-11-17","丸森町議会議員選挙","丸森町","宮城県",1,0,0,14,66.5,42,13,1,0.142857142857143,0.642857142857143,0,0.0714285714285714,0.928571428571429
"2019-11-17","八千代町議会議員選挙","八千代町","茨城県",1,0,0,17,69.5,41,14,0,0.214285714285714,0.642857142857143,0.142857142857143,0,0.857142857142857
"2019-11-17","南相木村長選挙","南相木村","長野県",0,1,0,1,61,61,1,0,0,0,0,0,1
"2019-11-17","大牟田市長選挙","大牟田市","福岡県",0,1,0,3,60,60,1,0,1,0,0,0,1
"2019-11-17","大田原市議会議員選挙","大田原市","栃木県",1,0,0,26,61,35,18,3,0.380952380952381,0.380952380952381,0.0952380952380952,0.0476190476190476,0.80952380952381
"2019-11-17","奥多摩町議会議員選挙","奥多摩町","東京都",1,0,0,16,62.5,40,9,3,0.333333333333333,0.416666666666667,0.0833333333333333,0.0833333333333333,0.666666666666667
"2019-11-17","小美玉市議会議員選挙","小美玉市","茨城県",1,0,0,23,60.5,33,18,2,0.2,0.35,0.15,0.05,0.8
"2019-11-17","御杖村長選挙","御杖村","奈良県",0,1,0,2,66,66,1,0,0,1,0,0,1
"2019-11-17","我孫子市議会議員選挙","我孫子市","千葉県",1,0,0,30,54,36,19,5,0.125,0.375,0.333333333333333,0.125,0.416666666666667
"2019-11-17","東庄町議会議員選挙","東庄町","千葉県",1,0,0,15,65.5,47,13,1,0.142857142857143,0.571428571428571,0.0714285714285714,0,0.928571428571429
"2019-11-17","桶川市議会議員選挙","桶川市","埼玉県",1,0,0,24,58,27,15,4,0.210526315789474,0.263157894736842,0.157894736842105,0.157894736842105,0.578947368421053
"2019-11-17","田尻町長選挙","田尻町","大阪府",0,1,0,2,72,72,1,0,0,1,0,0,1
"2019-11-17","長門市議会議員補欠選挙","長門市","山口県",1,0,1,2,62,62,1,0,1,0,0,0,1
"2019-11-17","長門市長選挙","長門市","山口県",0,1,0,2,56,56,1,0,1,0,0,0,1
"2019-11-17","青梅市長選挙","青梅市","東京都",0,1,0,2,67,67,1,0,0,1,0,0,1
"2019-11-17","飯島町長選挙","飯島町","長野県",0,1,0,1,68,68,1,0,0,1,0,0,1
"2019-11-17","鮭川村議会議員選挙","鮭川村","山形県",1,0,0,11,66.5,40,9,1,0.1,0.5,0,0,1
"2019-11-24","いなべ市議会議員補欠選挙","いなべ市","三重県",1,0,1,2,48,48,1,0,1,0,0,0,1
"2019-11-24","いなべ市長選挙","いなべ市","三重県",0,1,0,1,60,60,1,0,0,0,0,0,1
"2019-11-24","北大東村長選挙","北大東村","沖縄県",0,1,0,1,65,65,1,0,0,1,0,0,1
"2019-11-24","大川村長選挙","大川村","高知県",0,1,0,1,60,60,1,0,0,0,0,0,1
"2019-11-24","松前町長選挙","松前町","愛媛県",0,1,0,1,66,66,1,0,0,1,0,0,1
"2019-11-24","桜井市長選挙","桜井市","奈良県",0,1,0,2,66,66,1,0,0,1,0,0,1
"2019-11-24","白子町議会議員選挙","白子町","千葉県",1,0,0,15,68,34,13,1,0.142857142857143,0.642857142857143,0.0714285714285714,0.0714285714285714,0.857142857142857
"2019-11-24","米沢市長選挙","米沢市","山形県",0,1,0,2,69,69,1,0,0,1,0,0,1
"2019-11-24","金山町議会議員選挙","金山町","福島県",1,0,0,10,58.5,30,7,1,0.375,0.375,0,0,1
"2019-11-24","高知市長選挙","高知市","高知県",0,1,0,5,66,66,1,0,0,1,0,0,1
"2019-12-01","上尾市議会議員選挙","上尾市","埼玉県",1,0,0,41,56,31,24,6,0.3,0.166666666666667,0.166666666666667,0.166666666666667,0.533333333333333
"2019-12-01","北山村議会議員選挙","北山村","和歌山県",1,0,0,6,64,59,5,0,0.4,0.4,0,0,1
"2019-12-01","朝霞市議会議員選挙","朝霞市","埼玉県",1,0,0,26,56,36,17,7,0.25,0.25,0.208333333333333,0.125,0.5
"2019-12-01","茨城町議会議員選挙","茨城町","茨城県",1,0,0,16,63,47,14,2,0.375,0.4375,0.1875,0.0625,0.75
"2019-12-01","邑楽町長選挙","邑楽町","群馬県",0,1,0,2,76,76,1,0,0,1,0,0,1
"2019-12-08","下妻市議会議員選挙","下妻市","茨城県",1,0,0,23,61.5,41,18,2,0.25,0.45,0.1,0.05,0.85
"2019-12-08","宿毛市長選挙","宿毛市","高知県",0,1,0,2,51,51,1,0,0,0,0,0,1
"2019-12-08","小金井市議会議員補欠選挙","小金井市","東京都",1,0,1,4,45,37,1,1,1,0,0.5,0,0.5
"2019-12-08","小金井市長選挙","小金井市","東京都",0,1,0,4,50,50,1,0,0,0,0,0,1
"2019-12-08","広川町議会議員選挙","広川町","福岡県",1,0,0,17,64,47,12,1,0.461538461538462,0.461538461538462,0.0769230769230769,0.0769230769230769,0.846153846153846
"2019-12-08","棚倉町議会議員選挙","棚倉町","福島県",1,0,0,15,67.5,54,13,1,0.142857142857143,0.642857142857143,0,0.0714285714285714,0.928571428571429
"2019-12-08","津久見市長選挙","津久見市","大分県",0,1,0,1,61,61,1,0,0,0,0,0,1
"2019-12-15","南九州市議会議員選挙","南九州市","鹿児島県",1,0,0,22,66,30,17,3,0.15,0.55,0,0.1,0.9
"2019-12-15","南九州市長選挙","南九州市","鹿児島県",0,1,0,1,66,66,1,0,0,1,0,0,1
"2019-12-15","岩沼市議会議員選挙","岩沼市","宮城県",1,0,0,23,58,41,15,3,0.222222222222222,0.277777777777778,0.444444444444444,0.0555555555555556,0.388888888888889
"2019-12-15","涌谷町議会議員選挙","涌谷町","宮城県",1,0,0,14,66,50,12,1,0.153846153846154,0.692307692307692,0,0.0769230769230769,0.923076923076923
"2019-12-15","神山町議会議員選挙","神山町","徳島県",1,0,0,13,65.5,44,8,0,0.375,0.625,0,0,1
"2019-12-15","福井市長選挙","福井市","福井県",0,1,0,3,67,67,1,0,0,1,0,0,1
"2019-12-22","上三川町議会議員選挙","上三川町","栃木県",1,0,0,16,63,46,13,1,0.142857142857143,0.428571428571429,0.0714285714285714,0,0.928571428571429
"2019-12-22","上勝町議会議員選挙","上勝町","徳島県",1,0,0,9,61,49,8,0,0.625,0.375,0,0.125,0.875
"2019-12-22","田子町長選挙","田子町","青森県",0,1,0,2,55,55,1,0,0,0,0,0,1
"2019-12-22","睦沢町議会議員選挙","睦沢町","千葉県",1,0,0,14,69.5,35,13,1,0.214285714285714,0.714285714285714,0.0714285714285714,0,0.928571428571429
"2019-12-22","矢吹町長選挙","矢吹町","福島県",0,1,0,2,61,61,1,0,1,0,0,0,1
"2019-12-22","葉山町長選挙","葉山町","神奈川県",0,1,0,1,42,42,1,0,0,0,0,0,1
"2019-12-22","葛巻町議会議員選挙","葛巻町","岩手県",1,0,0,10,67.5,52,10,0,0.3,0.8,0,0,1
"2020-01-12","泊村長選挙","泊村","北海道",0,1,0,2,49,49,1,0,1,0,0,0,1
"2020-01-19","中津川市長選挙","中津川市","岐阜県",0,1,0,2,68,68,1,0,0,1,0,0,1
"2020-01-19","井川町議会議員選挙","井川町","秋田県",1,0,0,12,64.5,42,11,1,0.333333333333333,0.5,0,0.0833333333333333,0.916666666666667
"2020-01-19","八百津町長選挙","八百津町","岐阜県",0,1,0,1,69,69,1,0,0,1,0,0,1
"2020-01-19","六戸町長選挙","六戸町","青森県",0,1,0,2,69,69,1,0,0,1,0,0,1
"2020-01-19","出雲崎町長選挙","出雲崎町","新潟県",0,1,0,1,86,86,1,0,0,1,0,0,1
"2020-01-19","大刀洗町長選挙","大刀洗町","福岡県",0,1,0,3,53,53,1,0,1,0,0,0,1
"2020-01-19","大津市長選挙","大津市","滋賀県",0,1,0,2,46,46,1,0,1,0,0,0,1
"2020-01-19","東海村議会議員選挙","東海村","茨城県",1,0,0,21,63,45,16,2,0.0555555555555556,0.444444444444444,0.111111111111111,0.0555555555555556,0.777777777777778
"2020-01-19","熊取町長選挙","熊取町","大阪府",0,1,0,2,67,67,1,0,0,1,0,0,0
"2020-01-19","田原本町議会議員補欠選挙","田原本町","奈良県",1,0,1,3,40,40,1,0,1,0,0,0,1
"2020-01-19","田原本町長選挙","田原本町","奈良県",0,1,0,1,44,44,1,0,0,0,0,0,1
"2020-01-19","須坂市長選挙","須坂市","長野県",0,1,0,2,70,70,1,0,0,1,0,0,1
"2020-01-26","八王子市長選挙","八王子市","東京都",0,1,0,4,62,62,1,0,0,0,1,0,0
"2020-01-26","取手市議会議員選挙","取手市","茨城県",1,0,0,31,57.5,33,17,7,0.208333333333333,0.25,0.291666666666667,0.166666666666667,0.458333333333333
"2020-01-26","吉川市議会議員選挙","吉川市","埼玉県",1,0,0,26,56,33,15,5,0.2,0.25,0.35,0.15,0.45
"2020-01-26","吉野町議会議員補欠選挙","吉野町","奈良県",1,0,1,2,57,57,1,0,1,0,0,0,1
"2020-01-26","吉野町長選挙","吉野町","奈良県",0,1,0,2,51,51,1,0,1,0,0,0,1
"2020-01-26","名取市議会議員選挙","名取市","宮城県",1,0,0,22,59,38,16,5,0.19047619047619,0.285714285714286,0.142857142857143,0.142857142857143,0.666666666666667
"2020-01-26","小野町議会議員選挙","小野町","福島県",1,0,0,13,65,51,10,2,0.333333333333333,0.5,0,0,0.916666666666667
"2020-01-26","岩国市長選挙","岩国市","山口県",0,1,0,2,49,49,1,0,0,0,1,0,0
"2020-01-26","府中市長選挙","府中市","東京都",0,1,0,2,58,58,1,0,0,0,1,1,0
"2020-01-26","当麻町長選挙","当麻町","北海道",0,1,0,1,40,40,1,0,1,0,0,0,1
"2020-01-26","潮来市議会議員選挙","潮来市","茨城県",1,0,0,20,61,42,16,0,0.1875,0.375,0.0625,0,0.9375
"2020-01-26","玉村町議会議員補欠選挙","玉村町","群馬県",1,0,1,2,63,63,0,1,1,0,0,0,1
"2020-01-26","玉村町長選挙","玉村町","群馬県",0,1,0,2,67,67,1,0,1,1,0,0,1
"2020-01-26","甲良町議会議員選挙","甲良町","滋賀県",1,0,0,13,66,46,12,0,0.0833333333333333,0.583333333333333,0,0.0833333333333333,0.916666666666667
"2020-01-26","甲良町長選挙","甲良町","滋賀県",0,1,0,2,69,69,1,0,0,1,0,0,1
"2020-01-26","色麻町議会議員選挙","色麻町","宮城県",1,0,0,18,66,38,12,1,0.153846153846154,0.615384615384615,0,0,1
"2020-01-26","須崎市長選挙","須崎市","高知県",0,1,0,1,60,60,1,0,0,0,0,0,1
"2020-01-26","駒ヶ根市議会議員補欠選挙","駒ヶ根市","長野県",1,0,1,2,64,64,0,1,0,0,0,0,1
"2020-01-26","駒ヶ根市長選挙","駒ヶ根市","長野県",0,1,0,2,59,59,1,0,1,0,0,0,1
"2020-02-02","京都市長選挙","京都市","京都府",0,1,0,3,69,69,1,0,0,1,1,0,0
"2020-02-02","北竜町長選挙","北竜町","北海道",0,1,0,1,68,68,1,0,0,1,0,0,1
"2020-02-02","守谷市議会議員選挙","守谷市","茨城県",1,0,0,23,56.5,30,17,3,0.25,0.25,0.1,0.05,0.75
"2020-02-02","川越町長選挙","川越町","三重県",0,1,0,1,65,65,1,0,0,1,0,0,1
"2020-02-02","御殿場市議会議員選挙","御殿場市","静岡県",1,0,0,25,63,41,18,3,0.285714285714286,0.285714285714286,0.142857142857143,0.0476190476190476,0.80952380952381
"2020-02-02","東員町議会議員選挙","東員町","三重県",1,0,0,14,66,52,12,2,0.142857142857143,0.642857142857143,0.0714285714285714,0.0714285714285714,0.857142857142857
"2020-02-02","東神楽町長選挙","東神楽町","北海道",0,1,0,1,53,53,1,0,0,0,0,0,1
"2020-02-02","神栖市議会議員選挙","神栖市","茨城県",1,0,0,27,59,33,21,2,0.173913043478261,0.304347826086957,0.130434782608696,0.0434782608695652,0.826086956521739
"2020-02-02","高取町長選挙","高取町","奈良県",0,1,0,1,76,76,1,0,0,1,0,0,1
"2020-02-02","鳴沢村長選挙","鳴沢村","山梨県",0,1,0,1,72,72,1,0,0,1,0,0,1
"2020-02-02","鶴田町議会議員選挙","鶴田町","青森県",1,0,0,12,67.5,48,11,1,0.166666666666667,0.916666666666667,0,0,1
"2020-02-09","つくばみらい市議会議員選挙","つくばみらい市","茨城県",1,0,0,24,65.5,45,13,5,0.388888888888889,0.5,0.111111111111111,0.111111111111111,0.777777777777778
"2020-02-09","三宅村議会議員選挙","三宅村","東京都",1,0,0,10,62.5,46,7,1,0.125,0.375,0.125,0.125,0.75
"2020-02-09","三宅村長選挙","三宅村","東京都",0,1,0,1,80,80,1,0,0,1,0,0,1
"2020-02-09","五ヶ瀬町議会議員補欠選挙","五ヶ瀬町","宮崎県",1,0,1,1,57,57,1,0,1,0,0,0,1
"2020-02-09","前橋市議会議員補欠選挙","前橋市","群馬県",1,0,1,6,34,26,2,1,1,0,0,0,1
"2020-02-09","前橋市長選挙","前橋市","群馬県",0,1,0,6,60,60,1,0,0,0,0,0,1
"2020-02-09","印南町議会議員補欠選挙","印南町","和歌山県",1,0,1,2,62,62,1,0,1,0,0,0,1
"2020-02-09","印南町長選挙","印南町","和歌山県",0,1,0,1,69,69,1,0,0,1,0,0,1
"2020-02-09","基山町長選挙","基山町","佐賀県",0,1,0,2,62,62,1,0,0,0,0,0,1
"2020-02-09","宮代町議会議員選挙","宮代町","埼玉県",1,0,0,20,64.5,43,11,3,0.357142857142857,0.5,0.142857142857143,0.142857142857143,0.642857142857143
"2020-02-09","川本町長選挙","川本町","島根県",0,1,0,2,59,59,1,0,1,0,0,0,1
"2020-02-09","森町議会議員補欠選挙","森町","静岡県",1,0,1,2,59,48,1,1,1,0.5,0,0,1
"2020-02-09","森町長選挙","森町","静岡県",0,1,0,1,60,60,1,0,0,0,0,0,1
"2020-02-09","江北町長選挙","江北町","佐賀県",0,1,0,1,51,51,1,0,0,0,0,0,1
"2020-02-09","河内町議会議員選挙","河内町","茨城県",1,0,0,12,65,48,11,1,0.166666666666667,0.5,0.0833333333333333,0,0.916666666666667
"2020-02-09","甲州市議会議員補欠選挙","甲州市","山梨県",1,0,1,2,46,46,0,1,1,0,0,0,1
"2020-02-09","甲州市長選挙","甲州市","山梨県",0,1,0,2,68,68,1,0,1,1,0,0,1
"2020-02-09","皆野町議会議員選挙","皆野町","埼玉県",1,0,0,12,68.5,51,10,2,0,0.583333333333333,0.0833333333333333,0.0833333333333333,0.75
"2020-02-09","舟形町長選挙","舟形町","山形県",0,1,0,1,59,59,1,0,0,0,0,0,1
"2020-02-09","芝山町議会議員選挙","芝山町","千葉県",1,0,0,12,62.5,31,11,1,0.0833333333333333,0.5,0,0,1
"2020-02-09","藍住町議会議員選挙","藍住町","徳島県",1,0,0,21,63,25,15,1,0.5,0.4375,0.0625,0.0625,0.875
"2020-02-09","豊田市議会議員補欠選挙","豊田市","愛知県",1,0,1,2,52,52,1,0,1,0,0,0,1
"2020-02-09","豊田市長選挙","豊田市","愛知県",0,1,0,2,65,65,1,0,0,1,0,0,1
"2020-02-16","五戸町議会議員選挙","五戸町","青森県",1,0,0,17,64,30,16,0,0.0625,0.5,0,0,1
"2020-02-16","八幡市長選挙","八幡市","京都府",0,1,0,2,68,68,1,0,0,1,1,0,0
"2020-02-16","大江町長選挙","大江町","山形県",0,1,0,1,61,61,1,0,1,0,0,0,1
"2020-02-16","川上村長選挙","川上村","長野県",0,1,0,2,72,72,1,0,1,1,0,0,1
"2020-02-16","弥富市議会議員選挙","弥富市","愛知県",1,0,0,19,54,30,14,2,0.3125,0.3125,0.125,0.125,0.75
"2020-02-16","新座市議会議員選挙","新座市","埼玉県",1,0,0,30,55.5,35,14,12,0.384615384615385,0.192307692307692,0.269230769230769,0.230769230769231,0.461538461538462
"2020-02-16","本巣市議会議員補欠選挙","本巣市","岐阜県",1,0,1,3,33,33,1,0,0,0,0,0,1
"2020-02-16","本巣市長選挙","本巣市","岐阜県",0,1,0,1,72,72,1,0,0,1,0,0,1
"2020-02-16","板柳町議会議員選挙","板柳町","青森県",1,0,0,13,63,36,11,1,0.25,0.333333333333333,0,0,1
"2020-02-16","猪苗代町議会議員選挙","猪苗代町","福島県",1,0,0,15,67,35,11,4,0.2,0.666666666666667,0.0666666666666667,0.0666666666666667,0.866666666666667
"2020-02-16","藤沢市長選挙","藤沢市","神奈川県",0,1,0,3,70,70,1,0,0,1,0,0,1
"2020-02-16","那珂市議会議員選挙","那珂市","茨城県",1,0,0,19,61,41,16,1,0.0588235294117647,0.352941176470588,0.117647058823529,0.0588235294117647,0.764705882352941
"2020-02-16","金ケ崎町議会議員選挙","金ケ崎町","岩手県",1,0,0,18,69,39,13,3,0.25,0.6875,0.0625,0.0625,0.8125
"2020-02-16","飛騨市議会議員選挙","飛騨市","岐阜県",1,0,0,13,63,49,9,4,0.307692307692308,0.307692307692308,0.0769230769230769,0.0769230769230769,0.769230769230769
"2020-02-16","飛騨市長選挙","飛騨市","岐阜県",0,1,0,1,52,52,1,0,0,0,0,0,1
"2020-02-23","北方町長選挙","北方町","岐阜県",0,1,0,1,64,64,1,0,0,0,0,0,1
"2020-02-23","四街道市議会議員選挙","四街道市","千葉県",1,0,0,24,64,38,15,5,0.2,0.5,0.15,0.1,0.6
"2020-02-23","松川村議会議員補欠選挙","松川村","長野県",1,0,1,3,69,69,1,0,1,1,0,0,1
"2020-02-23","松川村長選挙","松川村","長野県",0,1,0,1,77,77,1,0,0,1,0,0,1
"2020-02-23","草津市長選挙","草津市","滋賀県",0,1,0,1,71,71,1,0,0,1,0,0,1
"2020-02-23","蔵王町議会議員選挙","蔵王町","宮城県",1,0,0,17,67,38,15,0,0.133333333333333,0.8,0.0666666666666667,0.0666666666666667,0.8
"2020-03-01","対馬市議会議員補欠選挙","対馬市","長崎県",1,0,1,3,64,64,1,0,0,0,0,0,1
"2020-03-01","対馬市長選挙","対馬市","長崎県",0,1,0,2,65,65,1,0,0,1,1,0,0
"2020-03-01","東串良町長選挙","東串良町","鹿児島県",0,1,0,1,69,69,1,0,0,1,0,0,1
"2020-03-01","相良村長選挙","相良村","熊本県",0,1,0,2,66,66,1,0,1,1,0,0,1
"2020-03-08","三戸町議会議員選挙","三戸町","青森県",1,0,0,19,60.5,32,12,2,0.357142857142857,0.357142857142857,0,0,1
"2020-03-08","三沢市議会議員選挙","三沢市","青森県",1,0,0,21,63.5,30,15,3,0.111111111111111,0.444444444444444,0.722222222222222,0.0555555555555556,0.222222222222222
"2020-03-15","今別町議会議員選挙","今別町","青森県",1,0,0,8,64,35,7,0,0.142857142857143,0.428571428571429,0,0,1
"2020-03-15","千代田町議会議員選挙","千代田町","群馬県",1,0,0,12,50,44,12,0,0.25,0.166666666666667,0,0,1
"2020-03-15","千代田町長選挙","千代田町","群馬県",0,1,0,1,59,59,1,0,0,0,0,0,1
"2020-03-15","国頭村長選挙","国頭村","沖縄県",0,1,0,1,60,60,1,0,1,0,0,0,1
"2020-03-15","多賀町議会議員選挙","多賀町","滋賀県",1,0,0,13,69.5,49,11,1,0.25,0.833333333333333,0,0.0833333333333333,0.916666666666667
"2020-03-15","多賀町長選挙","多賀町","滋賀県",0,1,0,2,66,66,1,0,0,1,0,0,1
"2020-03-15","大子町議会議員選挙","大子町","茨城県",1,0,0,18,63,46,12,1,0.230769230769231,0.384615384615385,0.307692307692308,0,0.692307692307692
"2020-03-15","平内町議会議員選挙","平内町","青森県",1,0,0,15,65.5,47,11,1,0.0833333333333333,0.5,0,0.0833333333333333,0.916666666666667
"2020-03-15","松本市長選挙","松本市","長野県",0,1,0,6,56,56,1,0,1,0,0,0,1
"2020-03-15","横芝光町長選挙","横芝光町","千葉県",0,1,0,1,62,62,1,0,0,0,0,0,1
"2020-03-15","池田町長選挙","池田町","長野県",0,1,0,3,72,72,1,0,0,1,0,0,1
"2020-03-15","湯河原町議会議員選挙","湯河原町","神奈川県",1,0,0,17,64,31,12,2,0.285714285714286,0.428571428571429,0.0714285714285714,0.0714285714285714,0.857142857142857
"2020-03-15","笠置町長選挙","笠置町","京都府",0,1,0,2,61,61,1,0,1,0,0,0,1
"2020-03-15","鰺ヶ沢町議会議員選挙","鰺ヶ沢町","青森県",1,0,0,16,67,44,12,0,0.0833333333333333,0.583333333333333,0,0,1
"2020-03-22","かほく市議会議員補欠選挙","かほく市","石川県",1,0,1,1,56,56,1,0,1,0,0,0,1
"2020-03-22","かほく市長選挙","かほく市","石川県",0,1,0,1,70,70,1,0,0,1,0,0,1
"2020-03-22","下郷町議会議員選挙","下郷町","福島県",1,0,0,14,66,37,11,1,0.25,0.666666666666667,0,0,1
"2020-03-22","会津坂下町議会議員選挙","会津坂下町","福島県",1,0,0,17,64,29,10,4,0.142857142857143,0.428571428571429,0,0.0714285714285714,0.928571428571429
"2020-03-22","南陽市議会議員選挙","南陽市","山形県",1,0,0,18,68,57,16,1,0.176470588235294,0.764705882352941,0.0588235294117647,0.0588235294117647,0.882352941176471
"2020-03-22","古殿町議会議員選挙","古殿町","福島県",1,0,0,14,66,54,12,0,0.25,0.583333333333333,0,0.0833333333333333,0.916666666666667
"2020-03-22","塙町議会議員選挙","塙町","福島県",1,0,0,16,64,49,13,0,0.307692307692308,0.307692307692308,0,0,1
"2020-03-22","大府市長選挙","大府市","愛知県",0,1,0,1,66,66,1,0,0,1,0,0,1
"2020-03-22","大阪市議会議員再選挙（中央区選挙区）","大阪市","大阪府",1,0,0,3,48,48,1,0,1,0,0,0,0
"2020-03-22","天栄村議会議員選挙","天栄村","福島県",1,0,0,10,67.5,48,9,1,0,0.7,0,0.1,0.9
"2020-03-22","富岡町議会議員選挙","富岡町","福島県",1,0,0,11,59.5,43,9,1,0.2,0.3,0,0,1
"2020-03-22","平田村議会議員選挙","平田村","福島県",1,0,0,12,64.5,55,11,1,0.25,0.5,0,0.0833333333333333,0.916666666666667
"2020-03-22","日向市長選挙","日向市","宮崎県",0,1,0,2,65,65,1,0,0,1,0,0,1
"2020-03-22","柳津町議会議員選挙","柳津町","福島県",1,0,0,11,65.5,38,10,0,0,0.5,0,0,1
"2020-03-22","玉川村議会議員選挙","玉川村","福島県",1,0,0,13,71,63,11,1,0.166666666666667,0.75,0,0,1
"2020-03-22","球磨村議会議員補欠選挙","球磨村","熊本県",1,0,1,1,70,70,1,0,1,1,0,0,1
"2020-03-22","球磨村長選挙","球磨村","熊本県",0,1,0,2,57,57,1,0,1,0,0,0,1
"2020-03-22","矢吹町議会議員選挙","矢吹町","福島県",1,0,0,14,60.5,42,14,0,0.428571428571429,0.142857142857143,0,0.0714285714285714,0.928571428571429
"2020-03-22","矢祭町議会議員選挙","矢祭町","福島県",1,0,0,12,62,50,9,1,0.2,0.3,0,0.1,0.9
"2020-03-22","知内町議会議員選挙","知内町","北海道",1,0,0,13,69,50,9,1,0.1,0.9,0.1,0,0.9
"2020-03-22","笠松町議会議員選挙","笠松町","岐阜県",1,0,0,12,64,49,8,2,0.3,0.5,0,0.1,0.9
"2020-03-22","羽後町議会議員選挙","羽後町","秋田県",1,0,0,17,68.5,40,16,0,0.0625,0.75,0,0.125,0.875
"2020-03-22","藤里町議会議員選挙","藤里町","秋田県",1,0,0,12,68.5,60,10,0,0.1,0.7,0,0,1
"2020-03-22","阿見町議会議員選挙","阿見町","茨城県",1,0,0,22,63.5,25,16,2,0.111111111111111,0.444444444444444,0.166666666666667,0.0555555555555556,0.722222222222222
"2020-03-23","小坂町議会議員選挙","小坂町","秋田県",1,0,0,14,68.5,53,11,1,0.166666666666667,0.666666666666667,0.0833333333333333,0.0833333333333333,0.833333333333333
"2020-03-29","五城目町議会議員選挙","五城目町","秋田県",1,0,0,15,67,38,11,3,0.214285714285714,0.571428571428571,0.0714285714285714,0.0714285714285714,0.857142857142857
"2020-03-29","北上市議会議員選挙","北上市","岩手県",1,0,0,26,63,44,20,6,0.230769230769231,0.384615384615385,0.0769230769230769,0.153846153846154,0.730769230769231
"2020-03-29","南山城村議会議員選挙","南山城村","京都府",1,0,0,11,69,63,8,2,0.2,0.9,0.1,0.2,0.7
"2020-03-29","只見町議会議員選挙","只見町","福島県",1,0,0,13,68,39,12,0,0.25,0.666666666666667,0,0.0833333333333333,0.916666666666667
"2020-03-29","大和町議会議員選挙","大和町","宮城県",1,0,0,19,63.5,45,16,2,0.222222222222222,0.444444444444444,0.0555555555555556,0.0555555555555556,0.888888888888889
"2020-03-29","宮田村議会議員選挙","宮田村","長野県",1,0,0,12,64,41,11,1,0.166666666666667,0.5,0,0.0833333333333333,0.916666666666667
"2020-03-29","川崎町議会議員選挙","川崎町","宮城県",1,0,0,15,68,46,12,1,0.153846153846154,0.615384615384615,0.153846153846154,0.0769230769230769,0.769230769230769
"2020-03-29","松前町長選挙","松前町","北海道",0,1,0,1,64,64,1,0,0,0,0,0,1
"2020-03-29","池田町議会議員選挙","池田町","岐阜県",1,0,0,10,67.5,54,10,0,0,0.8,0,0.1,0.9
"2020-03-29","河南町議会議員補欠選挙","河南町","大阪府",1,0,1,1,40,40,1,0,1,0,0,0,1
"2020-03-29","河南町長選挙","河南町","大阪府",0,1,0,2,63,63,1,0,1,0,0,0,1
"2020-03-29","豊前市議会議員選挙","豊前市","福岡県",1,0,0,16,58,47,11,2,0.153846153846154,0.230769230769231,0.0769230769230769,0.0769230769230769,0.846153846153846
"2020-03-29","郡上市議会議員選挙","郡上市","岐阜県",1,0,0,19,63,40,16,2,0.277777777777778,0.444444444444444,0,0.0555555555555556,0.944444444444444
"2020-03-29","郡上市長選挙","郡上市","岐阜県",0,1,0,1,76,76,1,0,0,1,0,0,1
"2020-03-29","飛島村議会議員補欠選挙","飛島村","愛知県",1,0,1,1,57,57,0,1,1,0,0,0,1
"2020-03-29","飛島村長選挙","飛島村","愛知県",0,1,0,2,62,62,1,0,1,0,0,0,1
"2020-04-05","平泉町議会議員選挙","平泉町","岩手県",1,0,0,13,63,39,10,2,0.25,0.333333333333333,0.0833333333333333,0.166666666666667,0.75
"2020-04-05","広陵町議会議員選挙","広陵町","奈良県",1,0,0,15,64.5,26,11,3,0.214285714285714,0.5,0.142857142857143,0.142857142857143,0.714285714285714
"2020-04-05","徳島市長選挙","徳島市","徳島県",0,1,0,2,36,36,0,1,1,0,0,0,1
"2020-04-05","福山市議会議員選挙","福山市","広島県",1,0,0,46,59,27,33,5,0.315789473684211,0.289473684210526,0.184210526315789,0.0789473684210526,0.684210526315789
"2020-04-05","高砂市議会議員補欠選挙","高砂市","兵庫県",1,0,1,3,42,42,0,1,1,0,0,0,1
"2020-04-05","高砂市長選挙","高砂市","兵庫県",0,1,0,2,60,60,1,0,1,0,0,0,1
"2020-04-12","三次市議会議員選挙","三次市","広島県",1,0,0,26,61.5,29,21,3,0.25,0.291666666666667,0.0833333333333333,0.0416666666666667,0.833333333333333
"2020-04-12","上川町議会議員選挙","上川町","北海道",1,0,0,14,64,46,10,1,0.272727272727273,0.363636363636364,0,0.0909090909090909,0.909090909090909
"2020-04-12","上川町長選挙","上川町","北海道",0,1,0,1,71,71,1,0,0,1,0,0,1
"2020-04-12","下呂市議会議員選挙","下呂市","岐阜県",1,0,0,15,62,46,12,2,0.357142857142857,0.428571428571429,0.0714285714285714,0.142857142857143,0.785714285714286
"2020-04-12","下呂市長選挙","下呂市","岐阜県",0,1,0,2,62,62,1,0,1,0,0,0,1
"2020-04-12","下松市長選挙","下松市","山口県",0,1,0,1,70,70,1,0,0,1,0,0,1
"2020-04-12","九戸村長選挙","九戸村","岩手県",0,1,0,2,65,65,1,0,1,1,0,0,1
"2020-04-12","佐渡市議会議員選挙","佐渡市","新潟県",1,0,0,24,58,31,19,2,0.285714285714286,0.285714285714286,0.0476190476190476,0.0952380952380952,0.857142857142857
"2020-04-12","佐渡市長選挙","佐渡市","新潟県",0,1,0,5,55,55,1,0,1,0,0,0,1
"2020-04-12","坂戸市議会議員選挙","坂戸市","埼玉県",1,0,0,24,56.5,25,16,4,0.15,0.25,0.2,0.25,0.45
"2020-04-12","坂戸市長選挙","坂戸市","埼玉県",0,1,0,4,69,69,1,0,0,1,0,0,1
"2020-04-12","壱岐市議会議員補欠選挙","壱岐市","長崎県",1,0,1,2,57,57,1,0,1,0,0,0,1
"2020-04-12","壱岐市長選挙","壱岐市","長崎県",0,1,0,2,69,69,1,0,0,1,0,0,1
"2020-04-12","太子町議会議員補欠選挙","太子町","大阪府",1,0,1,1,63,63,1,0,1,0,0,0,1
"2020-04-12","太子町長選挙","太子町","大阪府",0,1,0,3,59,59,1,0,1,0,0,0,0
"2020-04-12","安芸高田市議会議員補欠選挙","安芸高田市","広島県",1,0,1,3,64,64,1,0,1,0,0,0,1
"2020-04-12","安芸高田市長選挙","安芸高田市","広島県",0,1,0,1,57,57,1,0,1,0,0,0,1
"2020-04-12","小諸市長選挙","小諸市","長野県",0,1,0,1,56,56,1,0,0,0,0,0,1
"2020-04-12","川内村長選挙","川内村","福島県",0,1,0,2,65,65,1,0,0,1,0,0,1
"2020-04-12","常陸大宮市議会議員補欠選挙","常陸大宮市","茨城県",1,0,1,2,61,61,1,0,1,0,0,0,1
"2020-04-12","常陸大宮市長選挙","常陸大宮市","茨城県",0,1,0,1,53,53,1,0,1,0,0,0,1
"2020-04-12","御前崎市議会議員選挙","御前崎市","静岡県",1,0,0,20,66,51,14,1,0.4,0.6,0.0666666666666667,0,0.933333333333333
"2020-04-12","御前崎市長選挙","御前崎市","静岡県",0,1,0,2,73,73,1,0,0,1,0,0,1
"2020-04-12","志木市議会議員選挙","志木市","埼玉県",1,0,0,14,51,28,12,2,0.357142857142857,0.142857142857143,0.214285714285714,0.0714285714285714,0.571428571428571
"2020-04-12","東御市議会議員補欠選挙","東御市","長野県",1,0,1,1,42,42,1,0,1,0,0,0,1
"2020-04-12","東御市長選挙","東御市","長野県",0,1,0,2,69,69,1,0,0,1,0,0,1
"2020-04-12","松伏町議会議員選挙","松伏町","埼玉県",1,0,0,18,63,26,12,3,0.266666666666667,0.333333333333333,0.133333333333333,0.133333333333333,0.666666666666667
"2020-04-12","楢葉町議会議員補欠選挙","楢葉町","福島県",1,0,1,1,54,54,1,0,1,0,0,0,1
"2020-04-12","楢葉町長選挙","楢葉町","福島県",0,1,0,1,59,59,1,0,0,0,0,0,1
"2020-04-12","矢板市長選挙","矢板市","栃木県",0,1,0,2,47,47,1,0,0,0,0,0,1
"2020-04-12","茨木市議会議員補欠選挙","茨木市","大阪府",1,0,1,7,47,47,2,1,0.666666666666667,0,0.333333333333333,0,0
"2020-04-12","茨木市長選挙","茨木市","大阪府",0,1,0,2,44,44,1,0,0,0,0,0,1
"2020-04-12","行橋市議会議員選挙","行橋市","福岡県",1,0,0,23,59.5,36,17,3,0.15,0.3,0.1,0.1,0.8
"2020-04-19","三島町議会議員選挙","三島町","福島県",1,0,0,8,65.5,43,8,0,0.25,0.625,0,0,1
"2020-04-19","伊豆市長選挙","伊豆市","静岡県",0,1,0,3,61,61,1,0,0,0,0,0,1
"2020-04-19","南木曽町議会議員選挙","南木曽町","長野県",1,0,0,10,66.5,51,9,1,0.1,0.7,0,0.1,0.9
"2020-04-19","南木曽町長選挙","南木曽町","長野県",0,1,0,1,60,60,1,0,0,0,0,0,1
"2020-04-19","大東市議会議員選挙","大東市","大阪府",1,0,0,19,49,30,14,3,0.176470588235294,0.117647058823529,0.352941176470588,0.117647058823529,0.294117647058824
"2020-04-19","大東市長選挙","大東市","大阪府",0,1,0,2,57,57,1,0,0,0,0,0,1
"2020-04-19","富津市議会議員選挙","富津市","千葉県",1,0,0,17,58.5,38,14,2,0.3125,0.1875,0.0625,0.0625,0.875
"2020-04-19","川本町議会議員選挙","川本町","島根県",1,0,0,13,65,31,7,2,0.444444444444444,0.555555555555556,0,0,1
"2020-04-19","川西町長選挙","川西町","山形県",0,1,0,1,63,63,1,0,0,0,0,0,1
"2020-04-19","広尾町議会議員選挙","広尾町","北海道",1,0,0,13,70,50,11,2,0.0769230769230769,0.769230769230769,0,0.153846153846154,0.846153846153846
"2020-04-19","広尾町長選挙","広尾町","北海道",0,1,0,1,68,68,1,0,0,1,0,0,1
"2020-04-19","木古内町議会議員補欠選挙","木古内町","北海道",1,0,1,1,66,66,1,0,0,1,0,0,0
"2020-04-19","木古内町長選挙","木古内町","北海道",0,1,0,2,40,40,1,0,1,0,0,0,1
"2020-04-19","村上市議会議員選挙","村上市","新潟県",1,0,0,24,65,49,20,2,0.136363636363636,0.545454545454545,0.0454545454545455,0.0454545454545455,0.909090909090909
"2020-04-19","栄町議会議員選挙","栄町","千葉県",1,0,0,17,67,43,11,3,0.214285714285714,0.714285714285714,0.0714285714285714,0.0714285714285714,0.785714285714286
"2020-04-19","目黒区長選挙","目黒区","東京都",0,1,0,3,65,65,1,0,0,1,1,0,0
"2020-04-19","碧南市議会議員選挙","碧南市","愛知県",1,0,0,26,59,38,19,3,0.181818181818182,0.227272727272727,0.136363636363636,0.0909090909090909,0.772727272727273
"2020-04-19","碧南市長選挙","碧南市","愛知県",0,1,0,1,68,68,1,0,0,1,0,0,1
"2020-04-19","笠岡市議会議員選挙","笠岡市","岡山県",1,0,0,22,62.5,43,15,5,0.25,0.45,0.1,0.05,0.85
"2020-04-19","笠岡市長選挙","笠岡市","岡山県",0,1,0,3,59,59,1,0,0,0,0,0,1
"2020-04-19","美祢市議会議員選挙","美祢市","山口県",1,0,0,22,64.5,43,14,2,0.375,0.5,0.0625,0.125,0.8125
"2020-04-19","美祢市長選挙","美祢市","山口県",0,1,0,2,56,56,1,0,1,0,0,0,1
"2020-04-19","金山町長選挙","金山町","山形県",0,1,0,1,63,63,1,0,1,0,0,0,1
"2020-04-19","阿賀野市議会議員補欠選挙","阿賀野市","新潟県",1,0,1,4,61,40,3,0,1,0.333333333333333,0,0.333333333333333,0.666666666666667
"2020-04-19","阿賀野市長選挙","阿賀野市","新潟県",0,1,0,3,68,68,1,0,0,1,0,0,1
"2020-04-19","高浜町長選挙","高浜町","福井県",0,1,0,2,59,59,1,0,0,0,0,0,1
"2020-04-19","魚津市議会議員選挙","魚津市","富山県",1,0,0,20,64,41,14,3,0.0588235294117647,0.411764705882353,0.411764705882353,0.117647058823529,0.470588235294118
"2020-04-19","魚津市長選挙","魚津市","富山県",0,1,0,2,62,62,1,0,0,0,0,0,1
"2020-04-19","鹿児島市議会議員選挙","鹿児島市","鹿児島県",1,0,0,60,60,32,36,9,0.133333333333333,0.333333333333333,0.6,0.155555555555556,0.155555555555556
"2020-04-26","あさぎり町議会議員選挙","あさぎり町","熊本県",1,0,0,17,63.5,53,11,3,0.0714285714285714,0.428571428571429,0,0,1
"2020-04-26","上越市議会議員選挙","上越市","新潟県",1,0,0,36,62.5,29,25,7,0.28125,0.4375,0.0625,0.09375,0.84375
"2020-04-26","丹波篠山市議会議員選挙","丹波篠山市","兵庫県",1,0,0,23,63.5,45,14,4,0.166666666666667,0.444444444444444,0.111111111111111,0.0555555555555556,0.777777777777778
"2020-04-26","京丹後市議会議員選挙","京丹後市","京都府",1,0,0,27,60.5,26,17,3,0.3,0.35,0.1,0.15,0.7
"2020-04-26","京丹後市長選挙","京丹後市","京都府",0,1,0,4,60,60,1,0,0,0,0,0,1
"2020-04-26","伊奈町長選挙","伊奈町","埼玉県",0,1,0,1,71,71,1,0,0,1,0,0,1
"2020-04-26","倉敷市議会議員補欠選挙","倉敷市","岡山県",1,0,1,8,61,46,2,1,0.666666666666667,0,0,0.333333333333333,0.666666666666667
"2020-04-26","倉敷市長選挙","倉敷市","岡山県",0,1,0,2,53,53,0,1,0,0,0,0,1
"2020-04-26","十島村議会議員選挙","十島村","鹿児島県",1,0,0,12,57.5,50,8,0,0.25,0.375,0,0,1
"2020-04-26","十島村長選挙","十島村","鹿児島県",0,1,0,1,65,65,1,0,0,1,0,0,1
"2020-04-26","南富良野町長選挙","南富良野町","北海道",0,1,0,1,70,70,1,0,0,1,0,0,1
"2020-04-26","大船渡市議会議員選挙","大船渡市","岩手県",1,0,0,21,60,45,19,1,0.2,0.35,0.05,0.1,0.85
"2020-04-26","山県市議会議員選挙","山県市","岐阜県",1,0,0,15,55,35,11,2,0.153846153846154,0.307692307692308,0.0769230769230769,0.0769230769230769,0.692307692307692
"2020-04-26","扶桑町議会議員選挙","扶桑町","愛知県",1,0,0,16,NA,NA,14,2,0.25,NA,0.0625,0.125,0.8125
"2020-04-26","扶桑町長選挙","扶桑町","愛知県",0,1,0,2,59,59,1,0,1,0,0,0,1
"2020-04-26","日高市長選挙","日高市","埼玉県",0,1,0,1,65,65,1,0,0,1,0,0,1
"2020-04-26","栄村議会議員補欠選挙","栄村","長野県",1,0,1,1,73,73,1,0,0,1,0,1,0
"2020-04-26","栄村長選挙","栄村","長野県",0,1,0,2,66,66,1,0,1,1,0,0,1
"2020-04-26","浦臼町長選挙","浦臼町","北海道",0,1,0,1,59,59,1,0,1,0,0,0,1
"2020-04-26","瑞穂市議会議員選挙","瑞穂市","岐阜県",1,0,0,26,67,40,18,0,0.388888888888889,0.555555555555556,0.333333333333333,0.0555555555555556,0.555555555555556
"2020-04-26","由良町議会議員補欠選挙","由良町","和歌山県",1,0,1,3,65,64,2,0,1,0.5,0,0,1
"2020-04-26","由良町長選挙","由良町","和歌山県",0,1,0,3,63,63,1,0,1,0,0,0,1
"2020-04-26","白浜町長選挙","白浜町","和歌山県",0,1,0,3,65,65,1,0,0,1,0,0,1
"2020-04-26","石岡市長選挙","石岡市","茨城県",0,1,0,3,57,57,1,0,1,0,0,0,1
"2020-04-26","福生市長選挙","福生市","東京都",0,1,0,2,66,66,1,0,0,1,0,0,1
"2020-04-26","美里町議会議員補欠選挙","美里町","埼玉県",1,0,1,3,66,66,1,0,1,1,0,0,1
"2020-04-26","美里町長選挙","美里町","埼玉県",0,1,0,3,61,61,1,0,0,0,0,0,1
"2020-04-26","茂原市議会議員補欠選挙","茂原市","千葉県",1,0,1,1,64,64,1,0,1,0,0,0,1
"2020-04-26","茂原市長選挙","茂原市","千葉県",0,1,0,2,68,68,1,0,0,1,0,0,1
"2020-04-26","西予市議会議員選挙","西予市","愛媛県",1,0,0,21,64,36,16,2,0.0555555555555556,0.444444444444444,0.0555555555555556,0.0555555555555556,0.888888888888889
"2020-04-26","西予市長選挙","西予市","愛媛県",0,1,0,1,65,65,1,0,0,1,0,0,1
"2020-04-26","道志村議会議員選挙","道志村","山梨県",1,0,0,10,67,58,10,0,0.4,0.7,0,0,1
"2020-04-26","長与町長選挙","長与町","長崎県",0,1,0,1,69,69,1,0,0,1,0,0,1
"2020-04-26","鶴居村長選挙","鶴居村","北海道",0,1,0,1,60,60,1,0,0,0,0,0,1
"2020-05-03","宇陀市議会議員選挙","宇陀市","奈良県",1,0,0,22,56,34,12,2,0.142857142857143,0.285714285714286,0.214285714285714,0.0714285714285714,0.714285714285714
"2020-05-03","本山町長選挙","本山町","高知県",0,1,0,4,63,63,1,0,0,0,0,0,1
"2020-05-10","屋久島町議会議員補欠選挙","屋久島町","鹿児島県",1,0,1,4,47,42,3,0,0.333333333333333,0.333333333333333,0,0,1
"2020-05-17","一宮町長選挙","一宮町","千葉県",0,1,0,3,62,62,1,0,0,0,0,0,1
"2020-05-17","奥多摩町長選挙","奥多摩町","東京都",0,1,0,2,66,66,1,0,1,1,0,0,1
"2020-05-17","安田町長選挙","安田町","高知県",0,1,0,1,58,58,1,0,0,0,0,0,1
"2020-05-17","小田原市長選挙","小田原市","神奈川県",0,1,0,2,53,53,1,0,1,0,1,0,0
"2020-05-17","昭和村長選挙","昭和村","群馬県",0,1,0,1,69,69,1,0,0,1,0,0,1
"2020-05-17","白糠町長選挙","白糠町","北海道",0,1,0,1,70,70,1,0,0,1,0,0,1
"2020-05-24","上砂川町議会議員補欠選挙","上砂川町","北海道",1,0,1,5,69.5,66,0,2,1,1,0,0,1
"2020-05-24","別海町長選挙","別海町","北海道",0,1,0,3,68,68,1,0,0,1,0,0,1
"2020-05-24","大和村議会議員選挙","大和村","鹿児島県",1,0,0,10,59,45,8,0,0.125,0.375,0,0,1
"2020-05-24","安芸太田町長選挙","安芸太田町","広島県",0,1,0,2,49,49,1,0,1,0,0,0,1
"2020-05-24","富加町長選挙","富加町","岐阜県",0,1,0,1,69,69,1,0,0,1,0,0,1
"2020-05-24","府中町長選挙","府中町","広島県",0,1,0,1,66,66,1,0,0,1,0,0,1
"2020-05-24","御坊市長選挙","御坊市","和歌山県",0,1,0,1,60,60,1,0,1,0,0,0,1
"2020-05-24","御所市長選挙","御所市","奈良県",0,1,0,1,58,58,1,0,0,0,0,0,1
"2020-05-24","日高村長選挙","日高村","高知県",0,1,0,1,66,66,1,0,0,1,0,0,1
"2020-05-24","相生市長選挙","相生市","兵庫県",0,1,0,1,71,71,1,0,0,1,0,0,1
"2020-05-24","置戸町長選挙","置戸町","北海道",0,1,0,2,56,56,1,0,1,0,0,0,1
"2020-05-24","美馬市長選挙","美馬市","徳島県",0,1,0,1,58,58,1,0,0,0,0,0,1
"2020-05-24","藤枝市議会議員補欠選挙","藤枝市","静岡県",1,0,1,2,42,36,1,1,1,0,0,0,1
"2020-05-24","藤枝市長選挙","藤枝市","静岡県",0,1,0,1,73,73,1,0,0,1,0,0,1
"2020-05-24","香芝市長選挙","香芝市","奈良県",0,1,0,2,46,46,1,0,1,0,0,0,1
"2020-05-24","鹿沼市長選挙","鹿沼市","栃木県",0,1,0,2,73,73,1,0,0,1,0,0,1
"2020-05-31","小菅村議会議員補欠選挙","小菅村","山梨県",1,0,1,3,59,54,2,0,1,0,0,0,1
"2020-05-31","小菅村長選挙","小菅村","山梨県",0,1,0,2,62,62,1,0,0,0,0,0,1
"2020-06-07","中城村議会議員補欠選挙","中城村","沖縄県",1,0,1,4,62,62,1,0,1,0,0,0,1
"2020-06-07","中城村長選挙","中城村","沖縄県",0,1,0,1,57,57,1,0,0,0,0,0,1
"2020-06-07","古座川町議会議員選挙","古座川町","和歌山県",1,0,0,12,68,51,8,2,0.2,0.7,0,0.1,0.9
"2020-06-07","古座川町長選挙","古座川町","和歌山県",0,1,0,3,71,71,1,0,0,1,0,0,1
"2020-06-07","周南市議会議員選挙","周南市","山口県",1,0,0,33,57.5,32,25,5,0.2,0.266666666666667,0.166666666666667,0.133333333333333,0.7
"2020-06-07","小松島市長選挙","小松島市","徳島県",0,1,0,2,56,56,1,0,1,0,0,0,1
"2020-06-07","智頭町議会議員補欠選挙","智頭町","鳥取県",1,0,1,3,42.5,26,1,1,1,0,0,0,1
"2020-06-07","智頭町長選挙","智頭町","鳥取県",0,1,0,2,66,66,1,0,1,1,0,0,1
"2020-06-07","港区長選挙","港区","東京都",0,1,0,5,67,67,1,0,0,1,1,1,0
"2020-06-07","積丹町長選挙","積丹町","北海道",0,1,0,1,72,72,1,0,0,1,0,0,1
"2020-06-07","糸満市議会議員補欠選挙","糸満市","沖縄県",1,0,1,3,56,56,1,0,1,0,0,0,1
"2020-06-07","糸満市長選挙","糸満市","沖縄県",0,1,0,3,54,54,1,0,1,0,0,0,1
"2020-06-14","平取町長選挙","平取町","北海道",0,1,0,1,62,62,1,0,1,0,0,0,1
"2020-06-14","福知山市長選挙","福知山市","京都府",0,1,0,4,66,66,1,0,0,1,0,0,1
"2020-06-14","竜王町長選挙","竜王町","滋賀県",0,1,0,2,68,68,1,0,0,1,0,0,1
"2020-06-21","下田市長選挙","下田市","静岡県",0,1,0,2,59,59,1,0,1,0,0,0,1
"2020-06-21","千早赤阪村長選挙","千早赤阪村","大阪府",0,1,0,2,65,65,1,0,1,1,0,0,1
"2020-06-21","長生村議会議員補欠選挙","長生村","千葉県",1,0,1,2,61,61,1,0,1,0,0,0,1
"2020-06-21","長生村長選挙","長生村","千葉県",0,1,0,1,67,67,1,0,0,1,0,0,1
"2020-06-28","うきは市長選挙","うきは市","福岡県",0,1,0,1,68,68,1,0,0,1,0,0,1
"2020-06-28","厚真町議会議員再選挙","厚真町","北海道",1,0,0,2,64,64,1,0,1,0,0,0,1
"2020-06-28","厚真町長選挙","厚真町","北海道",0,1,0,1,64,64,1,0,0,0,0,0,1
"2020-06-28","塙町長選挙","塙町","福島県",0,1,0,2,70,70,1,0,0,1,0,0,1
"2020-06-28","宇陀市長選挙","宇陀市","奈良県",0,1,0,2,63,63,1,0,1,0,0,0,1
"2020-06-28","山田町長選挙","山田町","岩手県",0,1,0,1,65,65,1,0,0,1,0,0,1
"2020-06-28","野田市議会議員補欠選挙","野田市","千葉県",1,0,1,2,57,57,1,0,1,0,0,0,1
"2020-06-28","野田市長選挙","野田市","千葉県",0,1,0,1,63,63,1,0,0,0,0,0,1
"2020-07-05","売木村議会議員選挙","売木村","長野県",1,0,0,6,67,53,5,1,0.333333333333333,0.666666666666667,0,0,1
"2020-07-05","売木村長選挙","売木村","長野県",0,1,0,2,67,67,1,0,0,1,0,0,1
"2020-07-05","小山市長選挙","小山市","栃木県",0,1,0,2,63,63,1,0,1,0,0,0,1
"2020-07-05","川上村長選挙","川上村","奈良県",0,1,0,1,69,69,1,0,0,1,0,0,1
"2020-07-05","常総市長選挙","常総市","茨城県",0,1,0,2,51,51,1,0,0,0,1,0,0
"2020-07-05","新座市長選挙","新座市","埼玉県",0,1,0,2,61,61,1,0,0,0,1,0,0
"2020-07-05","新郷村議会議員選挙","新郷村","青森県",1,0,0,10,69,48,7,1,0.375,0.625,0,0,1
"2020-07-05","日野町長選挙","日野町","滋賀県",0,1,0,2,36,36,1,0,1,0,0,0,1
"2020-07-05","西原町議会議員補欠選挙","西原町","沖縄県",1,0,1,5,53.5,27,3,1,0.75,0.5,0,0,1
"2020-07-05","門真市長選挙","門真市","大阪府",0,1,0,2,49,49,1,0,0,0,0,0,0
"2020-07-05","鳩山町長選挙","鳩山町","埼玉県",0,1,0,1,62,62,1,0,0,0,0,0,1
"2020-07-12","三宅町長選挙","三宅町","奈良県",0,1,0,3,36,36,1,0,0,0,0,0,1
"2020-07-12","下條村長選挙","下條村","長野県",0,1,0,1,73,73,1,0,0,1,0,0,1
"2020-07-12","久米南町長選挙","久米南町","岡山県",0,1,0,1,62,62,1,0,0,0,0,0,1
"2020-07-12","北山村長選挙","北山村","和歌山県",0,1,0,1,70,70,1,0,0,1,0,0,1
"2020-07-12","千曲市議会議員選挙","千曲市","長野県",1,0,0,25,63.5,26,17,3,0.35,0.35,0.1,0.1,0.8
"2020-07-12","名取市長選挙","名取市","宮城県",0,1,0,2,57,57,1,0,0,0,0,0,1
"2020-07-12","喜茂別町長選挙","喜茂別町","北海道",0,1,0,1,58,58,1,0,1,0,0,0,1
"2020-07-12","境港市議会議員補欠選挙","境港市","鳥取県",1,0,1,3,55,49,2,0,1,0,0,0,1
"2020-07-12","境港市長選挙","境港市","鳥取県",0,1,0,2,61,61,1,0,1,0,0,0,1
"2020-07-12","太地町議会議員補欠選挙","太地町","和歌山県",1,0,1,1,69,69,1,0,1,1,0,0,1
"2020-07-12","太地町長選挙","太地町","和歌山県",0,1,0,1,72,72,1,0,0,1,0,0,1
"2020-07-12","岩手町議会議員選挙","岩手町","岩手県",1,0,0,15,65.5,58,13,1,0.142857142857143,0.5,0,0.142857142857143,0.857142857142857
"2020-07-12","河内長野市議会議員補欠選挙","河内長野市","大阪府",1,0,1,3,58,58,0,1,1,0,0,0,0
"2020-07-12","河内長野市長選挙","河内長野市","大阪府",0,1,0,2,50,50,1,0,0,0,0,0,1
"2020-07-12","甘楽町長選挙","甘楽町","群馬県",0,1,0,1,72,72,1,0,0,1,0,0,1
"2020-07-12","睦沢町議会議員補欠選挙","睦沢町","千葉県",1,0,1,2,36,36,1,0,1,0,0,0,1
"2020-07-12","睦沢町長選挙","睦沢町","千葉県",0,1,0,2,52,52,1,0,1,0,0,0,1
"2020-07-12","綾瀬市長選挙","綾瀬市","神奈川県",0,1,0,1,69,69,1,0,0,1,0,0,1
"2020-07-12","羽曳野市長選挙","羽曳野市","大阪府",0,1,0,5,39,39,1,0,1,0,0,0,0
"2020-07-12","角田市議会議員補欠選挙","角田市","宮城県",1,0,1,2,65.5,63,2,0,1,0.5,0,0,1
"2020-07-12","角田市長選挙","角田市","宮城県",0,1,0,3,55,55,1,0,1,0,0,0,1
"2020-07-12","香南市長選挙","香南市","高知県",0,1,0,1,55,55,1,0,0,0,0,0,1
"2020-07-19","印西市長選挙","印西市","千葉県",0,1,0,2,73,73,1,0,0,1,0,0,1
"2020-07-19","太子町長選挙","太子町","兵庫県",0,1,0,3,60,60,1,0,0,0,0,0,1
"2020-07-19","小浜市長選挙","小浜市","福井県",0,1,0,1,62,62,1,0,0,0,1,0,0
"2020-07-19","江府町長選挙","江府町","鳥取県",0,1,0,1,60,60,1,0,0,0,0,0,1
"2020-07-19","益田市議会議員補欠選挙","益田市","島根県",1,0,1,2,51,51,1,0,1,0,0,0,1
"2020-07-19","益田市長選挙","益田市","島根県",0,1,0,3,51,51,1,0,0,0,1,1,0
"2020-07-19","粟国村長選挙","粟国村","沖縄県",0,1,0,2,64,64,1,0,1,0,0,0,1
"2020-07-19","須賀川市長選挙","須賀川市","福島県",0,1,0,1,57,57,1,0,0,0,0,0,1
"2020-07-21","小国町議会議員補欠選挙","小国町","山形県",1,0,1,1,54,54,1,0,0,0,0,0,1
"2020-07-21","小国町長選挙","小国町","山形県",0,1,0,2,68,68,1,0,0,1,0,0,1
"2020-07-26","富士見市議会議員補欠選挙","富士見市","埼玉県",1,0,1,3,48,48,1,0,1,0,0,0,1
"2020-07-26","富士見市長選挙","富士見市","埼玉県",0,1,0,2,62,62,1,0,0,0,1,0,0
"2020-07-26","榛東村議会議員補欠選挙","榛東村","群馬県",1,0,1,4,61,61,2,1,1,0.333333333333333,0,0,1
"2020-08-02","塩谷町長選挙","塩谷町","栃木県",0,1,0,2,67,67,1,0,0,1,0,0,1
"2020-08-02","美作市議会議員補欠選挙","美作市","岡山県",1,0,1,2,68,68,1,0,1,1,0,0,1
"2020-08-02","美作市長選挙","美作市","岡山県",0,1,0,2,64,64,1,0,0,0,0,0,1
"2020-08-02","野木町長選挙","野木町","栃木県",0,1,0,1,74,74,0,1,0,1,0,0,1
"2020-08-02","長沼町議会議員補欠選挙","長沼町","北海道",1,0,1,2,36,36,1,0,1,0,0,0,1
"2020-08-02","長沼町長選挙","長沼町","北海道",0,1,0,1,59,59,1,0,1,0,0,0,1
"2020-08-09","三原市議会議員補欠選挙","三原市","広島県",1,0,1,2,48,48,1,0,0,0,0,0,1
"2020-08-09","三原市長選挙","三原市","広島県",0,1,0,4,35,35,1,0,1,0,1,0,0
"2020-08-09","串本町議会議員補欠選挙","串本町","和歌山県",1,0,1,4,61,49,3,0,0.333333333333333,0.333333333333333,0,0,1
"2020-08-09","今帰仁村長選挙","今帰仁村","沖縄県",0,1,0,2,53,53,1,0,1,0,0,0,1
"2020-08-09","安芸高田市長選挙","安芸高田市","広島県",0,1,0,2,37,37,1,0,1,0,0,0,1
"2020-08-09","新上五島町長選挙","新上五島町","長崎県",0,1,0,2,65,65,1,0,1,1,0,0,1
"2020-08-09","福山市長選挙","福山市","広島県",0,1,0,1,64,64,1,0,0,0,1,0,0
"2020-08-09","那珂川市長選挙","那珂川市","福岡県",0,1,0,1,67,67,1,0,0,1,0,0,1
"2020-08-16","竹富町長選挙","竹富町","沖縄県",0,1,0,1,72,72,1,0,0,1,1,0,0
"2020-08-23","中標津町議会議員選挙","中標津町","北海道",1,0,0,18,64.5,33,12,6,0.333333333333333,0.5,0.111111111111111,0,0.833333333333333
"2020-08-23","中標津町長選挙","中標津町","北海道",0,1,0,1,64,64,1,0,0,0,0,0,1
"2020-08-23","久御山町長選挙","久御山町","京都府",0,1,0,2,55,55,1,0,0,0,0,0,1
"2020-08-23","大潟村議会議員選挙","大潟村","秋田県",1,0,0,12,62,42,10,2,0.0833333333333333,0.333333333333333,0,0,1
"2020-08-23","大潟村長選挙","大潟村","秋田県",0,1,0,1,60,60,1,0,0,0,0,0,1
"2020-08-23","東秩父村議会議員補欠選挙","東秩父村","埼玉県",1,0,1,1,67,67,1,0,1,1,0,0,1
"2020-08-23","東秩父村長選挙","東秩父村","埼玉県",0,1,0,1,70,70,1,0,0,1,0,0,1
"2020-08-23","登別市長選挙","登別市","北海道",0,1,0,1,53,53,1,0,0,0,0,0,1
"2020-08-23","箕面市議会議員選挙","箕面市","大阪府",1,0,0,28,58,27,16,7,0.217391304347826,0.217391304347826,0.304347826086957,0.130434782608696,0.260869565217391
"2020-08-23","箕面市長選挙","箕面市","大阪府",0,1,0,3,62,62,1,0,1,0,0,0,0
"2020-08-30","与論町議会議員選挙","与論町","鹿児島県",1,0,0,13,67,49,10,0,0.2,0.7,0,0,1
"2020-08-30","久万高原町議会議員補欠選挙","久万高原町","愛媛県",1,0,1,1,62,62,1,0,1,0,0,0,1
"2020-08-30","久万高原町長選挙","久万高原町","愛媛県",0,1,0,2,69,69,1,0,0,1,0,0,1
"2020-08-30","五島市長選挙","五島市","長崎県",0,1,0,2,64,64,1,0,0,0,1,0,0
"2020-08-30","佐呂間町長選挙","佐呂間町","北海道",0,1,0,2,58,58,1,0,1,0,0,0,1
"2020-08-30","八郎潟町長選挙","八郎潟町","秋田県",0,1,0,2,66,66,1,0,0,1,0,0,1
"2020-08-30","北塩原村議会議員補欠選挙","北塩原村","福島県",1,0,1,1,48,48,1,0,1,0,0,0,1
"2020-08-30","北塩原村長選挙","北塩原村","福島県",0,1,0,2,65,65,1,0,1,1,0,0,1
"2020-08-30","和泊町議会議員選挙","和泊町","鹿児島県",1,0,0,14,61,25,11,1,0.25,0.416666666666667,0.0833333333333333,0,0.916666666666667
"2020-08-30","宇検村議会議員選挙","宇検村","鹿児島県",1,0,0,8,64.5,39,8,0,0.25,0.5,0,0,1
"2020-08-30","岩見沢市長選挙","岩見沢市","北海道",0,1,0,1,64,64,1,0,0,0,0,0,1
"2020-08-30","嵐山町長選挙","嵐山町","埼玉県",0,1,0,1,60,60,1,0,1,0,0,0,1
"2020-08-30","幌延町議会議員補欠選挙","幌延町","北海道",1,0,1,3,69.5,69,2,0,1,1,0,0,1
"2020-08-30","日出町長選挙","日出町","大分県",0,1,0,3,67,67,1,0,0,1,0,0,1
"2020-08-30","棚倉町長選挙","棚倉町","福島県",0,1,0,1,59,59,1,0,0,0,0,0,1
"2020-08-30","湯浅町長選挙","湯浅町","和歌山県",0,1,0,1,81,81,1,0,0,1,0,0,1
"2020-08-30","知名町議会議員選挙","知名町","鹿児島県",1,0,0,15,55.5,36,12,0,0.416666666666667,0.25,0,0,1
"2020-08-30","龍郷町議会議員選挙","龍郷町","鹿児島県",1,0,0,11,61.5,42,9,1,0.4,0.1,0,0,1
"2020-09-06","八千代町議会議員補欠選挙","八千代町","茨城県",1,0,1,1,27,27,1,0,1,0,0,0,1
"2020-09-06","八千代町長選挙","八千代町","茨城県",0,1,0,1,61,61,1,0,1,0,0,0,1
"2020-09-06","有田市長選挙","有田市","和歌山県",0,1,0,2,48,48,1,0,0,0,1,0,0
"2020-09-13","いわき市議会議員選挙","いわき市","福島県",1,0,0,41,55,27,30,7,0.189189189189189,0.216216216216216,0.675675675675676,0.108108108108108,0.162162162162162
"2020-09-13","和泉市議会議員選挙","和泉市","大阪府",1,0,0,27,59,30,21,3,0.166666666666667,0.25,0.291666666666667,0.0833333333333333,0.416666666666667
"2020-09-13","大井町議会議員選挙","大井町","神奈川県",1,0,0,16,57.5,35,11,3,0.428571428571429,0.357142857142857,0.0714285714285714,0.0714285714285714,0.857142857142857
"2020-09-13","大洗町長選挙","大洗町","茨城県",0,1,0,1,55,55,1,0,1,0,0,0,1
"2020-09-13","府中町議会議員選挙","府中町","広島県",1,0,0,20,61.5,33,17,1,0.444444444444444,0.222222222222222,0.111111111111111,0.0555555555555556,0.833333333333333
"2020-09-13","真鶴町長選挙","真鶴町","神奈川県",0,1,0,3,54,54,1,0,1,0,0,0,1
"2020-09-13","西原村議会議員選挙","西原村","熊本県",1,0,0,11,61.5,43,9,1,0.3,0.3,0,0,1
"2020-09-13","西原村長選挙","西原村","熊本県",0,1,0,1,72,72,1,0,0,1,0,0,1
"2020-09-13","西原町長選挙","西原町","沖縄県",0,1,0,2,63,63,1,0,1,0,0,0,1
"2020-09-20","伊勢原市長選挙","伊勢原市","神奈川県",0,1,0,2,70,70,1,0,0,1,1,0,0
"2020-09-20","座間市議会議員選挙","座間市","神奈川県",1,0,0,26,52,30,17,5,0.227272727272727,0.0454545454545455,0.409090909090909,0.0909090909090909,0.318181818181818
"2020-09-20","座間市長選挙","座間市","神奈川県",0,1,0,2,50,50,0,1,1,0,0,0,1
"2020-09-20","摂津市議会議員補欠選挙","摂津市","大阪府",1,0,1,4,46,46,1,0,1,0,0,0,0
"2020-09-20","摂津市長選挙","摂津市","大阪府",0,1,0,2,76,76,1,0,0,1,0,0,1
"2020-09-20","甲斐市長選挙","甲斐市","山梨県",0,1,0,2,75,75,1,0,0,1,0,0,1
"2020-09-27","伊方町長選挙","伊方町","愛媛県",0,1,0,1,62,62,1,0,0,0,0,0,1
"2020-09-27","吉備中央町議会議員選挙","吉備中央町","岡山県",1,0,0,14,60,41,10,2,0.333333333333333,0.333333333333333,0,0.0833333333333333,0.916666666666667
"2020-09-27","吉備中央町長選挙","吉備中央町","岡山県",0,1,0,1,62,62,1,0,0,0,0,0,1
"2020-09-27","喜界町議会議員選挙","喜界町","鹿児島県",1,0,0,14,61,34,12,0,0.333333333333333,0.333333333333333,0.0833333333333333,0.0833333333333333,0.833333333333333
"2020-09-27","喜界町長選挙","喜界町","鹿児島県",0,1,0,2,66,66,1,0,1,1,0,0,1
"2020-09-27","大月町議会議員選挙","大月町","高知県",1,0,0,11,67.5,47,10,0,0.2,0.6,0.1,0.1,0.8
"2020-09-27","富津市長選挙","富津市","千葉県",0,1,0,1,50,50,1,0,0,0,0,0,1
"2020-09-27","月形町議会議員補欠選挙","月形町","北海道",1,0,1,2,50,50,1,0,1,0,0,0,1
"2020-09-27","月形町長選挙","月形町","北海道",0,1,0,2,69,69,1,0,0,1,0,0,1
"2020-09-27","河南町議会議員選挙","河南町","大阪府",1,0,0,14,64.5,40,8,2,0.2,0.5,0.2,0.1,0.7
"2020-09-27","蔵王町長選挙","蔵王町","宮城県",0,1,0,2,68,68,1,0,0,1,0,0,1
"2020-09-27","高梁市議会議員選挙","高梁市","岡山県",1,0,0,18,61,50,17,1,0.222222222222222,0.333333333333333,0.0555555555555556,0.111111111111111,0.833333333333333
"2020-09-27","高梁市長選挙","高梁市","岡山県",0,1,0,1,61,61,1,0,0,0,0,0,1
"2020-10-04","みなべ町議会議員選挙","みなべ町","和歌山県",1,0,0,15,61.5,28,13,1,0.214285714285714,0.357142857142857,0,0.0714285714285714,0.928571428571429
"2020-10-04","みなべ町長選挙","みなべ町","和歌山県",0,1,0,1,71,71,1,0,0,1,0,0,1
"2020-10-04","三田市議会議員選挙","三田市","兵庫県",1,0,0,37,59.5,42,18,4,0.227272727272727,0.0909090909090909,0.272727272727273,0.136363636363636,0.454545454545455
"2020-10-04","南幌町議会議員補欠選挙","南幌町","北海道",1,0,1,2,50,37,2,0,1,0,0,0,1
"2020-10-04","南幌町長選挙","南幌町","北海道",0,1,0,2,60,60,1,0,1,0,0,0,1
"2020-10-04","大川市長選挙","大川市","福岡県",0,1,0,1,43,43,1,0,0,0,0,0,1
"2020-10-04","大桑村長選挙","大桑村","長野県",0,1,0,2,71,71,1,0,0,1,0,0,1
"2020-10-04","岩出市長選挙","岩出市","和歌山県",0,1,0,1,77,77,1,0,0,1,1,1,0
"2020-10-04","羽咋市議会議員補欠選挙","羽咋市","石川県",1,0,1,2,58,50,2,0,0.5,0.5,0,0,1
"2020-10-04","羽咋市長選挙","羽咋市","石川県",0,1,0,2,65,65,1,0,1,1,0,0,1
"2020-10-04","身延町長選挙","身延町","山梨県",0,1,0,1,61,61,1,0,0,0,0,0,1
"2020-10-04","長岡市長選挙","長岡市","新潟県",0,1,0,2,69,69,1,0,0,1,0,0,1
"2020-10-04","鯖江市長選挙","鯖江市","福井県",0,1,0,3,52,52,1,0,1,0,0,0,1
"2020-10-04","黒潮町長選挙","黒潮町","高知県",0,1,0,2,64,64,1,0,1,0,0,0,1
"2020-10-11","九重町長選挙","九重町","大分県",0,1,0,1,61,61,1,0,0,0,0,0,1
"2020-10-11","利島村議会議員選挙","利島村","東京都",1,0,0,6,70,40,6,0,0.333333333333333,0.666666666666667,0,0.166666666666667,0.833333333333333
"2020-10-11","昭島市議会議員補欠選挙","昭島市","東京都",1,0,1,2,46,46,0,1,1,0,1,0,0
"2020-10-11","昭島市長選挙","昭島市","東京都",0,1,0,2,65,65,1,0,0,1,1,0,0
"2020-10-11","木曽岬町議会議員補欠選挙","木曽岬町","三重県",1,0,1,2,64.5,64,2,0,0.5,0.5,0,0,1
"2020-10-11","森町長選挙","森町","北海道",0,1,0,3,41,41,1,0,1,0,0,0,1
"2020-10-11","波佐見町議会議員選挙","波佐見町","長崎県",1,0,0,14,60,39,12,2,0.285714285714286,0.357142857142857,0,0,1
"2020-10-11","白鷹町長選挙","白鷹町","山形県",0,1,0,1,69,69,1,0,0,1,0,0,1
"2020-10-11","袖ケ浦市議会議員選挙","袖ケ浦市","千葉県",1,0,0,24,55.5,34,17,5,0.181818181818182,0.318181818181818,0.0909090909090909,0.0909090909090909,0.818181818181818
"2020-10-18","いの町議会議員補欠選挙","いの町","高知県",1,0,1,3,46,46,0,1,1,0,0,0,1
"2020-10-18","いの町長選挙","いの町","高知県",0,1,0,1,62,62,0,1,0,0,0,0,1
"2020-10-18","久山町長選挙","久山町","福岡県",0,1,0,2,47,47,1,0,1,0,0,0,1
"2020-10-18","伊豆市議会議員選挙","伊豆市","静岡県",1,0,0,18,66.5,44,13,3,0.3125,0.625,0.125,0,0.875
"2020-10-18","入間市長選挙","入間市","埼玉県",0,1,0,1,37,37,1,0,1,0,0,0,1
"2020-10-18","南部町議会議員選挙","南部町","鳥取県",1,0,0,14,66,46,13,1,0.0714285714285714,0.571428571428571,0.0714285714285714,0.214285714285714,0.714285714285714
"2020-10-18","南部町長選挙","南部町","鳥取県",0,1,0,1,64,64,1,0,0,0,0,0,1
"2020-10-18","大河原町議会議員補欠選挙","大河原町","宮城県",1,0,1,3,82,82,1,0,0,1,0,0,1
"2020-10-18","大河原町長選挙","大河原町","宮城県",0,1,0,2,67,67,1,0,0,1,0,0,1
"2020-10-18","安来市議会議員補欠選挙","安来市","島根県",1,0,1,3,59.5,49,1,1,0.5,0.5,0,0,1
"2020-10-18","安来市長選挙","安来市","島根県",0,1,0,3,71,71,1,0,1,1,0,0,1
"2020-10-18","岡崎市議会議員選挙","岡崎市","愛知県",1,0,0,50,54,27,32,5,0.297297297297297,0.108108108108108,0.0810810810810811,0.0540540540540541,0.810810810810811
"2020-10-18","岡崎市長選挙","岡崎市","愛知県",0,1,0,2,58,58,1,0,1,0,0,0,1
"2020-10-18","志摩市議会議員補欠選挙","志摩市","三重県",1,0,1,3,51.5,41,1,1,1,0,0,0.5,0.5
"2020-10-18","志摩市長選挙","志摩市","三重県",0,1,0,3,45,45,1,0,1,0,0,0,1
"2020-10-18","忠岡町議会議員補欠選挙","忠岡町","大阪府",1,0,1,3,47.5,36,1,1,1,0,0,0,0.5
"2020-10-18","忠岡町長選挙","忠岡町","大阪府",0,1,0,2,59,59,1,0,1,0,0,0,0
"2020-10-18","愛南町長選挙","愛南町","愛媛県",0,1,0,2,70,70,1,0,0,1,0,0,1
"2020-10-18","歌志内市長選挙","歌志内市","北海道",0,1,0,2,63,63,1,0,1,0,0,0,1
"2020-10-18","池田町長選挙","池田町","北海道",0,1,0,1,55,55,1,0,1,0,0,0,1
"2020-10-18","湖南市議会議員補欠選挙","湖南市","滋賀県",1,0,1,1,33,33,1,0,1,0,0,0,1
"2020-10-18","湖南市長選挙","湖南市","滋賀県",0,1,0,1,72,72,1,0,1,1,0,0,1
"2020-10-18","甲賀市議会議員補欠選挙","甲賀市","滋賀県",1,0,1,4,25,25,1,0,1,0,0,0,1
"2020-10-18","甲賀市長選挙","甲賀市","滋賀県",0,1,0,1,47,47,1,0,0,0,0,0,1
"2020-10-18","能勢町議会議員補欠選挙","能勢町","大阪府",1,0,1,3,39,39,1,0,1,0,0,0,0
"2020-10-18","能勢町長選挙","能勢町","大阪府",0,1,0,2,60,60,1,0,0,0,0,0,1
"2020-10-18","遠別町長選挙","遠別町","北海道",0,1,0,1,74,74,1,0,0,1,0,0,1
"2020-10-18","邑南町議会議員補欠選挙","邑南町","島根県",1,0,1,1,63,63,1,0,1,0,0,0,1
"2020-10-18","邑南町長選挙","邑南町","島根県",0,1,0,1,71,71,1,0,0,1,0,0,1
"2020-10-18","野洲市長選挙","野洲市","滋賀県",0,1,0,2,64,64,1,0,1,0,0,0,1
"2020-10-18","釧路市長選挙","釧路市","北海道",0,1,0,3,NA,NA,1,0,0,NA,0,0,1
"2020-10-18","隠岐の島町長選挙","隠岐の島町","島根県",0,1,0,2,65,65,1,0,0,1,0,0,1
"2020-10-18","飯田市長選挙","飯田市","長野県",0,1,0,3,52,52,1,0,1,0,0,0,1
"2020-10-18","飯舘村議会議員補欠選挙","飯舘村","福島県",1,0,1,2,51,51,1,0,1,0,0,0,1
"2020-10-18","飯舘村長選挙","飯舘村","福島県",0,1,0,1,44,44,1,0,1,0,0,0,1
"2020-10-18","養父市議会議員選挙","養父市","兵庫県",1,0,0,17,65,42,15,1,0.3125,0.5,0.0625,0.125,0.8125
"2020-10-18","養父市長選挙","養父市","兵庫県",0,1,0,3,72,72,1,0,0,1,0,0,1
"2020-10-18","鷹栖町長選挙","鷹栖町","北海道",0,1,0,1,53,53,1,0,0,0,0,0,1
"2020-10-25","つくば市議会議員選挙","つくば市","茨城県",1,0,0,41,54,26,20,8,0.214285714285714,0.25,0.392857142857143,0.0714285714285714,0.357142857142857
"2020-10-25","つくば市長選挙","つくば市","茨城県",0,1,0,3,42,42,1,0,0,0,0,0,1
"2020-10-25","七尾市長選挙","七尾市","石川県",0,1,0,3,55,55,1,0,1,0,0,0,1
"2020-10-25","上島町議会議員選挙","上島町","愛媛県",1,0,0,15,65.5,36,13,1,0.357142857142857,0.571428571428571,0.0714285714285714,0.0714285714285714,0.857142857142857
"2020-10-25","上島町長選挙","上島町","愛媛県",0,1,0,2,63,63,1,0,0,0,0,0,1
"2020-10-25","世羅町議会議員選挙","世羅町","広島県",1,0,0,16,63,44,10,2,0.416666666666667,0.416666666666667,0.0833333333333333,0.0833333333333333,0.833333333333333
"2020-10-25","世羅町長選挙","世羅町","広島県",0,1,0,1,57,57,1,0,0,0,0,0,1
"2020-10-25","光市議会議員選挙","光市","山口県",1,0,0,21,56.5,27,16,2,0.388888888888889,0.333333333333333,0.0555555555555556,0.0555555555555556,0.833333333333333
"2020-10-25","光市長選挙","光市","山口県",0,1,0,2,73,73,1,0,0,1,0,0,1
"2020-10-25","千曲市長選挙","千曲市","長野県",0,1,0,2,52,52,1,0,1,0,0,0,1
"2020-10-25","南部町議会議員選挙","南部町","山梨県",1,0,0,14,67,60,12,0,0.416666666666667,0.75,0,0,1
"2020-10-25","周防大島町議会議員選挙","周防大島町","山口県",1,0,0,17,60.5,41,13,1,0.428571428571429,0.214285714285714,0.0714285714285714,0.0714285714285714,0.857142857142857
"2020-10-25","周防大島町長選挙","周防大島町","山口県",0,1,0,1,46,46,1,0,1,0,0,0,1
"2020-10-25","多賀城市長選挙","多賀城市","宮城県",0,1,0,2,40,40,1,0,1,0,1,0,0
"2020-10-25","天龍村長選挙","天龍村","長野県",0,1,0,1,58,58,1,0,0,0,0,0,1
"2020-10-25","太子町議会議員選挙","太子町","大阪府",1,0,0,12,67,48,8,2,0.2,0.5,0.3,0.2,0.4
"2020-10-25","宗像市議会議員選挙","宗像市","福岡県",1,0,0,22,58,38,17,3,0.2,0.1,0.1,0.15,0.6
"2020-10-25","岐南町議会議員補欠選挙","岐南町","岐阜県",1,0,1,2,48,39,2,0,1,0,0,0,1
"2020-10-25","岐南町長選挙","岐南町","岐阜県",0,1,0,3,70,70,1,0,1,1,0,0,1
"2020-10-25","早川町長選挙","早川町","山梨県",0,1,0,1,80,80,1,0,0,1,0,0,1
"2020-10-25","東温市議会議員選挙","東温市","愛媛県",1,0,0,16,66,44,14,2,0.25,0.5625,0.125,0.0625,0.8125
"2020-10-25","東温市長選挙","東温市","愛媛県",0,1,0,1,72,72,1,0,0,1,0,0,1
"2020-10-25","泉南市議会議員選挙","泉南市","大阪府",1,0,0,20,50,30,12,3,0.266666666666667,0.133333333333333,0.333333333333333,0.133333333333333,0.266666666666667
"2020-10-25","白石市長選挙","白石市","宮城県",0,1,0,2,44,44,1,0,0,0,1,0,0
"2020-10-25","笛吹市議会議員選挙","笛吹市","山梨県",1,0,0,20,69,52,16,3,0.210526315789474,0.578947368421053,0.105263157894737,0.105263157894737,0.789473684210526
"2020-10-25","笛吹市長選挙","笛吹市","山梨県",0,1,0,2,54,54,1,0,0,0,0,0,1
"2020-10-25","笠置町議会議員選挙","笠置町","京都府",1,0,0,8,64,39,8,0,0.125,0.5,0,0.125,0.875
"2020-10-25","箱根町長選挙","箱根町","神奈川県",0,1,0,2,66,66,1,0,1,1,0,0,1
"2020-10-25","芸西村議会議員補欠選挙","芸西村","高知県",1,0,1,2,64,64,0,1,1,0,0,0,1
"2020-10-25","芸西村長選挙","芸西村","高知県",0,1,0,2,61,61,1,0,0,0,0,0,1
"2020-10-25","菰野町議会議員選挙","菰野町","三重県",1,0,0,19,61,38,15,2,0.117647058823529,0.352941176470588,0.117647058823529,0.176470588235294,0.705882352941177
"2020-10-25","葛城市長選挙","葛城市","奈良県",0,1,0,3,61,61,1,0,0,0,0,0,1
"2020-10-25","葛尾村長選挙","葛尾村","福島県",0,1,0,2,69,69,1,0,0,1,0,0,1
"2020-10-25","薩摩川内市議会議員選挙","薩摩川内市","鹿児島県",1,0,0,33,60.5,31,22,4,0.346153846153846,0.461538461538462,0.0769230769230769,0.0769230769230769,0.846153846153846
"2020-10-25","薩摩川内市長選挙","薩摩川内市","鹿児島県",0,1,0,4,64,64,1,0,1,0,1,0,0
"2020-10-25","蘭越町議会議員補欠選挙","蘭越町","北海道",1,0,1,4,63,63,1,0,1,0,0,0,1
"2020-10-25","蘭越町長選挙","蘭越町","北海道",0,1,0,1,64,64,1,0,0,0,0,0,1
"2020-10-25","豊浦町議会議員選挙","豊浦町","北海道",1,0,0,11,68.5,57,7,1,0.125,0.625,0,0.125,0.875
"2020-10-25","阿賀野市議会議員選挙","阿賀野市","新潟県",1,0,0,19,65,40,15,1,0.25,0.5,0.0625,0.1875,0.75
"2020-10-29","飯豊町長選挙","飯豊町","山形県",0,1,0,1,69,69,1,0,0,1,0,0,1
"2020-11-01","姫島村長選挙","姫島村","大分県",0,1,0,2,77,77,1,0,0,1,0,0,1
"2020-11-01","宇治田原町議会議員選挙","宇治田原町","京都府",1,0,0,12,63.5,46,10,2,0.333333333333333,0.5,0.0833333333333333,0.166666666666667,0.75
"2020-11-01","揖斐川町長選挙","揖斐川町","岐阜県",0,1,0,2,64,64,1,0,1,0,0,0,1
"2020-11-01","田舎館村長選挙","田舎館村","青森県",0,1,0,3,83,83,1,0,0,1,0,0,1
"2020-11-01","知夫村長選挙","知夫村","島根県",0,1,0,1,62,62,1,0,0,0,0,0,1
"2020-11-01","豊山町長選挙","豊山町","愛知県",0,1,0,3,69,69,1,0,1,1,0,0,1
"2020-11-01","阪南市長選挙","阪南市","大阪府",0,1,0,2,66,66,1,0,0,1,0,0,0
"2020-11-01","青森市議会議員補欠選挙","青森市","青森県",1,0,1,2,38,38,0,1,1,0,0,0,1
"2020-11-01","青森市長選挙","青森市","青森県",0,1,0,2,45,45,1,0,0,0,0,0,1
"2020-11-01","高山村議会議員補欠選挙","高山村","長野県",1,0,1,2,50.5,41,1,1,1,0,0,0,1
"2020-11-01","高山村長選挙","高山村","長野県",0,1,0,2,76,76,1,0,0,1,0,0,1
"2020-11-08","三条市議会議員補欠選挙","三条市","新潟県",1,0,1,4,45,37,4,0,1,0.25,0,0,1
"2020-11-08","三条市長選挙","三条市","新潟県",0,1,0,2,34,34,1,0,1,0,0,0,1
"2020-11-08","下市町長選挙","下市町","奈良県",0,1,0,2,74,74,1,0,0,1,0,0,1
"2020-11-08","伊賀市長選挙","伊賀市","三重県",0,1,0,3,69,69,1,0,0,1,0,0,1
"2020-11-08","八女市長選挙","八女市","福岡県",0,1,0,3,76,76,1,0,0,1,1,1,0
"2020-11-08","国富町長選挙","国富町","宮崎県",0,1,0,1,68,68,1,0,0,1,0,0,1
"2020-11-08","国見町議会議員補欠選挙","国見町","福島県",1,0,1,5,69.5,59,4,0,1,0.75,0,0,1
"2020-11-08","国見町長選挙","国見町","福島県",0,1,0,4,60,60,1,0,1,0,0,0,1
"2020-11-08","守谷市長選挙","守谷市","茨城県",0,1,0,2,66,66,1,0,0,1,0,0,1
"2020-11-08","弟子屈町議会議員選挙","弟子屈町","北海道",1,0,0,12,67,41,10,1,0.181818181818182,0.545454545454545,0.0909090909090909,0.0909090909090909,0.818181818181818
"2020-11-08","弟子屈町長選挙","弟子屈町","北海道",0,1,0,1,71,71,1,0,0,1,0,0,1
"2020-11-08","東御市議会議員選挙","東御市","長野県",1,0,0,20,58,43,12,5,0.470588235294118,0.294117647058824,0.117647058823529,0.117647058823529,0.764705882352941
"2020-11-08","板倉町長選挙","板倉町","群馬県",0,1,0,1,72,72,1,0,0,1,0,0,1
"2020-11-08","江田島市長選挙","江田島市","広島県",0,1,0,1,65,65,1,0,0,1,0,0,1
"2020-11-08","荒川区議会議員補欠選挙","荒川区","東京都",1,0,1,4,63,63,0,1,1,0,1,0,0
"2020-11-08","荒川区長選挙","荒川区","東京都",0,1,0,2,78,78,1,0,0,1,0,0,1
"2020-11-08","豊橋市長選挙","豊橋市","愛知県",0,1,0,3,58,58,1,0,1,0,0,0,1
"2020-11-08","阿智村議会議員選挙","阿智村","長野県",1,0,0,16,63.5,47,9,3,0.75,0.416666666666667,0,0.0833333333333333,0.916666666666667
"2020-11-15","下諏訪町議会議員補欠選挙","下諏訪町","長野県",1,0,1,1,75,75,1,0,0,1,0,0,1
"2020-11-15","下諏訪町長選挙","下諏訪町","長野県",0,1,0,1,70,70,1,0,1,1,0,0,1
"2020-11-15","中野市長選挙","中野市","長野県",0,1,0,2,62,62,1,0,1,0,0,0,1
"2020-11-15","丹波市議会議員選挙","丹波市","兵庫県",1,0,0,23,61.5,42,17,3,0.15,0.4,0.15,0.1,0.7
"2020-11-15","丹波市長選挙","丹波市","兵庫県",0,1,0,3,66,66,1,0,1,1,0,0,1
"2020-11-15","伊佐市議会議員選挙","伊佐市","鹿児島県",1,0,0,21,58.5,36,13,3,0.3125,0.375,0.0625,0.0625,0.875
"2020-11-15","伊佐市長選挙","伊佐市","鹿児島県",0,1,0,3,56,56,1,0,1,0,0,0,1
"2020-11-15","刈羽村長選挙","刈羽村","新潟県",0,1,0,2,63,63,1,0,0,0,0,0,1
"2020-11-15","北杜市議会議員選挙","北杜市","山梨県",1,0,0,21,64,35,18,2,0.3,0.45,0.1,0.1,0.8
"2020-11-15","北杜市長選挙","北杜市","山梨県",0,1,0,4,50,50,1,0,1,0,0,0,1
"2020-11-15","南アルプス市議会議員選挙","南アルプス市","山梨県",1,0,0,26,68,39,18,4,0.181818181818182,0.681818181818182,0.136363636363636,0.0909090909090909,0.772727272727273
"2020-11-15","南砺市議会議員選挙","南砺市","富山県",1,0,0,18,63.5,50,17,1,0.0555555555555556,0.444444444444444,0,0.0555555555555556,0.944444444444444
"2020-11-15","南砺市長選挙","南砺市","富山県",0,1,0,1,59,59,1,0,0,0,0,0,1
"2020-11-15","南魚沼市長選挙","南魚沼市","新潟県",0,1,0,2,53,53,1,0,0,0,0,0,1
"2020-11-15","四国中央市議会議員選挙","四国中央市","愛媛県",1,0,0,26,62,38,21,1,0.272727272727273,0.454545454545455,0.136363636363636,0.0909090909090909,0.772727272727273
"2020-11-15","宇都宮市長選挙","宇都宮市","栃木県",0,1,0,2,59,59,1,0,0,0,1,0,0
"2020-11-15","安芸高田市議会議員選挙","安芸高田市","広島県",1,0,0,18,65.5,44,15,1,0.1875,0.5625,0.0625,0,0.9375
"2020-11-15","恵那市議会議員選挙","恵那市","岐阜県",1,0,0,19,60.5,42,15,3,0.444444444444444,0.333333333333333,0.0555555555555556,0.111111111111111,0.833333333333333
"2020-11-15","恵那市長選挙","恵那市","岐阜県",0,1,0,1,57,57,1,0,0,0,1,0,0
"2020-11-15","新居浜市長選挙","新居浜市","愛媛県",0,1,0,2,72,72,1,0,0,1,0,0,1
"2020-11-15","松川町議会議員選挙","松川町","長野県",1,0,0,14,69.5,46,12,2,0.142857142857143,0.642857142857143,0.0714285714285714,0.0714285714285714,0.857142857142857
"2020-11-15","松野町長選挙","松野町","愛媛県",0,1,0,1,57,57,1,0,0,0,0,0,1
"2020-11-15","柏崎市長選挙","柏崎市","新潟県",0,1,0,2,58,58,1,0,0,0,0,0,1
"2020-11-15","湖西市長選挙","湖西市","静岡県",0,1,0,1,46,46,1,0,0,0,1,0,0
"2020-11-15","湯前町議会議員選挙","湯前町","熊本県",1,0,0,11,63.5,51,10,0,0.2,0.4,0,0,1
"2020-11-15","熊野町長選挙","熊野町","広島県",0,1,0,1,68,68,1,0,0,1,0,0,1
"2020-11-15","白岡市議会議員補欠選挙","白岡市","埼玉県",1,0,1,2,58.5,58,2,0,0.5,0,0,0,1
"2020-11-15","白岡市長選挙","白岡市","埼玉県",0,1,0,2,66,66,1,0,1,1,0,0,1
"2020-11-15","真狩村長選挙","真狩村","北海道",0,1,0,2,55,55,1,0,1,0,0,0,1
"2020-11-15","砺波市長選挙","砺波市","富山県",0,1,0,1,65,65,1,0,0,1,0,0,1
"2020-11-15","篠栗町議会議員補欠選挙","篠栗町","福岡県",1,0,1,1,66,66,1,0,1,1,0,0,1
"2020-11-15","篠栗町長選挙","篠栗町","福岡県",0,1,0,1,66,66,1,0,0,1,0,0,1
"2020-11-15","美郷町議会議員補欠選挙","美郷町","秋田県",1,0,1,2,63,63,1,0,1,0,0,0,1
"2020-11-15","美郷町長選挙","美郷町","秋田県",0,1,0,1,57,57,1,0,0,0,0,0,1
"2020-11-15","西条市長選挙","西条市","愛媛県",0,1,0,1,57,57,1,0,0,0,0,0,1
"2020-11-15","西桂町議会議員選挙","西桂町","山梨県",1,0,0,12,64.5,55,9,1,0.4,0.5,0,0,1
"2020-11-15","西桂町長選挙","西桂町","山梨県",0,1,0,2,62,62,1,0,1,0,0,0,1
"2020-11-15","都城市長選挙","都城市","宮崎県",0,1,0,1,49,49,1,0,0,0,0,0,1
"2020-11-15","防府市議会議員選挙","防府市","山口県",1,0,0,31,57,29,22,3,0.12,0.36,0.24,0.04,0.72
"2020-11-15","雲南市議会議員選挙","雲南市","島根県",1,0,0,22,62,40,16,3,0.368421052631579,0.368421052631579,0.0526315789473684,0.157894736842105,0.789473684210526
"2020-11-15","雲南市長選挙","雲南市","島根県",0,1,0,1,65,65,1,0,1,1,1,0,0
"2020-11-22","三戸町長選挙","三戸町","青森県",0,1,0,1,57,57,1,0,0,0,0,0,1
"2020-11-22","只見町長選挙","只見町","福島県",0,1,0,3,64,64,1,0,1,0,0,0,1
"2020-11-22","宇部市長選挙","宇部市","山口県",0,1,0,2,39,39,1,0,1,0,1,0,0
"2020-11-22","深浦町議会議員補欠選挙","深浦町","青森県",1,0,1,2,56,56,1,0,1,0,0,0,1
"2020-11-22","深浦町長選挙","深浦町","青森県",0,1,0,1,67,67,1,0,0,1,0,0,1
"2020-11-22","瀬戸内町議会議員選挙","瀬戸内町","鹿児島県",1,0,0,15,61.5,34,8,2,0.3,0.4,0,0,1
"2020-11-22","神石高原町議会議員選挙","神石高原町","広島県",1,0,0,12,61.5,53,9,1,0.1,0.4,0.1,0,0.9
"2020-11-22","神石高原町長選挙","神石高原町","広島県",0,1,0,2,59,59,1,0,0,0,0,0,1
"2020-11-22","稲沢市議会議員補欠選挙","稲沢市","愛知県",1,0,1,2,49,49,1,0,1,0,0,0,1
"2020-11-22","稲沢市長選挙","稲沢市","愛知県",0,1,0,2,65,65,1,0,0,1,0,0,1
"2020-11-22","美里町長選挙","美里町","熊本県",0,1,0,1,45,45,1,0,0,0,0,0,1
"2020-11-29","上富良野町議会議員補欠選挙","上富良野町","北海道",1,0,1,1,65,65,1,0,0,1,1,0,0
"2020-11-29","上富良野町長選挙","上富良野町","北海道",0,1,0,4,53,53,1,0,1,0,0,0,1
"2020-11-29","上小阿仁村長選挙","上小阿仁村","秋田県",0,1,0,2,66,66,1,0,0,1,0,0,1
"2020-11-29","下仁田町長選挙","下仁田町","群馬県",0,1,0,1,67,67,1,0,0,1,0,0,1
"2020-11-29","勝山市長選挙","勝山市","福井県",0,1,0,2,61,61,1,0,1,0,0,0,1
"2020-11-29","古河市長選挙","古河市","茨城県",0,1,0,2,59,59,1,0,0,0,1,0,0
"2020-11-29","四日市市長選挙","四日市市","三重県",0,1,0,1,42,42,1,0,0,0,1,0,0
"2020-11-29","大豊町長選挙","大豊町","高知県",0,1,0,2,60,60,1,0,1,0,0,0,1
"2020-11-29","天川村議会議員選挙","天川村","奈良県",1,0,0,10,67,42,7,0,0.142857142857143,0.714285714285714,0,0,1
"2020-11-29","天童市長選挙","天童市","山形県",0,1,0,1,73,73,1,0,0,1,0,0,1
"2020-11-29","山中湖村長選挙","山中湖村","山梨県",0,1,0,2,67,67,1,0,1,1,0,0,1
"2020-11-29","島原市長選挙","島原市","長崎県",0,1,0,1,64,64,1,0,0,0,0,0,1
"2020-11-29","新見市長選挙","新見市","岡山県",0,1,0,3,64,64,1,0,1,0,0,0,1
"2020-11-29","朝日町長選挙","朝日町","山形県",0,1,0,1,60,60,1,0,0,0,0,0,1
"2020-11-29","桑名市長選挙","桑名市","三重県",0,1,0,3,44,44,1,0,0,0,1,0,0
"2020-11-29","知立市長選挙","知立市","愛知県",0,1,0,1,60,60,1,0,0,0,1,0,0
"2020-11-29","礼文町議会議員補欠選挙","礼文町","北海道",1,0,1,3,68,63,2,0,1,0.5,0,0,1
"2020-11-29","羽島市長選挙","羽島市","岐阜県",0,1,0,3,69,69,1,0,0,1,1,0,0
"2020-11-29","金武町議会議員選挙","金武町","沖縄県",1,0,0,20,61,42,15,1,0.1875,0.3125,0,0,1
"2020-11-29","関ケ原町長選挙","関ケ原町","岐阜県",0,1,0,1,68,68,1,0,0,1,0,0,1
"2020-11-29","高取町長選挙","高取町","奈良県",0,1,0,2,61,61,1,0,1,0,0,0,1
"2020-11-29","鹿児島市議会議員補欠選挙","鹿児島市","鹿児島県",1,0,1,7,71,71,1,0,0,1,0,0,1
"2020-11-29","鹿児島市長選挙","鹿児島市","鹿児島県",0,1,0,4,40,40,1,0,1,0,0,0,1
"2020-12-06","上北山村長選挙","上北山村","奈良県",0,1,0,1,68,68,1,0,0,1,0,0,1
"2020-12-06","北中城村長選挙","北中城村","沖縄県",0,1,0,2,66,66,1,0,1,1,0,0,1
"2020-12-06","宇治市長選挙","宇治市","京都府",0,1,0,2,63,63,0,1,1,0,1,0,0
"2020-12-06","横浜町長選挙","横浜町","青森県",0,1,0,2,79,79,1,0,1,1,0,0,1
"2020-12-06","魚沼市長選挙","魚沼市","新潟県",0,1,0,2,65,65,1,0,1,1,0,0,1
"2020-12-13","国立市長選挙","国立市","東京都",0,1,0,2,71,71,1,0,0,1,1,0,0
"2020-12-13","宜野座村長選挙","宜野座村","沖縄県",0,1,0,2,48,48,1,0,0,0,0,0,1
"2020-12-13","御宿町長選挙","御宿町","千葉県",0,1,0,1,72,72,1,0,0,1,0,0,1
"2020-12-13","泉大津市長選挙","泉大津市","大阪府",0,1,0,2,40,40,1,0,0,0,0,0,1
"2020-12-13","焼津市長選挙","焼津市","静岡県",0,1,0,2,63,63,1,0,0,0,0,0,1
"2020-12-20","寒河江市長選挙","寒河江市","山形県",0,1,0,1,70,70,1,0,0,1,0,0,1
"2020-12-20","舟橋村長選挙","舟橋村","富山県",0,1,0,1,67,67,1,0,1,1,0,0,1
"2020-12-27","四條畷市議会議員補欠選挙","四條畷市","大阪府",1,0,1,2,36,36,1,0,1,0,0,0,0
"2020-12-27","四條畷市長選挙","四條畷市","大阪府",0,1,0,2,32,32,1,0,0,0,0,0,1
"2020-12-27","小布施町長選挙","小布施町","長野県",0,1,0,1,55,55,1,0,1,0,0,0,1
"2020-12-27","芦北町議会議員補欠選挙","芦北町","熊本県",1,0,1,3,65,64,2,0,1,0.5,0,0,1
"2020-12-27","芦北町長選挙","芦北町","熊本県",0,1,0,3,73,73,1,0,0,1,0,0,1
"2020-12-27","雲仙市長選挙","雲仙市","長崎県",0,1,0,1,60,60,1,0,0,0,0,0,1
"2021-01-17","伊勢崎市議会議員補欠選挙","伊勢崎市","群馬県",1,0,1,2,54.5,49,2,0,0.5,0,0,0,1
"2021-01-17","伊勢崎市長選挙","伊勢崎市","群馬県",0,1,0,3,68,68,1,0,1,1,0,0,1
"2021-01-17","内灘町長選挙","内灘町","石川県",0,1,0,1,66,66,1,0,0,1,0,0,1
"2021-01-17","嘉手納町議会議員選挙","嘉手納町","沖縄県",1,0,0,18,57.5,42,15,1,0.125,0.1875,0.0625,0,0.9375
"2021-01-17","大多喜町議会議員選挙","大多喜町","千葉県",1,0,0,18,69,58,11,1,0.25,0.75,0.0833333333333333,0,0.916666666666667
"2021-01-17","大間町議会議員補欠選挙","大間町","青森県",1,0,1,1,61,61,1,0,1,0,0,0,1
"2021-01-17","大間町長選挙","大間町","青森県",0,1,0,2,65,65,1,0,1,1,0,0,1
"2021-01-17","大鹿村議会議員補欠選挙","大鹿村","長野県",1,0,1,1,71,71,1,0,1,1,0,0,1
"2021-01-17","大鹿村長選挙","大鹿村","長野県",0,1,0,1,56,56,1,0,1,0,0,0,1
"2021-01-17","宮古島市議会議員補欠選挙","宮古島市","沖縄県",1,0,1,5,52,41,1,1,1,0,0,0,1
"2021-01-17","宮古島市長選挙","宮古島市","沖縄県",0,1,0,2,71,71,1,0,1,1,0,1,0
"2021-01-17","岡垣町長選挙","岡垣町","福岡県",0,1,0,1,62,62,1,0,1,0,0,0,1
"2021-01-17","臼杵市長選挙","臼杵市","大分県",0,1,0,1,74,74,1,0,0,1,0,0,1
"2021-01-19","黒松内町長選挙","黒松内町","北海道",0,1,0,1,62,62,1,0,0,0,0,0,1
"2021-01-24","伯耆町長選挙","伯耆町","鳥取県",0,1,0,1,62,62,1,0,0,0,0,0,1
"2021-01-24","倉敷市議会議員選挙","倉敷市","岡山県",1,0,0,51,55,39,35,8,0.13953488372093,0.162790697674419,0.162790697674419,0.0930232558139535,0.720930232558139
"2021-01-24","内子町長選挙","内子町","愛媛県",0,1,0,1,65,65,1,0,1,1,0,0,1
"2021-01-24","十和田市議会議員補欠選挙","十和田市","青森県",1,0,1,1,44,44,1,0,1,0,0,0,1
"2021-01-24","十和田市長選挙","十和田市","青森県",0,1,0,2,74,74,1,0,0,1,1,0,0
"2021-01-24","双葉町議会議員選挙","双葉町","福島県",1,0,0,9,58,35,8,0,0.5,0.25,0,0,1
"2021-01-24","双葉町長選挙","双葉町","福島県",0,1,0,1,62,62,1,0,0,0,0,0,1
"2021-01-24","坂町議会議員補欠選挙","坂町","広島県",1,0,1,1,74,74,1,0,1,1,0,1,0
"2021-01-24","坂町長選挙","坂町","広島県",0,1,0,1,68,68,1,0,0,1,0,0,1
"2021-01-24","岩倉市長選挙","岩倉市","愛知県",0,1,0,2,59,59,1,0,0,0,1,0,0
"2021-01-24","川越市議会議員補欠選挙","川越市","埼玉県",1,0,1,2,41,41,1,0,1,0,0,0,1
"2021-01-24","川越市長選挙","川越市","埼玉県",0,1,0,2,70,70,1,0,0,1,1,0,0
"2021-01-24","平谷村長選挙","平谷村","長野県",0,1,0,1,69,69,1,0,1,1,0,0,1
"2021-01-24","池田町長選挙","池田町","福井県",0,1,0,1,63,63,1,0,0,0,0,0,1
"2021-01-24","玉東町長選挙","玉東町","熊本県",0,1,0,2,70,70,1,0,0,1,0,0,1
"2021-01-24","茨木市議会議員選挙","茨木市","大阪府",1,0,0,38,53,34,17,11,0.214285714285714,0.142857142857143,0.285714285714286,0.107142857142857,0.357142857142857
"2021-01-24","荒尾市長選挙","荒尾市","熊本県",0,1,0,1,60,60,1,0,0,0,0,0,1
"2021-01-24","菊川市議会議員選挙","菊川市","静岡県",1,0,0,22,65,25,13,4,0.352941176470588,0.529411764705882,0.0588235294117647,0.0588235294117647,0.823529411764706
"2021-01-24","菊川市長選挙","菊川市","静岡県",0,1,0,1,59,59,1,0,1,0,1,0,0
"2021-01-24","西都市長選挙","西都市","宮崎県",0,1,0,2,68,68,1,0,0,1,0,0,1
"2021-01-24","飯南町長選挙","飯南町","島根県",0,1,0,1,57,57,1,0,1,0,0,0,1
"2021-01-31","亀山市長選挙","亀山市","三重県",0,1,0,1,57,57,1,0,0,0,0,0,1
"2021-01-31","北九州市議会議員選挙","北九州市","福岡県",1,0,0,81,55,30,45,12,0.192982456140351,0.245614035087719,0.508771929824561,0.140350877192982,0.175438596491228
"2021-01-31","千代田区議会議員補欠選挙","千代田区","東京都",1,0,1,3,45,45,NA,NA,0,0,1,0,0
"2021-01-31","千代田区長選挙","千代田区","東京都",0,1,0,4,38,38,NA,NA,1,0,0,0,0
"2021-01-31","南あわじ市長選挙","南あわじ市","兵庫県",0,1,0,1,60,60,1,0,0,0,0,0,1
"2021-01-31","唐津市議会議員選挙","唐津市","佐賀県",1,0,0,33,62,32,26,2,0.178571428571429,0.464285714285714,0.142857142857143,0.107142857142857,0.75
"2021-01-31","唐津市長選挙","唐津市","佐賀県",0,1,0,2,60,60,1,0,0,0,0,0,1
"2021-01-31","大津町議会議員選挙","大津町","熊本県",1,0,0,16,59.5,32,15,1,0.3125,0.4375,0.0625,0.0625,0.875
"2021-01-31","大津町長選挙","大津町","熊本県",0,1,0,2,38,38,1,0,1,0,0,0,1
"2021-01-31","宇治田原町長選挙","宇治田原町","京都府",0,1,0,2,61,61,1,0,0,0,0,0,1
"2021-01-31","山鹿市議会議員選挙","山鹿市","熊本県",1,0,0,21,61.5,41,NA,NA,0.55,0.35,0.05,0.05,0.9
"2021-01-31","山鹿市長選挙","山鹿市","熊本県",0,1,0,3,54,54,1,0,1,0,0,0,1
"2021-01-31","岩出市議会議員選挙","岩出市","和歌山県",1,0,0,14,61,48,11,3,0.142857142857143,0.357142857142857,0.214285714285714,0.142857142857143,0.642857142857143
"2021-01-31","御殿場市長選挙","御殿場市","静岡県",0,1,0,2,49,49,1,0,0,0,0,0,1
"2021-01-31","戸田市議会議員選挙","戸田市","埼玉県",1,0,0,36,53.5,34,21,5,0.192307692307692,0.230769230769231,0.153846153846154,0.115384615384615,0.653846153846154
"2021-01-31","白石町議会議員選挙","白石町","佐賀県",1,0,0,18,67,35,14,2,0.125,0.6875,0.0625,0,0.9375
"2021-01-31","白石町長選挙","白石町","佐賀県",0,1,0,1,70,70,1,0,0,1,0,0,1
"2021-01-31","砥部町議会議員選挙","砥部町","愛媛県",1,0,0,17,67.5,53,14,2,0.1875,0.625,0.0625,0.0625,0.875
"2021-01-31","砥部町長選挙","砥部町","愛媛県",0,1,0,1,70,70,1,0,0,1,0,0,1
"2021-01-31","能美市議会議員補欠選挙","能美市","石川県",1,0,1,1,57,57,1,0,1,0,0,0,1
"2021-01-31","能美市長選挙","能美市","石川県",0,1,0,1,58,58,1,0,0,0,1,0,0
"2021-01-31","西之表市議会議員選挙","西之表市","鹿児島県",1,0,0,17,60.5,40,NA,NA,0.285714285714286,0.285714285714286,0.0714285714285714,0.142857142857143,0.785714285714286
"2021-01-31","西之表市長選挙","西之表市","鹿児島県",0,1,0,2,67,67,1,0,0,1,0,0,1
"2021-01-31","雲南市長選挙","雲南市","島根県",0,1,0,2,54,54,1,0,1,0,0,0,1
"2021-01-31","風間浦村長選挙","風間浦村","青森県",0,1,0,1,58,58,1,0,0,0,0,0,1
"2021-01-31","高島市議会議員選挙","高島市","滋賀県",1,0,0,20,54,40,14,4,0.277777777777778,0.333333333333333,0.0555555555555556,0.111111111111111,0.777777777777778
"2021-01-31","高島市長選挙","高島市","滋賀県",0,1,0,2,69,69,1,0,0,1,0,0,1
"2021-02-07","三川町議会議員選挙","三川町","山形県",1,0,0,10,62.5,38,10,0,0.2,0.4,0,0.1,0.9
"2021-02-07","上砂川町議会議員選挙","上砂川町","北海道",1,0,0,9,61,48,7,1,0.25,0.375,0.125,0.125,0.625
"2021-02-07","五島市議会議員選挙","五島市","長崎県",1,0,0,21,65,31,16,2,0.222222222222222,0.5,0.388888888888889,0.0555555555555556,0.5
"2021-02-07","今治市議会議員選挙","今治市","愛媛県",1,0,0,39,63.5,35,27,3,0.0666666666666667,0.433333333333333,0.266666666666667,0.0666666666666667,0.666666666666667
"2021-02-07","今治市長選挙","今治市","愛媛県",0,1,0,2,51,51,1,0,1,0,0,0,1
"2021-02-07","八郎潟町議会議員選挙","八郎潟町","秋田県",1,0,0,12,70.5,28,11,1,0.166666666666667,0.75,0,0.0833333333333333,0.916666666666667
"2021-02-07","前橋市議会議員選挙","前橋市","群馬県",1,0,0,47,56,27,31,7,0.157894736842105,0.210526315789474,0.105263157894737,0.105263157894737,0.736842105263158
"2021-02-07","南越前町長選挙","南越前町","福井県",0,1,0,1,66,66,1,0,0,1,0,0,1
"2021-02-07","多良木町長選挙","多良木町","熊本県",0,1,0,1,73,73,1,0,0,1,0,0,1
"2021-02-07","宇城市長選挙","宇城市","熊本県",0,1,0,2,61,61,1,0,0,0,1,0,0
"2021-02-07","寒川町議会議員選挙","寒川町","神奈川県",1,0,0,22,55.5,33,15,3,0.166666666666667,0.166666666666667,0.277777777777778,0.111111111111111,0.444444444444444
"2021-02-07","東近江市議会議員補欠選挙","東近江市","滋賀県",1,0,1,1,41,41,0,1,1,0,0,0,1
"2021-02-07","東近江市長選挙","東近江市","滋賀県",0,1,0,1,69,69,1,0,0,1,0,0,1
"2021-02-07","橿原市議会議員選挙","橿原市","奈良県",1,0,0,30,48,32,18,5,0.304347826086957,0.173913043478261,0.478260869565217,0.0434782608695652,0.304347826086957
"2021-02-07","浦添市議会議員選挙","浦添市","沖縄県",1,0,0,32,56,27,24,3,0.185185185185185,0.296296296296296,0.407407407407407,0.0740740740740741,0.481481481481481
"2021-02-07","浦添市長選挙","浦添市","沖縄県",0,1,0,2,53,53,1,0,0,0,1,0,0
"2021-02-07","田布施町議会議員選挙","田布施町","山口県",1,0,0,14,67,53,12,0,0.5,0.583333333333333,0,0,1
"2021-02-07","福津市長選挙","福津市","福岡県",0,1,0,3,50,50,1,0,0,0,0,0,1
"2021-02-07","西東京市長選挙","西東京市","東京都",0,1,0,3,61,61,1,0,1,0,1,0,0
"2021-02-07","越生町議会議員補欠選挙","越生町","埼玉県",1,0,1,4,66,54,2,1,0.666666666666667,0.666666666666667,0,0,1
"2021-02-07","越生町長選挙","越生町","埼玉県",0,1,0,4,76,76,1,0,1,1,0,0,1
"2021-02-07","飯塚市長選挙","飯塚市","福岡県",0,1,0,1,64,64,1,0,0,0,0,0,1
"2021-02-07","鹿部町議会議員選挙","鹿部町","北海道",1,0,0,9,71,51,8,1,0,0.888888888888889,0,0,1
"2021-02-07","鹿部町長選挙","鹿部町","北海道",0,1,0,1,49,49,1,0,0,0,0,0,1
"2021-02-14","川俣町長選挙","川俣町","福島県",0,1,0,3,74,74,1,0,1,1,0,0,1
"2021-02-14","揖斐川町議会議員選挙","揖斐川町","岐阜県",1,0,0,22,67,39,14,1,0.466666666666667,0.533333333333333,0.0666666666666667,0.0666666666666667,0.866666666666667
"2021-02-14","柏原市長選挙","柏原市","大阪府",0,1,0,1,45,45,1,0,0,0,0,0,0
"2021-02-14","津別町議会議員選挙","津別町","北海道",1,0,0,11,68,40,9,1,0.1,0.7,0.1,0.1,0.8
"2021-02-14","津野町長選挙","津野町","高知県",0,1,0,1,65,65,1,0,0,1,0,0,1
"2021-02-14","清水町長選挙","清水町","北海道",0,1,0,1,68,68,1,0,0,1,0,0,1
"2021-02-14","西条市議会議員選挙","西条市","愛媛県",1,0,0,33,64.5,29,23,5,0.178571428571429,0.5,0.0714285714285714,0.0357142857142857,0.821428571428571
"2021-02-14","野田村長選挙","野田村","岩手県",0,1,0,1,65,65,1,0,0,1,0,0,1
"2021-02-14","高鍋町長選挙","高鍋町","宮崎県",0,1,0,1,67,67,1,0,0,1,0,0,1
"2021-02-21","上野原市長選挙","上野原市","山梨県",0,1,0,3,71,71,1,0,1,1,0,0,1
"2021-02-21","五城目町長選挙","五城目町","秋田県",0,1,0,2,73,73,1,0,0,1,0,0,1
"2021-02-21","吉野町議会議員選挙","吉野町","奈良県",1,0,0,10,61,43,9,0,0.111111111111111,0.333333333333333,0,0,1
"2021-02-21","大分市議会議員選挙","大分市","大分県",1,0,0,58,59.5,32,40,4,0.159090909090909,0.363636363636364,0.409090909090909,0.136363636363636,0.363636363636364
"2021-02-21","天草市議会議員補欠選挙","天草市","熊本県",1,0,1,3,60,60,1,0,1,0,0,0,1
"2021-02-21","天草市長選挙","天草市","熊本県",0,1,0,2,52,52,1,0,1,0,0,0,1
"2021-02-21","奥尻町長選挙","奥尻町","北海道",0,1,0,1,68,68,1,0,0,1,0,0,1
"2021-02-21","山形村長選挙","山形村","長野県",0,1,0,1,69,69,1,0,0,1,0,0,1
"2021-02-21","王寺町長選挙","王寺町","奈良県",0,1,0,1,68,68,1,0,0,1,0,0,1
"2021-02-21","白山市議会議員選挙","白山市","石川県",1,0,0,23,63,40,19,2,0.285714285714286,0.476190476190476,0.0952380952380952,0.0476190476190476,0.857142857142857
"2021-02-21","神流町議会議員選挙","神流町","群馬県",1,0,0,8,64,41,8,0,0,0.5,0,0,0.875
"2021-02-21","米原市長選挙","米原市","滋賀県",0,1,0,1,70,70,1,0,0,1,0,0,1
"2021-02-21","芦別市長選挙","芦別市","北海道",0,1,0,1,69,69,1,0,0,1,0,0,1
"2021-02-21","西ノ島町議会議員選挙","西ノ島町","島根県",1,0,0,14,69,34,10,0,0.4,0.6,0,0,1
"2021-02-21","西目屋村議会議員補欠選挙","西目屋村","青森県",1,0,1,3,57.5,50,2,0,1,0.5,0,0,1
"2021-02-21","西目屋村長選挙","西目屋村","青森県",0,1,0,2,64,64,1,0,1,0,0,0,1
"2021-02-21","阿蘇市長選挙","阿蘇市","熊本県",0,1,0,1,71,71,1,0,0,1,0,0,1
"2021-02-28","つがる市長選挙","つがる市","青森県",0,1,0,1,64,64,1,0,1,0,1,0,0
"2021-02-28","上牧町長選挙","上牧町","奈良県",0,1,0,1,70,70,1,0,0,1,0,0,1
"2021-02-28","南阿蘇村議会議員選挙","南阿蘇村","熊本県",1,0,0,18,62,46,13,1,0.357142857142857,0.357142857142857,0,0,1
"2021-02-28","南阿蘇村長選挙","南阿蘇村","熊本県",0,1,0,3,65,65,1,0,0,1,0,0,1
"2021-02-28","各務原市議会議員選挙","各務原市","岐阜県",1,0,0,31,58.5,31,19,5,0.0416666666666667,0.25,0.375,0.0833333333333333,0.541666666666667
"2021-02-28","大紀町議会議員選挙","大紀町","三重県",1,0,0,14,73,31,10,1,0.363636363636364,0.636363636363636,0,0.0909090909090909,0.909090909090909
"2021-02-28","大紀町長選挙","大紀町","三重県",0,1,0,2,62,62,1,0,1,0,0,0,1
"2021-02-28","山都町長選挙","山都町","熊本県",0,1,0,2,73,73,1,0,0,1,0,0,1
"2021-02-28","朝霞市長選挙","朝霞市","埼玉県",0,1,0,2,66,66,1,0,0,1,0,0,1
"2021-02-28","本部町議会議員選挙","本部町","沖縄県",1,0,0,17,60,30,13,1,0.285714285714286,0.357142857142857,0,0,1
"2021-02-28","柳井市議会議員補欠選挙","柳井市","山口県",1,0,1,3,56,49,2,0,0.5,0,0,0,1
"2021-02-28","柳井市長選挙","柳井市","山口県",0,1,0,2,46,46,1,0,0,0,0,0,1
"2021-03-07","北広島町議会議員選挙","北広島町","広島県",1,0,0,12,61.5,36,10,2,0.25,0.333333333333333,0.0833333333333333,0.0833333333333333,0.833333333333333
"2021-03-07","北広島町長選挙","北広島町","広島県",0,1,0,1,65,65,1,0,0,1,0,0,1
"2021-03-07","越前町議会議員選挙","越前町","福井県",1,0,0,18,69,44,13,1,0.428571428571429,0.642857142857143,0,0.0714285714285714,0.928571428571429
"2021-03-07","越前町長選挙","越前町","福井県",0,1,0,2,62,62,1,0,1,0,0,0,1
"2021-03-07","遊佐町長選挙","遊佐町","山形県",0,1,0,1,70,70,1,0,0,1,0,0,1
"2021-03-07","鴨川市長選挙","鴨川市","千葉県",0,1,0,2,72,72,1,0,0,1,0,0,1
"2021-03-14","つるぎ町長選挙","つるぎ町","徳島県",0,1,0,1,68,68,1,0,0,1,0,0,1
"2021-03-14","上士幌町長選挙","上士幌町","北海道",0,1,0,1,72,72,1,0,0,1,0,0,1
"2021-03-14","上峰町長選挙","上峰町","佐賀県",0,1,0,2,41,41,1,0,0,0,0,0,1
"2021-03-14","下関市議会議員補欠選挙","下関市","山口県",1,0,1,4,68,68,1,0,0,1,1,0,0
"2021-03-14","下関市長選挙","下関市","山口県",0,1,0,2,44,44,1,0,0,0,0,0,1
"2021-03-14","入間市議会議員選挙","入間市","埼玉県",1,0,0,26,61,29,17,5,0.181818181818182,0.227272727272727,0.181818181818182,0.136363636363636,0.681818181818182
"2021-03-14","大月町長選挙","大月町","高知県",0,1,0,1,70,70,1,0,0,1,0,0,1
"2021-03-14","小野町長選挙","小野町","福島県",0,1,0,2,65,65,1,0,1,1,0,0,1
"2021-03-14","東通村長選挙","東通村","青森県",0,1,0,3,58,58,1,0,1,0,0,0,1
"2021-03-14","香春町議会議員選挙","香春町","福岡県",1,0,0,16,65,41,12,1,0.307692307692308,0.538461538461538,0.0769230769230769,0.0769230769230769,0.846153846153846
"2021-03-14","鹿角市議会議員選挙","鹿角市","秋田県",1,0,0,22,65,33,18,0,0.222222222222222,0.555555555555556,0.0555555555555556,0,0.944444444444444
"2021-03-21","七宗町議会議員補欠選挙","七宗町","岐阜県",1,0,1,2,60.5,45,2,0,0.5,0.5,0,0,1
"2021-03-21","七宗町長選挙","七宗町","岐阜県",0,1,0,2,69,69,1,0,1,1,0,0,1
"2021-03-21","上松町長選挙","上松町","長野県",0,1,0,2,65,65,1,0,0,1,0,0,1
"2021-03-21","中能登町議会議員補欠選挙","中能登町","石川県",1,0,1,5,62,34,4,0,0.75,0.5,0,0,1
"2021-03-21","中能登町長選挙","中能登町","石川県",0,1,0,3,69,69,1,0,1,1,0,0,1
"2021-03-21","信濃町議会議員選挙","信濃町","長野県",1,0,0,12,68.5,36,11,1,0.25,0.666666666666667,0.0833333333333333,0.25,0.666666666666667
"2021-03-21","加美町議会議員選挙","加美町","宮城県",1,0,0,20,68,41,15,2,0.176470588235294,0.823529411764706,0.0588235294117647,0,0.941176470588235
"2021-03-21","北茨城市議会議員選挙","北茨城市","茨城県",1,0,0,21,65,46,15,4,0.157894736842105,0.578947368421053,0.105263157894737,0.0526315789473684,0.736842105263158
"2021-03-21","千葉市議会議員補欠選挙（若葉区選挙区）","千葉市","千葉県",1,0,1,8,57.5,49,1,1,0.5,0.5,0.5,0,0
"2021-03-21","千葉市長選挙","千葉市","千葉県",0,1,0,3,47,47,1,0,1,0,0,0,1
"2021-03-21","大崎上島町議会議員選挙","大崎上島町","広島県",1,0,0,13,67.5,43,9,1,0.2,0.6,0,0,1
"2021-03-21","宝達志水町長選挙","宝達志水町","石川県",0,1,0,2,43,43,1,0,0,0,0,0,1
"2021-03-21","小松市長選挙","小松市","石川県",0,1,0,2,41,41,1,0,1,0,0,0,1
"2021-03-21","小金井市議会議員選挙","小金井市","東京都",1,0,0,36,54,32,15,9,0.125,0.125,0.291666666666667,0.166666666666667,0.416666666666667
"2021-03-21","東金市議会議員選挙","東金市","千葉県",1,0,0,25,63.5,28,17,3,0.15,0.45,0.15,0.05,0.8
"2021-03-21","柴田町議会議員選挙","柴田町","宮城県",1,0,0,18,63,36,14,4,0.222222222222222,0.5,0.111111111111111,0.0555555555555556,0.833333333333333
"2021-03-21","武蔵村山市長選挙","武蔵村山市","東京都",0,1,0,1,67,67,1,0,1,1,1,0,0
"2021-03-21","浦安市長選挙","浦安市","千葉県",0,1,0,2,56,56,1,0,0,0,0,0,1
"2021-03-21","海田町議会議員選挙","海田町","広島県",1,0,0,17,69.5,47,11,5,0.125,0.6875,0.125,0.0625,0.8125
"2021-03-21","留寿都村議会議員補欠選挙","留寿都村","北海道",1,0,1,3,47,47,1,0,0,0,0,0,1
"2021-03-21","留寿都村長選挙","留寿都村","北海道",0,1,0,2,62,62,0,1,1,0,0,0,1
"2021-03-21","真室川町議会議員選挙","真室川町","山形県",1,0,0,12,64.5,54,9,1,0.4,0.5,0,0.1,0.9
"2021-03-21","能登町長選挙","能登町","石川県",0,1,0,2,58,58,1,0,1,0,0,0,1
"2021-03-21","萩市議会議員補欠選挙","萩市","山口県",1,0,1,4,57.5,48,2,0,1,0.5,0,0,1
"2021-03-21","萩市長選挙","萩市","山口県",0,1,0,2,72,72,1,0,1,1,0,0,1
"2021-03-21","飯島町議会議員選挙","飯島町","長野県",1,0,0,14,65.5,32,10,2,0.583333333333333,0.5,0.0833333333333333,0.166666666666667,0.75
"2021-03-28","伊賀市議会議員選挙","伊賀市","三重県",1,0,0,28,58,36,17,5,0.318181818181818,0.227272727272727,0.136363636363636,0.0909090909090909,0.636363636363636
"2021-03-28","坂東市長選挙","坂東市","茨城県",0,1,0,2,65,65,1,0,0,1,0,0,1
"2021-03-28","大任町議会議員補欠選挙","大任町","福岡県",1,0,1,1,35,35,1,0,1,0,0,0,1
"2021-03-28","大任町長選挙","大任町","福岡県",0,1,0,2,67,67,1,0,0,1,1,0,0
"2021-03-28","安芸太田町議会議員選挙","安芸太田町","広島県",1,0,0,16,68,42,9,3,0.166666666666667,0.833333333333333,0,0,1
"2021-03-28","富士見市議会議員選挙","富士見市","埼玉県",1,0,0,25,51,29,16,5,0.19047619047619,0.0952380952380952,0.19047619047619,0.19047619047619,0.523809523809524
"2021-03-28","小城市長選挙","小城市","佐賀県",0,1,0,2,68,68,1,0,0,1,0,0,1
"2021-03-28","廿日市市議会議員選挙","廿日市市","広島県",1,0,0,34,64,29,22,6,0.25,0.5,0.107142857142857,0.0357142857142857,0.821428571428571
"2021-03-28","新上五島町議会議員選挙","新上五島町","長崎県",1,0,0,19,65,27,14,2,0.125,0.5625,0,0,1
"2021-03-28","羽村市議会議員補欠選挙","羽村市","東京都",1,0,1,3,54,54,1,0,1,0,0,0,1
"2021-03-28","羽村市長選挙","羽村市","東京都",0,1,0,2,67,67,1,0,1,1,0,0,1
"2021-03-28","蟹江町議会議員補欠選挙","蟹江町","愛知県",1,0,1,2,37,37,1,0,1,0,0,0,1
"2021-03-28","蟹江町長選挙","蟹江町","愛知県",0,1,0,2,69,69,1,0,0,1,0,0,1
"2021-03-28","諫早市議会議員選挙","諫早市","長崎県",1,0,0,32,63,31,22,4,0.192307692307692,0.423076923076923,0.346153846153846,0.0769230769230769,0.5
"2021-03-28","諫早市長選挙","諫早市","長崎県",0,1,0,3,55,55,1,0,1,0,0,0,1
"2021-03-28","赤磐市議会議員選挙","赤磐市","岡山県",1,0,0,24,65,50,15,3,0.166666666666667,0.555555555555556,0.111111111111111,0.111111111111111,0.777777777777778
"2021-03-28","赤磐市長選挙","赤磐市","岡山県",0,1,0,2,63,63,1,0,0,0,0,0,1
"2021-03-28","那珂川市議会議員選挙","那珂川市","福岡県",1,0,0,19,59,39,13,4,0.235294117647059,0.352941176470588,0.294117647058824,0.176470588235294,0.470588235294118
"2021-03-28","野沢温泉村議会議員選挙","野沢温泉村","長野県",1,0,0,8,61,39,8,0,0.375,0.375,0,0.125,0.875
"2021-03-28","野沢温泉村長選挙","野沢温泉村","長野県",0,1,0,1,71,71,1,0,0,1,0,0,1
"2021-03-28","鏡野町議会議員選挙","鏡野町","岡山県",1,0,0,17,64,43,13,2,0.4,0.466666666666667,0,0.0666666666666667,0.933333333333333
"2021-03-28","鏡野町長選挙","鏡野町","岡山県",0,1,0,2,67,67,1,0,0,1,0,0,1
"2021-03-28","静岡市議会議員選挙","静岡市","静岡県",1,0,0,63,57.5,35,45,3,0.229166666666667,0.375,0.5,0.0833333333333333,0.354166666666667
"2021-03-28","音更町議会議員補欠選挙","音更町","北海道",1,0,1,2,69,69,0,1,1,1,0,0,1
"2021-03-28","音更町長選挙","音更町","北海道",0,1,0,1,72,72,1,0,0,1,0,0,1
"2021-03-28","館林市長選挙","館林市","群馬県",0,1,0,2,61,61,1,0,1,0,0,0,1
"2021-03-28","香芝市議会議員選挙","香芝市","奈良県",1,0,0,19,59,41,13,3,0.25,0.1875,0.1875,0.125,0.5625
"2021-04-04","みやき町議会議員補欠選挙","みやき町","佐賀県",1,0,1,2,63,63,1,0,1,0,0,0,1
"2021-04-04","みやき町長選挙","みやき町","佐賀県",0,1,0,2,50,50,1,0,1,0,0,0,1
"2021-04-04","三原市議会議員選挙","三原市","広島県",1,0,0,28,65,35,22,3,0.16,0.52,0.12,0.04,0.84
"2021-04-04","北秋田市議会議員補欠選挙","北秋田市","秋田県",1,0,1,1,39,39,1,0,1,0,0,0,1
"2021-04-04","北秋田市長選挙","北秋田市","秋田県",0,1,0,1,69,69,1,0,0,1,0,0,1
"2021-04-04","大仙市長選挙","大仙市","秋田県",0,1,0,1,66,66,1,0,0,1,0,0,1
"2021-04-04","小坂町長選挙","小坂町","秋田県",0,1,0,2,73,73,1,0,0,1,0,0,1
"2021-04-04","小平市議会議員補欠選挙","小平市","東京都",1,0,1,4,32,31,1,2,1,0,0,0,0.666666666666667
"2021-04-04","小平市長選挙","小平市","東京都",0,1,0,2,48,48,0,1,1,0,0,0,1
"2021-04-04","氷見市長選挙","氷見市","富山県",0,1,0,1,64,64,1,0,0,0,0,0,1
"2021-04-04","湯沢市議会議員補欠選挙","湯沢市","秋田県",1,0,1,3,46,42,1,1,1,0,0,0,1
"2021-04-04","湯沢市長選挙","湯沢市","秋田県",0,1,0,3,57,57,1,0,1,0,0,0,1
"2021-04-04","潟上市議会議員補欠選挙","潟上市","秋田県",1,0,1,4,61,54,1,1,1,0.5,0,0,1
"2021-04-04","潟上市長選挙","潟上市","秋田県",0,1,0,1,50,50,1,0,1,0,0,0,1
"2021-04-04","由利本荘市議会議員補欠選挙","由利本荘市","秋田県",1,0,1,4,33,31,1,1,1,0,0,0,1
"2021-04-04","由利本荘市長選挙","由利本荘市","秋田県",0,1,0,2,55,55,1,0,1,0,0,0,1
"2021-04-04","男鹿市長選挙","男鹿市","秋田県",0,1,0,1,69,69,1,0,0,1,0,0,1
"2021-04-04","秋田市議会議員補欠選挙","秋田市","秋田県",1,0,1,2,67,67,1,0,1,1,0,0,1
"2021-04-04","秋田市長選挙","秋田市","秋田県",0,1,0,3,64,64,1,0,0,0,0,0,1
"2021-04-04","羽後町長選挙","羽後町","秋田県",0,1,0,1,68,68,1,0,0,1,0,0,1
"2021-04-04","赤穂市議会議員選挙","赤穂市","兵庫県",1,0,0,20,62,30,16,2,0.333333333333333,0.277777777777778,0.111111111111111,0.0555555555555556,0.777777777777778
"2021-04-11","さくら市長選挙","さくら市","栃木県",0,1,0,1,61,61,1,0,0,0,0,0,1
"2021-04-11","上勝町長選挙","上勝町","徳島県",0,1,0,2,63,63,1,0,0,0,0,0,1
"2021-04-11","中富良野町議会議員選挙","中富良野町","北海道",1,0,0,10,70.5,44,9,1,0.1,0.7,0,0.1,0.9
"2021-04-11","中泊町長選挙","中泊町","青森県",0,1,0,1,61,61,1,0,0,0,0,0,1
"2021-04-11","伊丹市長選挙","伊丹市","兵庫県",0,1,0,3,66,66,1,0,0,1,0,0,1
"2021-04-11","佐久市議会議員選挙","佐久市","長野県",1,0,0,26,62.5,35,21,5,0.230769230769231,0.384615384615385,0.153846153846154,0.115384615384615,0.692307692307692
"2021-04-11","佐久市長選挙","佐久市","長野県",0,1,0,1,51,51,1,0,0,0,0,0,1
"2021-04-11","佐久穂町議会議員選挙","佐久穂町","長野県",1,0,0,15,64.5,49,12,2,0.357142857142857,0.5,0.0714285714285714,0.142857142857143,0.785714285714286
"2021-04-11","佐久穂町長選挙","佐久穂町","長野県",0,1,0,1,61,61,1,0,0,0,0,0,1
"2021-04-11","佐伯市議会議員選挙","佐伯市","大分県",1,0,0,26,59,35,22,3,0.32,0.36,0.16,0.04,0.76
"2021-04-11","佐伯市長選挙","佐伯市","大分県",0,1,0,4,69,69,1,0,0,1,0,0,1
"2021-04-11","佐野市議会議員選挙","佐野市","栃木県",1,0,0,25,62,30,23,1,0.25,0.416666666666667,0.25,0.0833333333333333,0.625
"2021-04-11","佐野市長選挙","佐野市","栃木県",0,1,0,4,58,58,1,0,1,0,0,0,1
"2021-04-11","備前市議会議員補欠選挙","備前市","岡山県",1,0,1,3,56,56,1,0,0,0,0,0,1
"2021-04-11","備前市長選挙","備前市","岡山県",0,1,0,3,74,74,1,0,0,1,0,0,1
"2021-04-11","八頭町議会議員選挙","八頭町","鳥取県",1,0,0,21,59.5,35,10,4,0.428571428571429,0.285714285714286,0.0714285714285714,0.0714285714285714,0.857142857142857
"2021-04-11","出雲市議会議員選挙","出雲市","島根県",1,0,0,33,62.5,33,28,2,0.266666666666667,0.4,0.1,0.0666666666666667,0.833333333333333
"2021-04-11","出雲市長選挙","出雲市","島根県",0,1,0,3,55,55,1,0,1,0,0,0,1
"2021-04-11","南箕輪村議会議員補欠選挙","南箕輪村","長野県",1,0,1,3,58.5,46,1,1,0.5,0.5,0,0,1
"2021-04-11","南箕輪村長選挙","南箕輪村","長野県",0,1,0,2,41,41,1,0,1,0,0,0,1
"2021-04-11","和束町長選挙","和束町","京都府",0,1,0,2,75,75,1,0,0,1,0,0,1
"2021-04-11","嘉島町議会議員補欠選挙","嘉島町","熊本県",1,0,1,3,64.5,59,2,0,0.5,0.5,0,0,0.5
"2021-04-11","太田市長選挙","太田市","群馬県",0,1,0,3,79,79,1,0,0,1,0,0,1
"2021-04-11","宝塚市長選挙","宝塚市","兵庫県",0,1,0,4,51,51,0,1,1,0,0,0,1
"2021-04-11","山陽小野田市長選挙","山陽小野田市","山口県",0,1,0,1,61,61,1,0,0,0,0,0,1
"2021-04-11","庄原市議会議員選挙","庄原市","広島県",1,0,0,23,63.5,37,16,4,0.35,0.4,0.05,0.15,0.55
"2021-04-11","庄原市長選挙","庄原市","広島県",0,1,0,3,67,67,1,0,0,1,0,0,1
"2021-04-11","愛南町議会議員選挙","愛南町","愛媛県",1,0,0,16,62.5,58,12,2,0.357142857142857,0.357142857142857,0.0714285714285714,0,0.928571428571429
"2021-04-11","新見市議会議員選挙","新見市","岡山県",1,0,0,17,63.5,46,15,1,0.25,0.375,0.0625,0.0625,0.875
"2021-04-11","日の出町議会議員補欠選挙","日の出町","東京都",1,0,1,3,58,58,1,2,0.333333333333333,0.333333333333333,0,0,1
"2021-04-11","日の出町長選挙","日の出町","東京都",0,1,0,3,69,69,0,1,1,1,0,0,1
"2021-04-11","柳川市長選挙","柳川市","福岡県",0,1,0,2,72,72,1,0,0,1,0,0,1
"2021-04-11","桶川市長選挙","桶川市","埼玉県",0,1,0,1,52,52,1,0,0,0,0,0,1
"2021-04-11","海南市議会議員補欠選挙","海南市","和歌山県",1,0,1,3,49,47,1,1,1,0,0,0,1
"2021-04-11","海南市長選挙","海南市","和歌山県",0,1,0,1,70,70,1,0,0,1,0,0,1
"2021-04-11","湯川村議会議員選挙","湯川村","福島県",1,0,0,11,68,50,8,1,0.222222222222222,0.666666666666667,0,0.111111111111111,0.888888888888889
"2021-04-11","田村市議会議員補欠選挙","田村市","福島県",1,0,1,2,62,62,1,0,0,0,0,0,1
"2021-04-11","田村市長選挙","田村市","福島県",0,1,0,2,61,61,1,0,1,0,0,0,1
"2021-04-11","真庭市議会議員選挙","真庭市","岡山県",1,0,0,28,63.5,42,21,3,0.375,0.458333333333333,0.0833333333333333,0.0416666666666667,0.875
"2021-04-11","真庭市長選挙","真庭市","岡山県",0,1,0,1,69,69,1,0,0,1,0,0,1
"2021-04-11","筑前町長選挙","筑前町","福岡県",0,1,0,1,70,70,1,0,0,1,0,0,1
"2021-04-11","筑西市議会議員補欠選挙","筑西市","茨城県",1,0,1,4,58,26,2,1,1,0.333333333333333,0,0.333333333333333,0.666666666666667
"2021-04-11","筑西市長選挙","筑西市","茨城県",0,1,0,3,69,69,1,0,0,1,0,0,1
"2021-04-11","粕屋町議会議員選挙","粕屋町","福岡県",1,0,0,19,65,37,14,2,0.25,0.5625,0.125,0.125,0.75
"2021-04-11","美作市議会議員選挙","美作市","岡山県",1,0,0,28,63.5,46,16,2,0.444444444444444,0.444444444444444,0.111111111111111,0.0555555555555556,0.833333333333333
"2021-04-11","美咲町議会議員選挙","美咲町","岡山県",1,0,0,15,64,28,13,1,0.428571428571429,0.5,0.0714285714285714,0.0714285714285714,0.857142857142857
"2021-04-11","興部町議会議員補欠選挙","興部町","北海道",1,0,1,1,55,55,1,0,1,0,0,0,1
"2021-04-11","若狭町議会議員選挙","若狭町","福井県",1,0,0,14,66.5,53,14,0,0.5,0.571428571428571,0.0714285714285714,0.0714285714285714,0.857142857142857
"2021-04-11","若狭町長選挙","若狭町","福井県",0,1,0,2,40,40,1,0,1,0,0,0,1
"2021-04-11","菊池市長選挙","菊池市","熊本県",0,1,0,1,67,67,1,0,0,1,0,0,1
"2021-04-11","豊前市議会議員補欠選挙","豊前市","福岡県",1,0,1,2,53,53,1,0,0,0,0,0,1
"2021-04-11","豊前市長選挙","豊前市","福岡県",0,1,0,2,70,70,1,0,0,1,0,0,1
"2021-04-11","阿波市議会議員補欠選挙","阿波市","徳島県",1,0,1,3,75,75,1,0,0,1,0,0,1
"2021-04-11","阿波市長選挙","阿波市","徳島県",0,1,0,1,70,70,1,0,0,1,0,0,1
"2021-04-11","高根沢町長選挙","高根沢町","栃木県",0,1,0,2,61,61,1,0,0,0,1,0,0
"2021-04-11","鬼北町議会議員選挙","鬼北町","愛媛県",1,0,0,12,64,49,11,1,0.166666666666667,0.416666666666667,0.0833333333333333,0,0.916666666666667
"2021-04-11","鬼北町長選挙","鬼北町","愛媛県",0,1,0,1,58,58,1,0,0,0,0,0,1
"2021-04-11","鳥羽市長選挙","鳥羽市","三重県",0,1,0,2,62,62,1,0,0,0,0,0,1
"2021-04-18","かほく市議会議員選挙","かほく市","石川県",1,0,0,15,66,46,14,1,0.133333333333333,0.533333333333333,0.266666666666667,0.0666666666666667,0.666666666666667
"2021-04-18","さつま町議会議員選挙","さつま町","鹿児島県",1,0,0,17,69,40,NA,NA,0.375,0.6875,0,0,1
"2021-04-18","さつま町長選挙","さつま町","鹿児島県",0,1,0,1,58,58,1,0,1,0,0,0,1
"2021-04-18","七戸町長選挙","七戸町","青森県",0,1,0,1,72,72,1,0,0,1,0,0,1
"2021-04-18","与那原町議会議員選挙","与那原町","沖縄県",1,0,0,18,61,33,12,2,0.285714285714286,0.357142857142857,0.142857142857143,0.0714285714285714,0.785714285714286
"2021-04-18","串本町議会議員選挙","串本町","和歌山県",1,0,0,17,64,43,13,0,0.153846153846154,0.461538461538462,0,0.0769230769230769,0.923076923076923
"2021-04-18","串本町長選挙","串本町","和歌山県",0,1,0,2,62,62,1,0,0,0,0,0,1
"2021-04-18","丸亀市議会議員選挙","丸亀市","香川県",1,0,0,28,60,39,20,4,0.166666666666667,0.333333333333333,0.541666666666667,0.0416666666666667,0.333333333333333
"2021-04-18","丸亀市長選挙","丸亀市","香川県",0,1,0,2,61,61,1,0,1,0,0,0,1
"2021-04-18","久万高原町議会議員選挙","久万高原町","愛媛県",1,0,0,14,69,46,11,2,0.307692307692308,0.538461538461538,0,0.0769230769230769,0.923076923076923
"2021-04-18","井原市議会議員選挙","井原市","岡山県",1,0,0,20,65,44,17,1,0.166666666666667,0.555555555555556,0.0555555555555556,0.0555555555555556,0.888888888888889
"2021-04-18","伊予市議会議員選挙","伊予市","愛媛県",1,0,0,18,59,40,16,1,0.176470588235294,0.411764705882353,0.294117647058824,0,0.705882352941177
"2021-04-18","伊予市長選挙","伊予市","愛媛県",0,1,0,1,64,64,1,0,0,0,0,0,1
"2021-04-18","伊方町議会議員選挙","伊方町","愛媛県",1,0,0,16,62,41,14,0,0.142857142857143,0.357142857142857,0,0,1
"2021-04-18","伊江村長選挙","伊江村","沖縄県",0,1,0,1,68,68,1,0,0,1,0,0,1
"2021-04-18","伊豆の国市議会議員選挙","伊豆の国市","静岡県",1,0,0,20,64,34,NA,NA,0.176470588235294,0.470588235294118,0.0588235294117647,0.117647058823529,0.823529411764706
"2021-04-18","伊豆の国市長選挙","伊豆の国市","静岡県",0,1,0,2,65,65,1,0,1,1,0,0,1
"2021-04-18","伯耆町議会議員選挙","伯耆町","鳥取県",1,0,0,16,68.5,39,13,1,0.214285714285714,0.714285714285714,0.0714285714285714,0.0714285714285714,0.785714285714286
"2021-04-18","八幡浜市長選挙","八幡浜市","愛媛県",0,1,0,2,56,56,1,0,0,0,0,0,1
"2021-04-18","内子町議会議員選挙","内子町","愛媛県",1,0,0,16,67,37,14,1,0.133333333333333,0.533333333333333,0.0666666666666667,0.0666666666666667,0.866666666666667
"2021-04-18","十津川村長選挙","十津川村","奈良県",0,1,0,3,58,58,1,0,1,0,0,0,1
"2021-04-18","南大隅町議会議員選挙","南大隅町","鹿児島県",1,0,0,13,61,42,9,3,0.333333333333333,0.333333333333333,0,0,1
"2021-04-18","南大隅町長選挙","南大隅町","鹿児島県",0,1,0,3,65,65,1,0,1,1,0,0,1
"2021-04-18","占冠村議会議員補欠選挙","占冠村","北海道",1,0,1,1,63,63,NA,NA,1,0,0,0,1
"2021-04-18","四国中央市長選挙","四国中央市","愛媛県",0,1,0,4,71,71,1,0,0,1,0,0,1
"2021-04-18","外ヶ浜町長選挙","外ヶ浜町","青森県",0,1,0,2,39,39,0,1,0,0,0,0,1
"2021-04-18","大垣市議会議員補欠選挙","大垣市","岐阜県",1,0,1,1,51,51,1,0,1,0,0,0,1
"2021-04-18","大垣市長選挙","大垣市","岐阜県",0,1,0,4,59,59,1,0,1,0,0,0,1
"2021-04-18","大山町議会議員選挙","大山町","鳥取県",1,0,0,20,64.5,35,13,3,0.25,0.5,0.0625,0.0625,0.875
"2021-04-18","大山町長選挙","大山町","鳥取県",0,1,0,1,39,39,1,0,0,0,0,0,1
"2021-04-18","大河原町議会議員選挙","大河原町","宮城県",1,0,0,17,57,43,14,1,0.2,0.466666666666667,0.133333333333333,0.0666666666666667,0.8
"2021-04-18","大泉町議会議員選挙","大泉町","群馬県",1,0,0,17,62,29,13,2,0.133333333333333,0.4,0.0666666666666667,0.0666666666666667,0.866666666666667
"2021-04-18","大泉町長選挙","大泉町","群馬県",0,1,0,1,58,58,1,0,0,0,0,0,1
"2021-04-18","奥出雲町議会議員選挙","奥出雲町","島根県",1,0,0,17,67,55,12,2,0.357142857142857,0.642857142857143,0.0714285714285714,0.142857142857143,0.785714285714286
"2021-04-18","宇佐市長選挙","宇佐市","大分県",0,1,0,2,65,65,1,0,0,1,0,0,1
"2021-04-18","富山市議会議員選挙","富山市","富山県",1,0,0,48,57,36,34,4,0.236842105263158,0.210526315789474,0.736842105263158,0.0526315789473684,0.157894736842105
"2021-04-18","富山市長選挙","富山市","富山県",0,1,0,4,59,59,1,0,1,0,0,0,1
"2021-04-18","島本町議会議員選挙","島本町","大阪府",1,0,0,16,59.5,39,7,7,0.285714285714286,0.142857142857143,0.357142857142857,0.0714285714285714,0.285714285714286
"2021-04-18","島本町長選挙","島本町","大阪府",0,1,0,3,36,36,1,0,0,0,0,0,1
"2021-04-18","御杖村議会議員選挙","御杖村","奈良県",1,0,0,9,70.5,42,7,1,0.25,0.625,0,0,1
"2021-04-18","愛別町長選挙","愛別町","北海道",0,1,0,2,69,69,1,0,0,1,0,0,1
"2021-04-18","愛西市長選挙","愛西市","愛知県",0,1,0,2,47,47,1,0,0,0,0,0,1
"2021-04-18","掛川市議会議員選挙","掛川市","静岡県",1,0,0,23,60,38,15,6,0.333333333333333,0.285714285714286,0.0476190476190476,0.0952380952380952,0.857142857142857
"2021-04-18","掛川市長選挙","掛川市","静岡県",0,1,0,5,44,44,1,0,1,0,0,0,1
"2021-04-18","日南市長選挙","日南市","宮崎県",0,1,0,2,60,60,1,0,1,0,0,0,1
"2021-04-18","日野市議会議員補欠選挙","日野市","東京都",1,0,1,4,NA,NA,NA,NA,1,NA,0.333333333333333,0.333333333333333,0.333333333333333
"2021-04-18","日野市長選挙","日野市","東京都",0,1,0,2,63,63,1,0,0,0,1,0,0
"2021-04-18","東北町議会議員補欠選挙","東北町","青森県",1,0,1,3,50,50,0,1,1,0,0,0,1
"2021-04-18","東北町長選挙","東北町","青森県",0,1,0,2,48,48,1,0,1,0,0,0,1
"2021-04-18","東秩父村議会議員選挙","東秩父村","埼玉県",1,0,0,9,68,49,7,1,0.125,0.75,0,0,1
"2021-04-18","松江市議会議員選挙","松江市","島根県",1,0,0,41,60.5,31,28,6,0.294117647058824,0.411764705882353,0.117647058823529,0.0882352941176471,0.735294117647059
"2021-04-18","松江市長選挙","松江市","島根県",0,1,0,3,48,48,1,0,1,0,1,0,0
"2021-04-18","森町議会議員選挙","森町","静岡県",1,0,0,13,63.5,49,10,2,0.333333333333333,0.416666666666667,0,0.0833333333333333,0.833333333333333
"2021-04-18","榛東村議会議員選挙","榛東村","群馬県",1,0,0,13,59.5,40,9,3,0.333333333333333,0.333333333333333,0.0833333333333333,0,0.916666666666667
"2021-04-18","武豊町長選挙","武豊町","愛知県",0,1,0,1,73,73,1,0,0,1,0,0,1
"2021-04-18","浪江町議会議員選挙","浪江町","福島県",1,0,0,16,63.5,41,16,0,0.25,0.4375,0,0,1
"2021-04-18","海津市長選挙","海津市","岐阜県",0,1,0,2,48,48,1,0,1,0,0,0,1
"2021-04-18","清川村議会議員選挙","清川村","神奈川県",1,0,0,10,56.5,36,7,1,0.25,0.25,0,0.125,0.875
"2021-04-18","湧水町議会議員選挙","湧水町","鹿児島県",1,0,0,17,65,46,11,1,0.25,0.666666666666667,0,0,1
"2021-04-18","湧水町長選挙","湧水町","鹿児島県",0,1,0,1,60,60,1,0,0,0,0,0,1
"2021-04-18","砺波市議会議員選挙","砺波市","富山県",1,0,0,20,64.5,43,14,4,0.277777777777778,0.5,0,0.0555555555555556,0.944444444444444
"2021-04-18","磐田市議会議員選挙","磐田市","静岡県",1,0,0,28,62.5,45,23,3,0.269230769230769,0.307692307692308,0.0769230769230769,0.0769230769230769,0.846153846153846
"2021-04-18","磐田市長選挙","磐田市","静岡県",0,1,0,1,39,39,1,0,1,0,0,0,1
"2021-04-18","秩父市議会議員補欠選挙","秩父市","埼玉県",1,0,1,4,57.5,53,1,1,1,0,0,0,1
"2021-04-18","秩父市長選挙","秩父市","埼玉県",0,1,0,3,70,70,1,0,1,1,0,0,1
"2021-04-18","竹田市議会議員選挙","竹田市","大分県",1,0,0,18,64.5,46,NA,NA,0.4375,0.5,0,0.0625,0.9375
"2021-04-18","竹田市長選挙","竹田市","大分県",0,1,0,3,51,51,1,0,1,0,0,0,1
"2021-04-18","米子市議会議員補欠選挙","米子市","鳥取県",1,0,1,3,69,69,1,0,1,1,0,0,1
"2021-04-18","米子市長選挙","米子市","鳥取県",0,1,0,1,47,47,1,0,0,0,0,0,1
"2021-04-18","糸魚川市議会議員選挙","糸魚川市","新潟県",1,0,0,26,59,30,NA,NA,0.555555555555556,0.222222222222222,0.0555555555555556,0.0555555555555556,0.833333333333333
"2021-04-18","糸魚川市長選挙","糸魚川市","新潟県",0,1,0,2,72,72,1,0,0,1,0,0,1
"2021-04-18","能勢町議会議員選挙","能勢町","大阪府",1,0,0,15,60,39,9,3,0.166666666666667,0.333333333333333,0.166666666666667,0.0833333333333333,0.666666666666667
"2021-04-18","袋井市議会議員選挙","袋井市","静岡県",1,0,0,21,64,34,17,3,0.35,0.45,0.05,0.05,0.9
"2021-04-18","袋井市長選挙","袋井市","静岡県",0,1,0,2,57,57,1,0,1,0,0,0,1
"2021-04-18","西伊豆町議会議員選挙","西伊豆町","静岡県",1,0,0,11,67,40,9,1,0.3,0.6,0.1,0.1,0.8
"2021-04-18","西伊豆町長選挙","西伊豆町","静岡県",0,1,0,2,43,43,1,0,0,0,0,0,1
"2021-04-18","西海市議会議員選挙","西海市","長崎県",1,0,0,19,64.5,32,17,1,0.277777777777778,0.5,0.0555555555555556,0.0555555555555556,0.888888888888889
"2021-04-18","西海市長選挙","西海市","長崎県",0,1,0,3,68,68,1,0,0,1,0,0,1
"2021-04-18","豊後大野市議会議員選挙","豊後大野市","大分県",1,0,0,20,63.5,41,16,2,0.333333333333333,0.444444444444444,0,0,1
"2021-04-18","豊後大野市長選挙","豊後大野市","大分県",0,1,0,1,62,62,1,0,0,0,0,0,1
"2021-04-18","豊後高田市長選挙","豊後高田市","大分県",0,1,0,1,78,78,1,0,0,1,0,0,1
"2021-04-18","豊頃町長選挙","豊頃町","北海道",0,1,0,1,53,53,1,0,1,0,0,0,1
"2021-04-18","邑南町議会議員選挙","邑南町","島根県",1,0,0,14,62,39,11,2,0.307692307692308,0.461538461538462,0,0.0769230769230769,0.923076923076923
"2021-04-18","郡山市長選挙","郡山市","福島県",0,1,0,3,76,76,1,0,0,1,0,0,1
"2021-04-18","錦江町議会議員選挙","錦江町","鹿児島県",1,0,0,13,67.5,33,10,2,0.166666666666667,0.75,0,0,1
"2021-04-18","長門市議会議員選挙","長門市","山口県",1,0,0,21,57.5,30,14,4,0.333333333333333,0.166666666666667,0.0555555555555556,0.0555555555555556,0.888888888888889
"2021-04-18","阿武町議会議員補欠選挙","阿武町","山口県",1,0,1,2,49,49,1,0,1,0,0,0,1
"2021-04-18","阿武町長選挙","阿武町","山口県",0,1,0,1,65,65,1,0,0,1,0,0,1
"2021-04-18","阿賀町議会議員選挙","阿賀町","新潟県",1,0,0,12,69,53,10,2,0.333333333333333,0.666666666666667,0.0833333333333333,0.0833333333333333,0.833333333333333
"2021-04-18","隠岐の島町議会議員選挙","隠岐の島町","島根県",1,0,0,17,68.5,40,13,3,0.3125,0.6875,0,0,0.9375
"2021-04-25","うるま市議会議員補欠選挙","うるま市","沖縄県",1,0,1,2,39,39,0,1,1,0,0,0,1
"2021-04-25","うるま市長選挙","うるま市","沖縄県",0,1,0,2,56,56,1,0,1,0,1,0,0
"2021-04-25","上天草市議会議員選挙","上天草市","熊本県",1,0,0,17,61.5,41,14,2,0.125,0.375,0,0.0625,0.9375
"2021-04-25","中川村長選挙","中川村","長野県",0,1,0,1,66,66,1,0,0,1,0,0,1
"2021-04-25","仁木町長選挙","仁木町","北海道",0,1,0,1,45,45,1,0,0,0,0,0,1
"2021-04-25","会津美里町議会議員補欠選挙","会津美里町","福島県",1,0,1,2,69,68,1,1,0,1,0,0,1
"2021-04-25","会津美里町長選挙","会津美里町","福島県",0,1,0,2,63,63,1,0,1,0,0,0,1
"2021-04-25","利尻町議会議員再選挙","利尻町","北海道",1,0,0,2,45,45,1,0,1,0,0,0,1
"2021-04-25","利尻町長選挙","利尻町","北海道",0,1,0,2,68,68,1,0,1,1,0,0,1
"2021-04-25","北相木村長選挙","北相木村","長野県",0,1,0,1,62,62,1,0,1,0,0,0,1
"2021-04-25","十日町市議会議員選挙","十日町市","新潟県",1,0,0,25,61,34,NA,NA,0.291666666666667,0.416666666666667,0.0416666666666667,0.125,0.833333333333333
"2021-04-25","十日町市長選挙","十日町市","新潟県",0,1,0,2,62,62,1,0,0,0,0,0,1
"2021-04-25","千早赤阪村議会議員選挙","千早赤阪村","大阪府",1,0,0,8,68,43,6,1,0.428571428571429,0.571428571428571,0.142857142857143,0.285714285714286,0.571428571428571
"2021-04-25","南伊豆町長選挙","南伊豆町","静岡県",0,1,0,2,58,58,1,0,0,0,0,0,1
"2021-04-25","古平町長選挙","古平町","北海道",0,1,0,1,68,68,1,0,1,1,0,0,1
"2021-04-25","各務原市長選挙","各務原市","岐阜県",0,1,0,2,49,49,1,0,0,0,1,0,0
"2021-04-25","吉見町議会議員補欠選挙","吉見町","埼玉県",1,0,1,3,46,46,1,0,0,0,0,0,1
"2021-04-25","吉見町長選挙","吉見町","埼玉県",0,1,0,2,53,53,1,0,0,0,0,0,1
"2021-04-25","名古屋市長選挙","名古屋市","愛知県",0,1,0,4,72,72,1,0,0,1,0,0,1
"2021-04-25","四万十市長選挙","四万十市","高知県",0,1,0,2,64,64,1,0,0,0,0,0,1
"2021-04-25","国富町議会議員選挙","国富町","宮崎県",1,0,0,17,65,47,12,1,0.384615384615385,0.538461538461538,0.0769230769230769,0.0769230769230769,0.846153846153846
"2021-04-25","塩谷町議会議員選挙","塩谷町","栃木県",1,0,0,14,67,59,11,1,0.166666666666667,0.833333333333333,0,0.0833333333333333,0.833333333333333
"2021-04-25","天龍村議会議員選挙","天龍村","長野県",1,0,0,9,65,51,7,1,0.125,0.5,0,0,1
"2021-04-25","小海町議会議員選挙","小海町","長野県",1,0,0,14,69.5,40,10,2,0.416666666666667,0.666666666666667,0,0.166666666666667,0.833333333333333
"2021-04-25","小郡市長選挙","小郡市","福岡県",0,1,0,3,56,56,1,0,0,0,0,0,1
"2021-04-25","山梨市議会議員選挙","山梨市","山梨県",1,0,0,18,64,34,14,4,0.166666666666667,0.5,0.111111111111111,0.0555555555555556,0.833333333333333
"2021-04-25","岩泉町議会議員選挙","岩泉町","岩手県",1,0,0,15,68.5,48,13,1,0.142857142857143,0.642857142857143,0,0.0714285714285714,0.928571428571429
"2021-04-25","川辺町長選挙","川辺町","岐阜県",0,1,0,4,64,64,1,0,0,0,0,0,1
"2021-04-25","彦根市長選挙","彦根市","滋賀県",0,1,0,3,50,50,1,0,1,0,0,0,1
"2021-04-25","新冠町長選挙","新冠町","北海道",0,1,0,1,70,70,1,0,0,1,0,0,1
"2021-04-25","朝来市長選挙","朝来市","兵庫県",0,1,0,4,62,62,1,0,1,0,0,0,1
"2021-04-25","木曽岬町議会議員選挙","木曽岬町","三重県",1,0,0,8,65.5,35,7,1,0.125,0.625,0,0,1
"2021-04-25","木曽岬町長選挙","木曽岬町","三重県",0,1,0,1,76,76,1,0,0,1,0,0,1
"2021-04-25","東松島市議会議員選挙","東松島市","宮城県",1,0,0,19,65,36,15,3,0.222222222222222,0.555555555555556,0.222222222222222,0.0555555555555556,0.722222222222222
"2021-04-25","東松島市長選挙","東松島市","宮城県",0,1,0,1,73,73,1,0,0,1,1,0,0
"2021-04-25","東海市長選挙","東海市","愛知県",0,1,0,2,62,62,1,0,1,0,0,0,1
"2021-04-25","栄村議会議員選挙","栄村","長野県",1,0,0,11,70,51,9,1,0.3,0.8,0,0,1
"2021-04-25","栗原市議会議員選挙","栗原市","宮城県",1,0,0,27,68.5,37,23,1,0.125,0.666666666666667,0.0416666666666667,0.125,0.75
"2021-04-25","栗原市長選挙","栗原市","宮城県",0,1,0,2,64,64,1,0,1,0,0,0,1
"2021-04-25","淡路市長選挙","淡路市","兵庫県",0,1,0,2,75,75,1,0,0,1,0,0,1
"2021-04-25","湯梨浜町議会議員選挙","湯梨浜町","鳥取県",1,0,0,13,67,36,11,1,0.333333333333333,0.583333333333333,0.0833333333333333,0.166666666666667,0.75
"2021-04-25","瑞穂町長選挙","瑞穂町","東京都",0,1,0,3,67,67,1,0,0,1,0,0,1
"2021-04-25","生坂村議会議員選挙","生坂村","長野県",1,0,0,9,70.5,37,6,2,0.375,0.625,0,0,1
"2021-04-25","田辺市議会議員選挙","田辺市","和歌山県",1,0,0,28,54,30,NA,NA,0.15,0.2,0.2,0.1,0.7
"2021-04-25","田辺市長選挙","田辺市","和歌山県",0,1,0,2,63,63,1,0,0,0,1,0,0
"2021-04-25","田野町長選挙","田野町","高知県",0,1,0,3,68,68,1,0,0,1,0,0,1
"2021-04-25","登米市議会議員選挙","登米市","宮城県",1,0,0,30,62,43,21,5,0.269230769230769,0.423076923076923,0.0769230769230769,0.0769230769230769,0.807692307692308
"2021-04-25","登米市長選挙","登米市","宮城県",0,1,0,1,70,70,1,0,0,1,0,0,1
"2021-04-25","白馬村議会議員選挙","白馬村","長野県",1,0,0,14,65,27,9,3,0.416666666666667,0.583333333333333,0,0.0833333333333333,0.916666666666667
"2021-04-25","相良村議会議員選挙","相良村","熊本県",1,0,0,13,68,32,8,2,0.3,0.6,0,0,1
"2021-04-25","真岡市長選挙","真岡市","栃木県",0,1,0,2,65,65,1,0,0,1,0,0,1
"2021-04-25","石巻市長選挙","石巻市","宮城県",0,1,0,4,66,66,1,0,1,1,1,0,0
"2021-04-25","福崎町議会議員選挙","福崎町","兵庫県",1,0,0,17,65.5,38,13,1,0.285714285714286,0.5,0.0714285714285714,0.0714285714285714,0.857142857142857
"2021-04-25","茂原市議会議員選挙","茂原市","千葉県",1,0,0,32,64.5,35,18,4,0.272727272727273,0.5,0.136363636363636,0.0454545454545455,0.818181818181818
"2021-04-25","豊岡市議会議員補欠選挙","豊岡市","兵庫県",1,0,1,2,51,46,2,0,1,0,0,0,1
"2021-04-25","豊岡市長選挙","豊岡市","兵庫県",0,1,0,2,64,64,1,0,1,0,0,0,1
"2021-04-25","足利市長選挙","足利市","栃木県",0,1,0,2,48,48,1,0,1,0,0,0,1
"2021-04-25","那須塩原市議会議員選挙","那須塩原市","栃木県",1,0,0,28,61.5,42,23,3,0.192307692307692,0.307692307692308,0.153846153846154,0.0384615384615385,0.807692307692308
"2021-04-25","銚子市議会議員補欠選挙","銚子市","千葉県",1,0,1,5,76,76,2,0,0,1,0,0,1
"2021-04-25","銚子市長選挙","銚子市","千葉県",0,1,0,2,59,59,1,0,0,0,0,0,1
"2021-04-25","鎌倉市議会議員選挙","鎌倉市","神奈川県",1,0,0,39,55,26,17,9,0.269230769230769,0.230769230769231,0.192307692307692,0.115384615384615,0.615384615384615
"2021-04-25","長洲町長選挙","長洲町","熊本県",0,1,0,1,66,66,1,0,0,1,0,0,1
"2021-04-25","青木村議会議員選挙","青木村","長野県",1,0,0,10,68.5,43,9,1,0.3,0.8,0,0.1,0.9
"2021-04-25","青木村長選挙","青木村","長野県",0,1,0,1,78,78,1,0,0,1,0,0,1
"2021-04-25","飯田市議会議員選挙","飯田市","長野県",1,0,0,26,58,38,21,2,0.391304347826087,0.260869565217391,0.130434782608696,0.0869565217391304,0.782608695652174
"2021-04-25","飯能市議会議員選挙","飯能市","埼玉県",1,0,0,22,54,38,14,5,0.210526315789474,0.315789473684211,0.157894736842105,0.157894736842105,0.578947368421053
"2021-04-25","香美町議会議員選挙","香美町","兵庫県",1,0,0,17,64,36,15,1,0.125,0.5,0.0625,0.0625,0.875
"2021-04-25","香美町長選挙","香美町","兵庫県",0,1,0,2,59,59,1,0,0,0,0,0,1
"2021-04-29","共和町長選挙","共和町","北海道",0,1,0,1,58,58,1,0,1,0,0,0,1
"2021-05-02","和寒町議会議員補欠選挙","和寒町","北海道",1,0,1,2,49,46,2,0,1,0,0,0,1
"2021-05-02","宍粟市議会議員選挙","宍粟市","兵庫県",1,0,0,16,60.5,42,15,1,0.25,0.375,0.125,0.0625,0.8125
"2021-05-02","宍粟市長選挙","宍粟市","兵庫県",0,1,0,1,67,67,1,0,0,1,0,0,1
"2021-05-16","吉野川市議会議員選挙","吉野川市","徳島県",1,0,0,20,63.5,47,19,1,0.1,0.5,0.05,0.05,0.9
"2021-05-16","坂出市議会議員再選挙","坂出市","香川県",1,0,0,3,56,56,1,0,1,0,0,0,0
"2021-05-16","坂出市長選挙","坂出市","香川県",0,1,0,2,54,54,1,0,1,0,0,0,1
"2021-05-16","対馬市議会議員選挙","対馬市","長崎県",1,0,0,23,66,52,18,1,0.157894736842105,0.526315789473684,0.263157894736842,0,0.736842105263158
"2021-05-16","常陸太田市長選挙","常陸太田市","茨城県",0,1,0,1,67,67,1,0,1,1,0,0,1
"2021-05-16","座間味村長選挙","座間味村","沖縄県",0,1,0,2,53,53,1,0,0,0,0,0,1
"2021-05-16","新郷村長選挙","新郷村","青森県",0,1,0,1,68,68,1,0,0,1,0,0,1
"2021-05-16","日置市議会議員選挙","日置市","鹿児島県",1,0,0,22,61.5,33,17,3,0.25,0.3,0.05,0.1,0.85
"2021-05-16","日置市長選挙","日置市","鹿児島県",0,1,0,3,37,37,1,0,1,0,0,0,1
"2021-05-16","日高川町長選挙","日高川町","和歌山県",0,1,0,1,65,65,1,0,0,1,0,0,1
"2021-05-16","松伏町長選挙","松伏町","埼玉県",0,1,0,2,66,66,1,0,0,1,0,0,1
"2021-05-16","河内町長選挙","河内町","茨城県",0,1,0,2,62,62,1,0,1,0,0,0,1
"2021-05-16","精華町議会議員選挙","精華町","京都府",1,0,0,18,67.5,39,14,4,0.166666666666667,0.666666666666667,0.0555555555555556,0.222222222222222,0.666666666666667
"2021-05-16","黒滝村長選挙","黒滝村","奈良県",0,1,0,1,67,67,1,0,0,1,0,0,1
"2021-05-23","いの町議会議員選挙","いの町","高知県",1,0,0,20,66.5,47,14,4,0.277777777777778,0.555555555555556,0.0555555555555556,0.166666666666667,0.777777777777778
"2021-05-23","えりも町長選挙","えりも町","北海道",0,1,0,1,68,68,1,0,0,1,0,0,1
"2021-05-23","さいたま市長選挙","さいたま市","埼玉県",0,1,0,2,59,59,1,0,0,0,0,0,1
"2021-05-23","上野村長選挙","上野村","群馬県",0,1,0,1,59,59,1,0,0,0,0,0,1
"2021-05-23","伊東市長選挙","伊東市","静岡県",0,1,0,2,58,58,1,0,0,0,0,0,1
"2021-05-23","八千代市議会議員補欠選挙","八千代市","千葉県",1,0,1,3,49,49,0,1,1,0,0,0,1
"2021-05-23","八千代市長選挙","八千代市","千葉県",0,1,0,3,63,63,1,0,0,0,0,0,1
"2021-05-23","出雲崎町議会議員選挙","出雲崎町","新潟県",1,0,0,12,68,36,8,2,0.2,0.6,0,0,1
"2021-05-23","名古屋市議会議員補欠選挙（南区選挙区）","名古屋市","愛知県",1,0,1,5,59,59,1,0,1,0,1,0,0
"2021-05-23","和光市長選挙","和光市","埼玉県",0,1,0,2,46,46,0,1,1,0,0,0,1
"2021-05-23","土佐清水市長選挙","土佐清水市","高知県",0,1,0,2,62,62,1,0,0,0,0,0,1
"2021-05-23","多良間村議会議員選挙","多良間村","沖縄県",1,0,0,8,65,52,7,0,0.428571428571429,0.571428571428571,0,0,1
"2021-05-23","島田市議会議員選挙","島田市","静岡県",1,0,0,24,64.5,37,15,5,0.3,0.5,0.1,0.1,0.8
"2021-05-23","島田市長選挙","島田市","静岡県",0,1,0,3,66,66,0,1,0,1,0,0,1
"2021-05-23","日光市長選挙","日光市","栃木県",0,1,0,2,57,57,1,0,1,0,0,0,1
"2021-05-23","松原市議会議員補欠選挙","松原市","大阪府",1,0,1,1,34,34,1,0,1,0,0,0,0
"2021-05-23","松原市長選挙","松原市","大阪府",0,1,0,1,50,50,1,0,0,0,1,0,0
"2021-05-30","千歳市議会議員選挙","千歳市","北海道",1,0,0,27,55,36,17,6,0.173913043478261,0.130434782608696,0.565217391304348,0.0434782608695652,0.304347826086957
"2021-05-30","標津町長選挙","標津町","北海道",0,1,0,2,61,61,1,0,1,0,0,0,1
"2021-06-06","三木市長選挙","三木市","兵庫県",0,1,0,2,48,48,1,0,0,0,0,0,1
"2021-06-06","会津坂下町長選挙","会津坂下町","福島県",0,1,0,1,67,67,1,0,1,1,0,0,1
"2021-06-06","半田市議会議員補欠選挙","半田市","愛知県",1,0,1,4,45.5,44,2,0,1,0,0.5,0,0.5
"2021-06-06","半田市長選挙","半田市","愛知県",0,1,0,3,47,47,1,0,1,0,0,0,1
"2021-06-06","和泉市長選挙","和泉市","大阪府",0,1,0,1,61,61,1,0,0,0,0,0,1
"2021-06-06","境町議会議員選挙","境町","茨城県",1,0,0,16,56.5,29,11,1,0.25,0.25,0.0833333333333333,0,0.916666666666667
"2021-06-06","尼崎市議会議員選挙","尼崎市","兵庫県",1,0,0,55,55.5,29,NA,NA,0.238095238095238,0.166666666666667,0.452380952380952,0.119047619047619,0.119047619047619
"2021-06-06","尾鷲市議会議員選挙","尾鷲市","三重県",1,0,0,15,64.5,33,6,4,0.4,0.5,0.1,0,0.9
"2021-06-06","尾鷲市長選挙","尾鷲市","三重県",0,1,0,3,72,72,1,0,0,1,0,0,1
"2021-06-06","明日香村議会議員選挙","明日香村","奈良県",1,0,0,9,54,48,8,1,0.222222222222222,0.333333333333333,0,0.111111111111111,0.777777777777778
"2021-06-06","瀬戸内市議会議員選挙","瀬戸内市","岡山県",1,0,0,20,59.5,35,14,4,0.333333333333333,0.333333333333333,0.111111111111111,0.111111111111111,0.777777777777778
"2021-06-06","瀬戸内市長選挙","瀬戸内市","岡山県",0,1,0,2,52,52,1,0,0,0,1,0,0
"2021-06-06","白子町議会議員補欠選挙","白子町","千葉県",1,0,1,2,69,69,1,0,0,1,0,0,1
"2021-06-06","白子町長選挙","白子町","千葉県",0,1,0,2,70,70,1,0,1,1,0,0,1
"2021-06-13","あきる野市議会議員選挙","あきる野市","東京都",1,0,0,27,55,43,15,6,0.19047619047619,0.238095238095238,0.285714285714286,0.142857142857143,0.476190476190476
"2021-06-13","中札内村議会議員再選挙","中札内村","北海道",1,0,0,1,46,46,0,1,1,0,0,0,1
"2021-06-13","中札内村長選挙","中札内村","北海道",0,1,0,1,54,54,1,0,0,0,0,0,1
"2021-06-13","中間市議会議員選挙","中間市","福岡県",1,0,0,20,67.5,29,13,3,0.1875,0.5625,0.1875,0.125,0.5625
"2021-06-13","中間市長選挙","中間市","福岡県",0,1,0,3,60,60,1,0,0,0,0,0,1
"2021-06-13","厚岸町議会議員補欠選挙","厚岸町","北海道",1,0,1,1,44,44,1,0,1,0,0,0,1
"2021-06-13","厚岸町長選挙","厚岸町","北海道",0,1,0,1,79,79,1,0,0,1,0,0,1
"2021-06-13","喬木村議会議員選挙","喬木村","長野県",1,0,0,10,65.5,51,8,2,0.2,0.5,0,0.2,0.8
"2021-06-13","志木市長選挙","志木市","埼玉県",0,1,0,2,48,48,1,0,0,0,0,0,1
"2021-06-20","あわら市議会議員選挙","あわら市","福井県",1,0,0,19,69,40,14,2,0.3125,0.75,0.0625,0.0625,0.875
"2021-06-20","三浦市議会議員補欠選挙","三浦市","神奈川県",1,0,1,1,52,52,1,0,1,0,1,0,0
"2021-06-20","三浦市長選挙","三浦市","神奈川県",0,1,0,1,65,65,1,0,0,1,0,0,1
"2021-06-20","佐々町議会議員選挙","佐々町","長崎県",1,0,0,12,68.5,45,10,0,0.2,0.7,0,0.1,0.9
"2021-06-20","佐々町長選挙","佐々町","長崎県",0,1,0,2,74,74,1,0,0,1,0,0,1
"2021-06-20","南知多町議会議員選挙","南知多町","愛知県",1,0,0,12,67,41,11,1,0.0833333333333333,0.75,0,0.0833333333333333,0.916666666666667
"2021-06-20","多良間村長選挙","多良間村","沖縄県",0,1,0,2,66,66,1,0,0,1,0,0,1
"2021-06-20","大和郡山市長選挙","大和郡山市","奈良県",0,1,0,2,69,69,1,0,0,1,0,0,1
"2021-06-20","広陵町長選挙","広陵町","奈良県",0,1,0,1,73,73,1,0,0,1,0,0,1
"2021-06-20","椎葉村長選挙","椎葉村","宮崎県",0,1,0,1,66,66,1,0,1,1,0,0,1
"2021-06-20","江府町議会議員選挙","江府町","鳥取県",1,0,0,9,67,42,9,0,0.222222222222222,0.888888888888889,0,0,1
"2021-06-20","津野町議会議員選挙","津野町","高知県",1,0,0,12,66,41,8,2,0.2,0.6,0,0,1
"2021-06-20","紋別市議会議員補欠選挙","紋別市","北海道",1,0,1,2,47,47,2,0,1,0,0.5,0,0.5
"2021-06-20","紋別市長選挙","紋別市","北海道",0,1,0,1,67,67,1,0,0,1,0,0,1
"2021-06-20","船橋市議会議員補欠選挙","船橋市","千葉県",1,0,1,11,27,27,0,1,1,0,0,0,1
"2021-06-20","船橋市長選挙","船橋市","千葉県",0,1,0,3,66,66,1,0,0,1,1,0,0
"2021-06-20","西尾市議会議員選挙","西尾市","愛知県",1,0,0,40,59.5,33,25,5,0.3,0.4,0.0666666666666667,0.0666666666666667,0.866666666666667
"2021-06-20","西尾市長選挙","西尾市","愛知県",0,1,0,2,42,42,1,0,0,0,0,0,1
"2021-06-20","魚沼市議会議員選挙","魚沼市","新潟県",1,0,0,20,64,42,16,2,0.166666666666667,0.444444444444444,0.0555555555555556,0.111111111111111,0.833333333333333
"2021-06-20","鹿角市長選挙","鹿角市","秋田県",0,1,0,2,67,67,1,0,1,1,0,0,1
"2021-06-27","和泊町長選挙","和泊町","鹿児島県",0,1,0,4,62,62,1,0,1,0,0,0,1
"2021-06-27","宮古市長選挙","宮古市","岩手県",0,1,0,2,65,65,1,0,0,1,0,0,1
"2021-06-27","新篠津村長選挙","新篠津村","北海道",0,1,0,1,67,67,1,0,0,1,0,0,1
"2021-06-27","杉戸町議会議員補欠選挙","杉戸町","埼玉県",1,0,1,1,53,53,NA,NA,1,0,0,0,1
"2021-06-27","杉戸町長選挙","杉戸町","埼玉県",0,1,0,3,70,70,1,0,0,1,0,0,1
"2021-06-27","横須賀市長選挙","横須賀市","神奈川県",0,1,0,2,67,67,1,0,0,1,1,0,0
"2021-06-27","礼文町議会議員選挙","礼文町","北海道",1,0,0,12,65,49,9,0,0.333333333333333,0.555555555555556,0,0,1
"2021-06-27","礼文町長選挙","礼文町","北海道",0,1,0,1,70,70,1,0,0,1,0,0,1
"2021-06-27","赤村議会議員選挙","赤村","福岡県",1,0,0,13,67,45,10,0,0,0.5,0,0,1
"2021-06-27","赤村長選挙","赤村","福岡県",0,1,0,2,72,72,1,0,0,1,0,0,1
"2021-06-27","高取町議会議員選挙","高取町","奈良県",1,0,0,10,63.5,35,7,1,0.625,0.375,0,0.125,0.875
"2021-07-04","五ヶ瀬町議会議員選挙","五ヶ瀬町","宮崎県",1,0,0,10,65,56,9,0,0.444444444444444,0.555555555555556,0,0,1
"2021-07-04","利根町長選挙","利根町","茨城県",0,1,0,4,65,65,1,0,0,1,0,0,1
"2021-07-04","国分寺市議会議員補欠選挙","国分寺市","東京都",1,0,1,4,48,44,1,1,1,0,0.5,0,0
"2021-07-04","国分寺市長選挙","国分寺市","東京都",0,1,0,2,70,70,1,0,0,1,1,0,0
"2021-07-04","道志村長選挙","道志村","山梨県",0,1,0,2,79,79,1,0,0,1,0,0,1
"2021-07-04","長瀞町議会議員補欠選挙","長瀞町","埼玉県",1,0,1,1,60,60,1,0,1,0,0,0,1
"2021-07-04","長瀞町長選挙","長瀞町","埼玉県",0,1,0,2,74,74,0,1,0,1,0,0,1
"2021-07-04","高岡市長選挙","高岡市","富山県",0,1,0,3,38,38,1,0,1,0,0,0,1
"2021-07-11","三好市議会議員補欠選挙","三好市","徳島県",1,0,1,3,40,40,1,0,1,0,0,0,1
"2021-07-11","三好市長選挙","三好市","徳島県",0,1,0,2,49,49,0,1,1,0,0,0,1
"2021-07-11","三郷市議会議員選挙","三郷市","埼玉県",1,0,0,34,57.5,33,17,7,0.291666666666667,0.25,0.208333333333333,0.125,0.625
"2021-07-11","北広島市長選挙","北広島市","北海道",0,1,0,2,73,73,1,0,0,1,0,0,1
"2021-07-11","奈良市議会議員選挙","奈良市","奈良県",1,0,0,47,56,28,NA,NA,0.205128205128205,0.153846153846154,0.333333333333333,0.153846153846154,0.41025641025641
"2021-07-11","奈良市長選挙","奈良市","奈良県",0,1,0,5,45,45,1,0,0,0,0,0,1
"2021-07-11","宮田村長選挙","宮田村","長野県",0,1,0,1,76,76,1,0,0,1,0,0,1
"2021-07-11","津奈木町議会議員補欠選挙","津奈木町","熊本県",1,0,1,2,51.5,42,2,0,1,0,0,0,1
"2021-07-11","津奈木町長選挙","津奈木町","熊本県",0,1,0,2,69,69,1,0,0,1,0,0,1
"2021-07-11","肝付町長選挙","肝付町","鹿児島県",0,1,0,3,70,70,1,0,0,1,0,0,1
"2021-07-11","那覇市議会議員選挙","那覇市","沖縄県",1,0,0,63,47,26,27,13,0.325,0.125,0.4,0.15,0.3
"2021-07-11","飯能市長選挙","飯能市","埼玉県",0,1,0,2,68,68,1,0,1,1,0,0,1
"2021-07-11","高森町議会議員選挙","高森町","長野県",1,0,0,14,67.5,37,12,2,0.428571428571429,0.714285714285714,0.0714285714285714,0.214285714285714,0.714285714285714
"2021-07-18","上郡町議会議員選挙","上郡町","兵庫県",1,0,0,14,69.5,48,9,1,0.5,0.8,0.1,0.1,0.8
"2021-07-18","上郡町長選挙","上郡町","兵庫県",0,1,0,3,52,52,1,0,1,0,0,0,1
"2021-07-18","住田町長選挙","住田町","岩手県",0,1,0,1,62,62,1,0,0,0,0,0,1
"2021-07-18","南国市議会議員補欠選挙","南国市","高知県",1,0,1,3,53,53,0,1,1,0,0,0,1
"2021-07-18","南国市長選挙","南国市","高知県",0,1,0,2,58,58,1,0,0,0,0,0,1
"2021-07-18","大治町議会議員補欠選挙","大治町","愛知県",1,0,1,1,52,52,NA,NA,1,0,0,0,1
"2021-07-18","大治町長選挙","大治町","愛知県",0,1,0,1,63,63,1,0,0,0,0,0,1
"2021-07-18","太地町議会議員選挙","太地町","和歌山県",1,0,0,11,65.5,44,10,0,0.2,0.5,0,0,1
"2021-07-18","川西町議会議員補欠選挙","川西町","奈良県",1,0,1,1,63,63,1,0,1,0,0,0,1
"2021-07-18","川西町長選挙","川西町","奈良県",0,1,0,2,39,39,1,0,1,0,0,0,1
"2021-07-18","庄内町議会議員再選挙","庄内町","山形県",1,0,0,2,49,49,1,0,1,0,0,0,1
"2021-07-18","庄内町長選挙","庄内町","山形県",0,1,0,2,58,58,1,0,1,0,0,0,1
"2021-07-18","当別町議会議員補欠選挙","当別町","北海道",1,0,1,2,41,41,1,0,0,0,0,0,1
"2021-07-18","当別町長選挙","当別町","北海道",0,1,0,2,66,66,1,0,1,1,0,0,1
"2021-07-18","新得町長選挙","新得町","北海道",0,1,0,1,66,66,1,0,0,1,0,0,1
"2021-07-18","旭市議会議員補欠選挙","旭市","千葉県",1,0,1,9,50,31,3,1,1,0,0,0,1
"2021-07-18","旭市長選挙","旭市","千葉県",0,1,0,4,60,60,1,0,1,0,1,0,0
"2021-07-18","智頭町議会議員選挙","智頭町","鳥取県",1,0,0,14,60.5,27,10,2,0.5,0.333333333333333,0,0,1
"2021-07-18","曽於市長選挙","曽於市","鹿児島県",0,1,0,2,67,67,1,0,0,1,0,0,1
"2021-07-18","淡路市議会議員選挙","淡路市","兵庫県",1,0,0,23,62.5,36,17,1,0.277777777777778,0.444444444444444,0.111111111111111,0.111111111111111,0.777777777777778
"2021-07-18","清須市長選挙","清須市","愛知県",0,1,0,1,66,66,1,0,0,1,0,0,1
"2021-07-18","猪名川町議会議員補欠選挙","猪名川町","兵庫県",1,0,1,2,59,59,0,1,0,0,0,0,1
"2021-07-18","猪名川町長選挙","猪名川町","兵庫県",0,1,0,4,66,66,1,0,1,1,0,0,1
"2021-07-18","美郷町議会議員選挙","美郷町","島根県",1,0,0,13,70,49,11,1,0.25,0.833333333333333,0,0.0833333333333333,0.916666666666667
"2021-07-18","西会津町長選挙","西会津町","福島県",0,1,0,2,73,73,1,0,0,1,0,0,1
"2021-07-18","鎌ケ谷市長選挙","鎌ケ谷市","千葉県",0,1,0,4,59,59,0,1,1,0,0,0,1
"2021-07-25","五木村議会議員選挙","五木村","熊本県",1,0,0,9,67,58,8,0,0.125,0.625,0,0,1
"2021-07-25","大玉村長選挙","大玉村","福島県",0,1,0,1,71,71,1,0,0,1,0,0,1
"2021-07-25","富岡町長選挙","富岡町","福島県",0,1,0,2,62,62,1,0,1,0,0,0,1
"2021-07-25","松阪市議会議員選挙","松阪市","三重県",1,0,0,32,59.5,32,20,8,0.25,0.178571428571429,0.107142857142857,0.0714285714285714,0.821428571428571
"2021-07-25","飯南町議会議員選挙","飯南町","島根県",1,0,0,10,66,41,9,1,0.2,0.6,0,0.1,0.9
"2021-08-01","仙台市長選挙","仙台市","宮城県",0,1,0,2,64,64,0,1,0,0,0,0,1
"2021-08-01","八幡浜市議会議員選挙","八幡浜市","愛媛県",1,0,0,16,61,51,12,4,0.25,0.3125,0.0625,0.0625,0.875
"2021-08-01","壱岐市議会議員選挙","壱岐市","長崎県",1,0,0,21,59.5,37,15,1,0.25,0.25,0.375,0.0625,0.5625
"2021-08-01","小清水町長選挙","小清水町","北海道",0,1,0,1,60,60,1,0,0,0,0,0,1
"2021-08-01","松茂町議会議員補欠選挙","松茂町","徳島県",1,0,1,3,60,60,1,0,1,0,0,0,1
"2021-08-01","松茂町長選挙","松茂町","徳島県",0,1,0,1,64,64,1,0,0,0,0,0,1
"2021-08-01","田野畑村長選挙","田野畑村","岩手県",0,1,0,3,60,60,1,0,1,0,0,0,1
"2021-08-01","美波町議会議員補欠選挙","美波町","徳島県",1,0,1,1,62,62,1,0,0,0,0,0,1
"2021-08-01","美波町長選挙","美波町","徳島県",0,1,0,1,65,65,1,0,0,1,0,0,1
"2021-08-08","与那国町議会議員補欠選挙","与那国町","沖縄県",1,0,1,2,31,31,1,0,1,0,0,0,1
"2021-08-08","与那国町長選挙","与那国町","沖縄県",0,1,0,3,67,67,1,0,1,1,0,0,1
"2021-08-08","仁淀川町長選挙","仁淀川町","高知県",0,1,0,2,57,57,1,0,1,0,0,0,1
"2021-08-08","印南町議会議員選挙","印南町","和歌山県",1,0,0,16,64,48,12,0,0.25,0.416666666666667,0,0.0833333333333333,0.916666666666667
"2021-08-08","富士見町長選挙","富士見町","長野県",0,1,0,2,70,70,1,0,0,1,0,0,1
"2021-08-08","東栄町長選挙","東栄町","愛知県",0,1,0,2,63,63,1,0,0,0,0,0,1
"2021-08-08","板野町長選挙","板野町","徳島県",0,1,0,1,70,70,1,0,0,1,0,0,1
"2021-08-08","楢葉町議会議員選挙","楢葉町","福島県",1,0,0,12,64,40,11,0,0.181818181818182,0.454545454545455,0,0,1
"2021-08-08","香春町議会議員補欠選挙","香春町","福岡県",1,0,1,1,67,67,1,0,0,1,0,0,1
"2021-08-08","香春町長選挙","香春町","福岡県",0,1,0,2,66,66,1,0,1,1,0,0,1
"2021-08-22","大和村長選挙","大和村","鹿児島県",0,1,0,1,60,60,1,0,0,0,0,0,1
"2021-08-22","安芸市議会議員補欠選挙","安芸市","高知県",1,0,1,3,41,41,0,1,1,0,0,0,1
"2021-08-22","安芸市長選挙","安芸市","高知県",0,1,0,1,65,65,1,0,0,1,0,0,1
"2021-08-22","根室市議会議員選挙","根室市","北海道",1,0,0,18,60,26,NA,NA,0.1875,0.25,0.125,0.125,0.5625
"2021-08-22","横浜市長選挙","横浜市","神奈川県",0,1,0,8,48,48,1,0,1,0,0,0,1
"2021-08-22","白川町議会議員選挙","白川町","岐阜県",1,0,0,10,64,45,8,1,0.444444444444444,0.444444444444444,0,0,1
"2021-08-22","白川町長選挙","白川町","岐阜県",0,1,0,2,68,68,1,0,1,1,0,0,1
"2021-08-28","本別町長選挙","本別町","北海道",0,1,0,3,62,62,1,0,1,0,0,0,1
"2021-08-29","伊平屋村議会議員補欠選挙","伊平屋村","沖縄県",1,0,1,1,37,37,1,0,1,0,0,0,1
"2021-08-29","伊平屋村長選挙","伊平屋村","沖縄県",0,1,0,2,59,59,1,0,1,0,0,0,1
"2021-08-29","八代市議会議員選挙","八代市","熊本県",1,0,0,32,61.5,31,27,1,0.178571428571429,0.392857142857143,0.535714285714286,0.0357142857142857,0.392857142857143
"2021-08-29","八代市長選挙","八代市","熊本県",0,1,0,2,62,62,1,0,0,0,0,0,1
"2021-08-29","占冠村長選挙","占冠村","北海道",0,1,0,1,65,65,1,0,0,1,0,0,1
"2021-08-29","和木町長選挙","和木町","山口県",0,1,0,1,60,60,1,0,0,0,0,0,1
"2021-08-29","大郷町長選挙","大郷町","宮城県",0,1,0,1,75,75,1,0,0,1,0,0,1
"2021-08-29","宇和島市議会議員選挙","宇和島市","愛媛県",1,0,0,27,60,41,20,4,0.0833333333333333,0.25,0.583333333333333,0.0416666666666667,0.375
"2021-08-29","宇和島市長選挙","宇和島市","愛媛県",0,1,0,1,51,51,1,0,0,0,0,0,1
"2021-08-29","池田市長選挙","池田市","大阪府",0,1,0,4,40,40,0,1,1,0,0,0,0
"2021-08-29","渋川市議会議員補欠選挙","渋川市","群馬県",1,0,1,2,65,65,1,0,1,1,0,0,1
"2021-08-29","渋川市長選挙","渋川市","群馬県",0,1,0,2,69,69,1,0,0,1,0,0,1
"2021-08-29","高浜市議会議員補欠選挙","高浜市","愛知県",1,0,1,1,51,51,1,0,1,0,0,0,1
"2021-08-29","高浜市長選挙","高浜市","愛知県",0,1,0,1,65,65,1,0,0,1,0,0,1
"2021-09-05","いわき市長選挙","いわき市","福島県",0,1,0,4,49,49,1,0,1,0,0,0,1
"2021-09-05","せたな町長選挙","せたな町","北海道",0,1,0,1,70,70,1,0,0,1,0,0,1
"2021-09-05","八潮市議会議員選挙","八潮市","埼玉県",1,0,0,29,58,31,13,8,0.333333333333333,0.19047619047619,0.285714285714286,0.142857142857143,0.476190476190476
"2021-09-05","八潮市長選挙","八潮市","埼玉県",0,1,0,2,64,64,1,0,0,0,0,0,1
"2021-09-05","多久市議会議員補欠選挙","多久市","佐賀県",1,0,1,1,41,41,1,0,1,0,0,0,1
"2021-09-05","多久市長選挙","多久市","佐賀県",0,1,0,3,65,65,1,0,0,1,0,0,1
"2021-09-05","大洲市議会議員選挙","大洲市","愛媛県",1,0,0,22,64,25,19,2,0.0476190476190476,0.428571428571429,0.523809523809524,0.0476190476190476,0.428571428571429
"2021-09-05","大野城市議会議員補欠選挙","大野城市","福岡県",1,0,1,2,43,43,0,1,1,0,0,0,1
"2021-09-05","大野城市長選挙","大野城市","福岡県",0,1,0,2,69,69,1,0,0,1,0,0,1
"2021-09-05","小笠原村長選挙","小笠原村","東京都",0,1,0,2,64,64,1,0,1,0,0,0,1
"2021-09-05","山添村議会議員選挙","山添村","奈良県",1,0,0,11,65.5,45,8,2,0.6,0.7,0,0.1,0.9
"2021-09-05","山添村長選挙","山添村","奈良県",0,1,0,3,63,63,1,0,1,0,0,0,1
"2021-09-05","村山市議会議員補欠選挙","村山市","山形県",1,0,1,1,32,32,1,0,1,0,0,0,1
"2021-09-05","村山市長選挙","村山市","山形県",0,1,0,2,70,70,1,0,0,1,0,0,1
"2021-09-05","東海村長選挙","東海村","茨城県",0,1,0,2,60,60,1,0,0,0,0,0,1
"2021-09-05","松田町長選挙","松田町","神奈川県",0,1,0,2,51,51,1,0,0,0,0,0,1
"2021-09-05","羽咋市議会議員選挙","羽咋市","石川県",1,0,0,15,64.5,39,13,1,0.357142857142857,0.5,0.142857142857143,0,0.857142857142857
"2021-09-05","行方市長選挙","行方市","茨城県",0,1,0,2,49,49,1,0,0,0,0,0,1
"2021-09-05","青ヶ島村議会議員選挙","青ヶ島村","東京都",1,0,0,7,57,27,6,0,0.5,0.166666666666667,0,0,1
"2021-09-05","青ヶ島村長選挙","青ヶ島村","東京都",0,1,0,2,72,72,1,0,1,1,0,0,1
"2021-09-07","高千穂町議会議員選挙","高千穂町","宮崎県",1,0,0,14,66,42,10,3,0.0769230769230769,0.615384615384615,0.0769230769230769,0,0.923076923076923
"2021-09-12","えびの市議会議員選挙","えびの市","宮崎県",1,0,0,16,67,43,11,3,0.285714285714286,0.642857142857143,0.0714285714285714,0.0714285714285714,0.785714285714286
"2021-09-12","えびの市長選挙","えびの市","宮崎県",0,1,0,2,58,58,1,0,0,0,0,0,1
"2021-09-12","久山町議会議員選挙","久山町","福岡県",1,0,0,11,70,54,10,0,0.3,0.6,0,0.1,0.9
"2021-09-12","佐呂間町議会議員選挙","佐呂間町","北海道",1,0,0,10,68.5,50,8,2,0.2,0.8,0,0.1,0.9
"2021-09-12","城陽市長選挙","城陽市","京都府",0,1,0,2,76,76,1,0,0,1,1,0,0
"2021-09-12","士別市議会議員補欠選挙","士別市","北海道",1,0,1,2,54,46,1,1,1,0,0,0,0.5
"2021-09-12","士別市長選挙","士別市","北海道",0,1,0,2,48,48,1,0,1,0,0,0,1
"2021-09-12","岐南町議会議員選挙","岐南町","岐阜県",1,0,0,10,59.5,37,8,2,0.2,0.2,0.1,0,0.9
"2021-09-12","広川町長選挙","広川町","和歌山県",0,1,0,1,70,70,1,0,0,1,0,0,1
"2021-09-12","御代田町議会議員選挙","御代田町","長野県",1,0,0,16,63,28,NA,NA,0.5,0.428571428571429,0.0714285714285714,0.0714285714285714,0.857142857142857
"2021-09-12","志賀町長選挙","志賀町","石川県",0,1,0,1,55,55,1,0,0,0,0,0,1
"2021-09-12","早川町議会議員選挙","早川町","山梨県",1,0,0,9,69,62,8,0,0.25,0.875,0,0,1
"2021-09-12","柏原市議会議員選挙","柏原市","大阪府",1,0,0,21,56,41,11,5,0.125,0.0625,0.375,0.125,0.1875
"2021-09-12","田原本町議会議員選挙","田原本町","奈良県",1,0,0,16,65,38,14,0,0.357142857142857,0.5,0.285714285714286,0.142857142857143,0.571428571428571
"2021-09-12","箱根町議会議員選挙","箱根町","神奈川県",1,0,0,15,67,49,11,3,0.214285714285714,0.571428571428571,0.0714285714285714,0.142857142857143,0.785714285714286
"2021-09-12","紀美野町長選挙","紀美野町","和歌山県",0,1,0,1,65,65,1,0,1,1,0,0,1
"2021-09-12","羽曳野市議会議員選挙","羽曳野市","大阪府",1,0,0,20,56.5,38,12,6,0.166666666666667,0.222222222222222,0.333333333333333,0.166666666666667,0.222222222222222
"2021-09-12","長泉町議会議員選挙","長泉町","静岡県",1,0,0,20,62,34,NA,NA,0.25,0.25,0.0625,0.0625,0.875
"2021-09-12","長泉町長選挙","長泉町","静岡県",0,1,0,1,64,64,1,0,0,0,0,0,1
"2021-09-12","麻績村議会議員選挙","麻績村","長野県",1,0,0,8,66,63,8,0,0.375,0.75,0,0.125,0.875
"2021-09-19","上板町長選挙","上板町","徳島県",0,1,0,2,73,73,1,0,0,1,0,0,1
"2021-09-19","屋久島町議会議員選挙","屋久島町","鹿児島県",1,0,0,20,63,34,14,2,0.1875,0.375,0,0.0625,0.9375
"2021-09-19","岬町議会議員補欠選挙","岬町","大阪府",1,0,1,2,40,40,1,0,1,0,0,0,1
"2021-09-19","岬町長選挙","岬町","大阪府",0,1,0,3,77,77,1,0,0,1,0,0,1
"2021-09-19","摂津市議会議員選挙","摂津市","大阪府",1,0,0,24,51,34,16,3,0.105263157894737,0.105263157894737,0.368421052631579,0.210526315789474,0.157894736842105
"2021-09-19","本巣市議会議員選挙","本巣市","岐阜県",1,0,0,18,60,35,13,3,0.3125,0.375,0.125,0,0.875
"2021-09-19","海津市議会議員選挙","海津市","岐阜県",1,0,0,17,60,44,12,3,0.266666666666667,0.266666666666667,0.0666666666666667,0.0666666666666667,0.8
"2021-09-19","積丹町議会議員選挙","積丹町","北海道",1,0,0,13,70,61,8,1,0.333333333333333,0.888888888888889,0,0,1
"2021-09-19","総社市議会議員選挙","総社市","岡山県",1,0,0,24,59,37,20,2,0.272727272727273,0.318181818181818,0.0909090909090909,0.0454545454545455,0.863636363636364
"2021-09-19","美郷町議会議員選挙","美郷町","秋田県",1,0,0,17,68.5,53,14,2,0.125,0.625,0.0625,0.0625,0.875
"2021-09-19","胎内市議会議員補欠選挙","胎内市","新潟県",1,0,1,1,50,50,1,0,1,0,0,0,1
"2021-09-19","胎内市長選挙","胎内市","新潟県",0,1,0,1,60,60,1,0,0,0,0,0,1
"2021-09-19","阪南市議会議員選挙","阪南市","大阪府",1,0,0,19,55.5,45,11,3,0.214285714285714,0.285714285714286,0.214285714285714,0,0.5
"2021-09-26","ニセコ町長選挙","ニセコ町","北海道",0,1,0,1,68,68,1,0,0,1,0,0,1
"2021-09-26","下郷町長選挙","下郷町","福島県",0,1,0,2,74,74,1,0,0,1,0,0,1
"2021-09-26","串間市議会議員補欠選挙","串間市","宮崎県",1,0,1,3,42,42,1,0,1,0,0,0,1
"2021-09-26","串間市長選挙","串間市","宮崎県",0,1,0,1,75,75,1,0,0,1,0,0,1
"2021-09-26","八幡平市長選挙","八幡平市","岩手県",0,1,0,3,59,59,1,0,1,0,0,0,1
"2021-09-26","大仙市議会議員選挙","大仙市","秋田県",1,0,0,28,67,39,21,3,0.208333333333333,0.666666666666667,0.0833333333333333,0.0416666666666667,0.875
"2021-09-26","富士河口湖町議会議員選挙","富士河口湖町","山梨県",1,0,0,17,66,43,15,1,0.125,0.5625,0.0625,0.0625,0.875
"2021-09-26","山梨市議会議員補欠選挙","山梨市","山梨県",1,0,1,1,67,67,1,0,1,1,0,0,1
"2021-09-26","山梨市長選挙","山梨市","山梨県",0,1,0,2,71,71,1,0,0,1,0,0,1
"2021-09-26","島牧村議会議員選挙","島牧村","北海道",1,0,0,10,65.5,59,8,0,0.125,0.625,0,0,1
"2021-09-26","旭川市議会議員補欠選挙","旭川市","北海道",1,0,1,4,38,36,3,0,1,0,0.333333333333333,0,0.333333333333333
"2021-09-26","旭川市長選挙","旭川市","北海道",0,1,0,2,44,44,1,0,1,0,1,0,0
"2021-09-26","様似町議会議員補欠選挙","様似町","北海道",1,0,1,1,57,57,0,1,1,0,0,0,1
"2021-09-26","様似町長選挙","様似町","北海道",0,1,0,3,65,65,1,0,1,1,0,0,1
"2021-09-26","横浜市議会議員補欠選挙（磯子区選挙区）","横浜市","神奈川県",1,0,1,4,39,39,0,1,1,0,0,0,1
"2021-09-26","玄海町議会議員選挙","玄海町","佐賀県",1,0,0,9,66,46,9,0,0.222222222222222,0.666666666666667,0,0,1
"2021-09-26","真鶴町議会議員選挙","真鶴町","神奈川県",1,0,0,14,62.5,31,8,2,0.2,0.4,0.1,0.1,0.8
"2021-09-26","知多市議会議員補欠選挙","知多市","愛知県",1,0,1,2,69,69,1,0,1,1,0,0,1
"2021-09-26","知多市長選挙","知多市","愛知県",0,1,0,2,73,73,1,0,0,1,0,0,1
"2021-09-26","豊能町議会議員選挙","豊能町","大阪府",1,0,0,14,66,38,6,6,0.25,0.583333333333333,0.25,0.0833333333333333,0.333333333333333
"2021-09-26","長洲町議会議員選挙","長洲町","熊本県",1,0,0,17,71,48,11,3,0.214285714285714,0.785714285714286,0,0.0714285714285714,0.928571428571429
"2021-09-26","飯舘村議会議員選挙","飯舘村","福島県",1,0,0,13,61.5,39,10,0,0.4,0.4,0,0.1,0.9
"2021-09-26","高山村議会議員選挙","高山村","長野県",1,0,0,15,68.5,42,11,1,0.416666666666667,0.666666666666667,0,0.166666666666667,0.833333333333333
"2021-10-03","一関市議会議員選挙","一関市","岩手県",1,0,0,27,65,45,21,5,0.269230769230769,0.5,0.0769230769230769,0.153846153846154,0.769230769230769
"2021-10-03","一関市長選挙","一関市","岩手県",0,1,0,1,63,63,1,0,1,0,0,0,1
"2021-10-03","上市町議会議員選挙","上市町","富山県",1,0,0,15,62.5,31,10,2,0.5,0.25,0.25,0.0833333333333333,0.583333333333333
"2021-10-03","上市町長選挙","上市町","富山県",0,1,0,1,71,71,1,0,0,1,0,0,1
"2021-10-03","今別町長選挙","今別町","青森県",0,1,0,2,66,66,1,0,0,1,0,0,1
"2021-10-03","倉吉市議会議員選挙","倉吉市","鳥取県",1,0,0,18,66.5,30,13,3,0.1875,0.5625,0.1875,0.0625,0.6875
"2021-10-03","加賀市議会議員選挙","加賀市","石川県",1,0,0,21,60.5,41,17,1,0.222222222222222,0.444444444444444,0.611111111111111,0.0555555555555556,0.333333333333333
"2021-10-03","加賀市長選挙","加賀市","石川県",0,1,0,1,64,64,1,0,0,0,0,0,1
"2021-10-03","北栄町議会議員選挙","北栄町","鳥取県",1,0,0,16,65,44,13,2,0.333333333333333,0.533333333333333,0.0666666666666667,0.0666666666666667,0.8
"2021-10-03","北栄町長選挙","北栄町","鳥取県",0,1,0,2,58,58,1,0,1,0,0,0,1
"2021-10-03","宮代町議会議員補欠選挙","宮代町","埼玉県",1,0,1,3,72,72,1,0,1,1,0,0,1
"2021-10-03","宮代町長選挙","宮代町","埼玉県",0,1,0,2,64,64,1,0,0,0,0,0,1
"2021-10-03","山陽小野田市議会議員選挙","山陽小野田市","山口県",1,0,0,23,64.5,39,19,3,0.136363636363636,0.5,0.0909090909090909,0.0909090909090909,0.818181818181818
"2021-10-03","岡山市議会議員補欠選挙（中区選挙区）","岡山市","岡山県",1,0,1,3,55,55,1,0,1,0,1,0,0
"2021-10-03","岡山市長選挙","岡山市","岡山県",0,1,0,2,67,67,1,0,0,1,0,0,1
"2021-10-03","川根本町議会議員選挙","川根本町","静岡県",1,0,0,12,68.5,35,10,2,0.333333333333333,0.833333333333333,0,0.0833333333333333,0.916666666666667
"2021-10-03","川根本町長選挙","川根本町","静岡県",0,1,0,3,62,62,1,0,1,0,0,0,1
"2021-10-03","御殿場市長選挙","御殿場市","静岡県",0,1,0,2,66,66,1,0,1,1,0,0,1
"2021-10-03","杵築市長選挙","杵築市","大分県",0,1,0,2,67,67,1,0,0,1,0,0,1
"2021-10-03","武蔵野市議会議員補欠選挙","武蔵野市","東京都",1,0,1,2,48,47,2,0,1,0,0,0,1
"2021-10-03","武蔵野市長選挙","武蔵野市","東京都",0,1,0,3,51,51,0,1,0,0,0,0,1
"2021-10-03","江田島市議会議員選挙","江田島市","広島県",1,0,0,21,58,33,14,2,0.375,0.375,0.0625,0,0.9375
"2021-10-03","渡名喜村長選挙","渡名喜村","沖縄県",0,1,0,2,65,65,1,0,1,1,0,0,1
"2021-10-03","玉村町議会議員選挙","玉村町","群馬県",1,0,0,14,68,49,10,3,0.230769230769231,0.538461538461538,0.0769230769230769,0.0769230769230769,0.846153846153846
"2021-10-03","遠軽町議会議員選挙","遠軽町","北海道",1,0,0,17,64,37,13,3,0.25,0.5,0.0625,0.0625,0.875
"2021-10-03","遠軽町長選挙","遠軽町","北海道",0,1,0,1,63,63,1,0,0,0,0,0,1
"2021-10-03","長岡京市議会議員選挙","長岡京市","京都府",1,0,0,26,57,32,15,7,0.181818181818182,0.227272727272727,0.181818181818182,0.272727272727273,0.454545454545455
"2021-10-03","高原町長選挙","高原町","宮崎県",0,1,0,2,67,67,1,0,0,1,0,0,1
"2021-10-10","仙北市議会議員補欠選挙","仙北市","秋田県",1,0,1,2,51.5,31,2,0,0.5,0.5,0,0,1
"2021-10-10","仙北市長選挙","仙北市","秋田県",0,1,0,3,51,51,1,0,1,0,0,0,1
"2021-10-10","佐川町議会議員選挙","佐川町","高知県",1,0,0,18,70,31,12,2,0.285714285714286,0.642857142857143,0.0714285714285714,0.0714285714285714,0.785714285714286
"2021-10-10","佐川町長選挙","佐川町","高知県",0,1,0,2,57,57,1,0,1,0,0,0,1
"2021-10-10","小鹿野町議会議員選挙","小鹿野町","埼玉県",1,0,0,12,64.5,43,12,0,0.166666666666667,0.5,0,0.0833333333333333,0.916666666666667
"2021-10-10","小鹿野町長選挙","小鹿野町","埼玉県",0,1,0,2,64,64,1,0,0,0,0,0,1
"2021-10-10","王滝村議会議員選挙","王滝村","長野県",1,0,0,6,66,37,6,0,0.166666666666667,0.5,0,0,1
"2021-10-10","能美市議会議員選挙","能美市","石川県",1,0,0,18,63,40,14,2,0.25,0.4375,0.0625,0.0625,0.875
"2021-10-10","鶴岡市議会議員選挙","鶴岡市","山形県",1,0,0,31,57.5,31,24,4,0.178571428571429,0.285714285714286,0.107142857142857,0.142857142857143,0.714285714285714
"2021-10-10","鶴岡市長選挙","鶴岡市","山形県",0,1,0,2,47,47,1,0,0,0,0,0,1
"2021-10-17","伊仙町長選挙","伊仙町","鹿児島県",0,1,0,2,67,67,1,0,0,1,0,0,1
"2021-10-17","佐賀市議会議員選挙","佐賀市","佐賀県",1,0,0,44,60.5,35,NA,NA,0.166666666666667,0.333333333333333,0.388888888888889,0,0.527777777777778
"2021-10-17","佐賀市長選挙","佐賀市","佐賀県",0,1,0,6,41,41,1,0,1,0,0,0,1
"2021-10-17","入善町議会議員選挙","入善町","富山県",1,0,0,14,66,43,14,0,0,0.642857142857143,0.428571428571429,0.142857142857143,0.428571428571429
"2021-10-17","八雲町議会議員選挙","八雲町","北海道",1,0,0,14,60.5,51,11,3,0.0714285714285714,0.214285714285714,0.0714285714285714,0.142857142857143,0.785714285714286
"2021-10-17","八雲町長選挙","八雲町","北海道",0,1,0,1,64,64,1,0,0,0,0,0,1
"2021-10-17","南魚沼市議会議員選挙","南魚沼市","新潟県",1,0,0,23,64.5,38,20,2,0.0909090909090909,0.5,0.0454545454545455,0.0909090909090909,0.863636363636364
"2021-10-17","大田市長選挙","大田市","島根県",0,1,0,1,66,66,1,0,0,1,0,0,1
"2021-10-17","安曇野市議会議員選挙","安曇野市","長野県",1,0,0,28,66.5,33,NA,NA,0.318181818181818,0.681818181818182,0.0454545454545455,0.136363636363636,0.818181818181818
"2021-10-17","安曇野市長選挙","安曇野市","長野県",0,1,0,3,65,65,1,0,1,1,0,0,1
"2021-10-17","平戸市議会議員選挙","平戸市","長崎県",1,0,0,20,61,43,17,1,0.333333333333333,0.333333333333333,0.0555555555555556,0,0.944444444444444
"2021-10-17","平戸市長選挙","平戸市","長崎県",0,1,0,2,61,61,1,0,0,0,0,0,1
"2021-10-17","志摩市議会議員選挙","志摩市","三重県",1,0,0,24,60.5,42,NA,NA,0.166666666666667,0.277777777777778,0.111111111111111,0.0555555555555556,0.833333333333333
"2021-10-17","斑鳩町長選挙","斑鳩町","奈良県",0,1,0,2,69,69,1,0,0,1,0,0,1
"2021-10-17","東峰村議会議員補欠選挙","東峰村","福岡県",1,0,1,3,68.5,67,1,1,1,1,0,0,1
"2021-10-17","東峰村長選挙","東峰村","福岡県",0,1,0,3,58,58,1,0,1,0,0,0,1
"2021-10-17","東近江市議会議員選挙","東近江市","滋賀県",1,0,0,27,60,42,22,3,0.08,0.28,0.12,0.12,0.76
"2021-10-17","桜川市議会議員補欠選挙","桜川市","茨城県",1,0,1,2,59.5,45,2,0,1,0.5,0,0,1
"2021-10-17","桜川市長選挙","桜川市","茨城県",0,1,0,3,60,60,1,0,0,0,0,0,1
"2021-10-17","横手市議会議員選挙","横手市","秋田県",1,0,0,27,65,29,NA,NA,0.230769230769231,0.538461538461538,0.0769230769230769,0.0769230769230769,0.846153846153846
"2021-10-17","横手市長選挙","横手市","秋田県",0,1,0,3,45,45,1,0,0,0,0,0,1
"2021-10-17","横浜市議会議員補欠選挙（金沢区選挙区）","横浜市","神奈川県",1,0,1,2,46,46,1,0,1,0,0,0,0
"2021-10-17","氷川町議会議員選挙","氷川町","熊本県",1,0,0,14,72.5,42,12,0,0.0833333333333333,0.833333333333333,0,0,1
"2021-10-17","氷川町長選挙","氷川町","熊本県",0,1,0,1,62,62,1,0,0,0,0,0,1
"2021-10-17","泉崎村議会議員補欠選挙","泉崎村","福島県",1,0,1,1,63,63,1,0,1,0,0,0,1
"2021-10-17","泉崎村長選挙","泉崎村","福島県",0,1,0,2,67,67,1,0,1,1,0,0,1
"2021-10-17","浜田市議会議員選挙","浜田市","島根県",1,0,0,28,64,41,NA,NA,0.136363636363636,0.409090909090909,0.0909090909090909,0,0.909090909090909
"2021-10-17","浜田市長選挙","浜田市","島根県",0,1,0,2,70,70,1,0,0,1,0,0,1
"2021-10-17","湖南市議会議員選挙","湖南市","滋賀県",1,0,0,21,59.5,34,NA,NA,0.222222222222222,0.333333333333333,0.222222222222222,0.111111111111111,0.611111111111111
"2021-10-17","玉野市長選挙","玉野市","岡山県",0,1,0,2,60,60,1,0,1,0,0,0,1
"2021-10-17","由利本荘市議会議員選挙","由利本荘市","秋田県",1,0,0,26,62,31,NA,NA,0.227272727272727,0.363636363636364,0.0454545454545455,0.0454545454545455,0.818181818181818
"2021-10-17","由布市議会議員選挙","由布市","大分県",1,0,0,18,66.5,42,16,2,0.111111111111111,0.5,0.0555555555555556,0.0555555555555556,0.888888888888889
"2021-10-17","由布市長選挙","由布市","大分県",0,1,0,1,66,66,1,0,0,1,0,0,1
"2021-10-17","甲賀市議会議員選挙","甲賀市","滋賀県",1,0,0,26,60.5,26,20,4,0.375,0.291666666666667,0.125,0.125,0.75
"2021-10-17","米原市議会議員選挙","米原市","滋賀県",1,0,0,22,68,38,16,0,0.125,0.5625,0.0625,0.125,0.8125
"2021-10-17","葛城市議会議員選挙","葛城市","奈良県",1,0,0,15,61,43,13,2,0.266666666666667,0.266666666666667,0.0666666666666667,0.0666666666666667,0.8
"2021-10-17","設楽町議会議員補欠選挙","設楽町","愛知県",1,0,1,2,60,49,1,1,1,0.5,0,0,1
"2021-10-17","設楽町長選挙","設楽町","愛知県",0,1,0,4,61,61,1,0,1,0,0,0,1
"2021-10-17","越前市長選挙","越前市","福井県",0,1,0,3,63,63,1,0,1,0,0,0,1
"2021-10-17","遠野市長選挙","遠野市","岩手県",0,1,0,2,63,63,1,0,1,0,0,0,1
"2021-10-17","野洲市議会議員選挙","野洲市","滋賀県",1,0,0,23,62.5,37,14,4,0.444444444444444,0.333333333333333,0.166666666666667,0.0555555555555556,0.722222222222222
"2021-10-17","鎌倉市長選挙","鎌倉市","神奈川県",0,1,0,3,48,48,1,0,0,0,0,0,1
"2021-10-17","飯綱町議会議員選挙","飯綱町","長野県",1,0,0,15,69,46,12,3,0.2,0.666666666666667,0.0666666666666667,0.133333333333333,0.8
"2021-10-17","飯綱町長選挙","飯綱町","長野県",0,1,0,1,72,72,1,0,0,1,0,0,1
"2021-10-17","鶴ヶ島市長選挙","鶴ヶ島市","埼玉県",0,1,0,1,71,71,1,0,0,1,0,0,1
"2021-10-24","七尾市議会議員選挙","七尾市","石川県",1,0,0,24,64,43,14,4,0.388888888888889,0.444444444444444,0.222222222222222,0,0.777777777777778
"2021-10-24","南三陸町議会議員選挙","南三陸町","宮城県",1,0,0,14,67,42,NA,NA,0.230769230769231,0.692307692307692,0,0,1
"2021-10-24","南三陸町長選挙","南三陸町","宮城県",0,1,0,2,69,69,1,0,0,1,0,0,1
"2021-10-24","南伊勢町長選挙","南伊勢町","三重県",0,1,0,1,61,61,1,0,1,0,0,0,1
"2021-10-24","吉賀町議会議員選挙","吉賀町","島根県",1,0,0,12,70,50,NA,NA,0.0833333333333333,0.75,0,0.0833333333333333,0.916666666666667
"2021-10-24","吉賀町長選挙","吉賀町","島根県",0,1,0,1,61,61,1,0,0,0,0,0,1
"2021-10-24","大口町議会議員補欠選挙","大口町","愛知県",1,0,1,1,70,70,NA,NA,1,1,0,0,1
"2021-10-24","大口町長選挙","大口町","愛知県",0,1,0,1,67,67,1,0,0,1,0,0,1
"2021-10-24","天理市議会議員補欠選挙","天理市","奈良県",1,0,1,2,47,47,NA,NA,1,0,0,0,1
"2021-10-24","天理市長選挙","天理市","奈良県",0,1,0,1,42,42,1,0,0,0,0,0,1
"2021-10-24","安来市議会議員選挙","安来市","島根県",1,0,0,20,61.5,48,NA,NA,0.222222222222222,0.333333333333333,0.0555555555555556,0.0555555555555556,0.888888888888889
"2021-10-24","宮古島市議会議員選挙","宮古島市","沖縄県",1,0,0,38,55,39,NA,NA,0.375,0.208333333333333,0.208333333333333,0.0416666666666667,0.75
"2021-10-24","富士宮市議会議員補欠選挙","富士宮市","静岡県",1,0,1,10,48,32,NA,NA,0.8,0.4,0,0,1
"2021-10-24","山口市長選挙","山口市","山口県",0,1,0,2,63,63,1,0,1,0,1,0,0
"2021-10-24","山都町議会議員選挙","山都町","熊本県",1,0,0,16,63.5,52,NA,NA,0.142857142857143,0.428571428571429,0,0,1
"2021-10-24","新宮市議会議員補欠選挙","新宮市","和歌山県",1,0,1,3,67,67,NA,NA,0,1,0,0,1
"2021-10-24","新宮市長選挙","新宮市","和歌山県",0,1,0,3,60,60,1,0,0,0,0,0,1
"2021-10-24","春日部市長選挙","春日部市","埼玉県",0,1,0,4,55,55,1,0,1,0,0,0,1
"2021-10-24","朝来市議会議員選挙","朝来市","兵庫県",1,0,0,22,62,38,NA,NA,0.277777777777778,0.444444444444444,0.0555555555555556,0,0.944444444444444
"2021-10-24","津和野町長選挙","津和野町","島根県",0,1,0,2,56,56,1,0,0,0,0,0,1
"2021-10-24","湧別町議会議員選挙","湧別町","北海道",1,0,0,13,69,65,NA,NA,0.181818181818182,1,0,0,1
"2021-10-24","湧別町長選挙","湧別町","北海道",0,1,0,2,63,63,1,0,1,0,0,0,1
"2021-10-24","湯沢市議会議員選挙","湯沢市","秋田県",1,0,0,20,60,31,NA,NA,0.166666666666667,0.277777777777778,0.0555555555555556,0.0555555555555556,0.888888888888889
"2021-10-24","熊野市長選挙","熊野市","三重県",0,1,0,1,65,65,1,0,0,1,0,0,1
"2021-10-24","片品村長選挙","片品村","群馬県",0,1,0,1,59,59,1,0,0,0,0,0,1
"2021-10-24","牧之原市議会議員選挙","牧之原市","静岡県",1,0,0,20,64,26,NA,NA,0.5,0.4375,0.0625,0,0.9375
"2021-10-24","牧之原市長選挙","牧之原市","静岡県",0,1,0,1,64,64,1,0,0,0,0,0,1
"2021-10-24","玉名市議会議員選挙","玉名市","熊本県",1,0,0,27,58.5,39,NA,NA,0.318181818181818,0.272727272727273,0.0454545454545455,0.0454545454545455,0.909090909090909
"2021-10-24","玉名市長選挙","玉名市","熊本県",0,1,0,2,56,56,1,0,0,0,0,0,1
"2021-10-24","豊岡市議会議員選挙","豊岡市","兵庫県",1,0,0,26,56.5,26,NA,NA,0.375,0.375,0.0833333333333333,0.125,0.791666666666667
"2021-10-24","身延町議会議員選挙","身延町","山梨県",1,0,0,16,67,45,NA,NA,0.357142857142857,0.785714285714286,0,0.0714285714285714,0.928571428571429
"2021-10-24","那珂川町長選挙","那珂川町","栃木県",0,1,0,1,71,71,1,0,0,1,1,0,0
"2021-10-24","那賀町議会議員選挙","那賀町","徳島県",1,0,0,14,67.5,39,NA,NA,0.214285714285714,0.571428571428571,0,0.0714285714285714,0.857142857142857
"2021-10-24","那須烏山市長選挙","那須烏山市","栃木県",0,1,0,1,61,61,0,1,0,0,0,0,1
"2021-10-24","阿武町議会議員選挙","阿武町","山口県",1,0,0,10,54,35,NA,NA,0.5,0.375,0,0.125,0.875
"2021-10-26","寿都町議会議員補欠選挙","寿都町","北海道",1,0,1,2,31,31,1,0,1,0,0,0,1
"2021-10-26","寿都町長選挙","寿都町","北海道",0,1,0,2,72,72,1,0,0,1,0,0,1
"2021-10-31","いちき串木野市議会議員選挙","いちき串木野市","鹿児島県",1,0,0,17,69.5,46,NA,NA,0.1875,0.75,0.125,0.125,0.75
"2021-10-31","いちき串木野市長選挙","いちき串木野市","鹿児島県",0,1,0,1,66,66,1,0,1,1,0,0,1
"2021-10-31","たつの市長選挙","たつの市","兵庫県",0,1,0,2,69,69,1,0,0,1,0,0,1
"2021-10-31","にかほ市長選挙","にかほ市","秋田県",0,1,0,2,54,54,1,0,0,0,0,0,1
"2021-10-31","ふじみ野市議会議員補欠選挙","ふじみ野市","埼玉県",1,0,1,3,52,52,1,0,1,0,0,0,1
"2021-10-31","ふじみ野市長選挙","ふじみ野市","埼玉県",0,1,0,2,60,60,1,0,0,0,0,0,1
"2021-10-31","三朝町議会議員選挙","三朝町","鳥取県",1,0,0,13,65,58,NA,NA,0.333333333333333,0.583333333333333,0,0,0.916666666666667
"2021-10-31","三朝町長選挙","三朝町","鳥取県",0,1,0,1,63,63,1,0,0,0,0,0,1
"2021-10-31","上毛町長選挙","上毛町","福岡県",0,1,0,1,57,57,1,0,0,0,0,0,1
"2021-10-31","上越市議会議員補欠選挙","上越市","新潟県",1,0,1,3,42,42,1,0,1,0,0,0,1
"2021-10-31","上越市長選挙","上越市","新潟県",0,1,0,2,46,46,1,0,1,0,0,0,1
"2021-10-31","伊勢市議会議員選挙","伊勢市","三重県",1,0,0,25,61,38,NA,NA,0.125,0.375,0.125,0.0833333333333333,0.791666666666667
"2021-10-31","伊勢市長選挙","伊勢市","三重県",0,1,0,1,45,45,1,0,0,0,0,0,1
"2021-10-31","会津美里町議会議員選挙","会津美里町","福島県",1,0,0,19,63.5,27,NA,NA,0.375,0.4375,0.0625,0,0.9375
"2021-10-31","佐用町長選挙","佐用町","兵庫県",0,1,0,1,72,72,1,0,0,1,0,0,1
"2021-10-31","八戸市長選挙","八戸市","青森県",0,1,0,3,59,59,1,0,1,0,0,0,1
"2021-10-31","利尻富士町議会議員選挙","利尻富士町","北海道",1,0,0,10,65,27,NA,NA,0.444444444444444,0.555555555555556,0,0,1
"2021-10-31","利尻富士町長選挙","利尻富士町","北海道",0,1,0,1,67,67,1,0,0,1,0,0,1
"2021-10-31","南あわじ市議会議員選挙","南あわじ市","兵庫県",1,0,0,19,67,37,NA,NA,0.222222222222222,0.666666666666667,0.0555555555555556,0.111111111111111,0.833333333333333
"2021-10-31","多可町議会議員選挙","多可町","兵庫県",1,0,0,15,69.5,44,NA,NA,0.214285714285714,0.785714285714286,0.0714285714285714,0.0714285714285714,0.857142857142857
"2021-10-31","多可町長選挙","多可町","兵庫県",0,1,0,1,65,65,1,0,0,1,0,0,1
"2021-10-31","大阪市議会議員補欠選挙（東淀川区選挙区）","大阪市","大阪府",1,0,1,2,39,39,1,0,1,0,0,0,0
"2021-10-31","川崎市議会議員補欠選挙（幸区選挙区）","川崎市","神奈川県",1,0,1,2,34,34,1,0,1,0,1,0,0
"2021-10-31","川崎市長選挙","川崎市","神奈川県",0,1,0,3,49,49,1,0,0,0,0,0,1
"2021-10-31","市川三郷町議会議員補欠選挙","市川三郷町","山梨県",1,0,1,2,67,66,NA,NA,1,1,0,0,1
"2021-10-31","市川三郷町長選挙","市川三郷町","山梨県",0,1,0,1,59,59,1,0,1,0,0,0,1
"2021-10-31","新城市議会議員選挙","新城市","愛知県",1,0,0,21,59,31,NA,NA,0.166666666666667,0.333333333333333,0.0555555555555556,0.0555555555555556,0.888888888888889
"2021-10-31","新城市長選挙","新城市","愛知県",0,1,0,2,56,56,1,0,1,0,0,0,1
"2021-10-31","新温泉町議会議員選挙","新温泉町","兵庫県",1,0,0,20,63,32,NA,NA,0.25,0.375,0.0625,0.0625,0.875
"2021-10-31","新温泉町長選挙","新温泉町","兵庫県",0,1,0,2,72,72,1,0,0,1,0,0,1
"2021-10-31","曽於市議会議員選挙","曽於市","鹿児島県",1,0,0,24,67.5,29,NA,NA,0.25,0.65,0,0.05,0.95
"2021-10-31","柏市長選挙","柏市","千葉県",0,1,0,4,42,42,0,1,1,0,0,0,1
"2021-10-31","水巻町議会議員補欠選挙","水巻町","福岡県",1,0,1,2,51,51,NA,NA,1,0,0,0,1
"2021-10-31","水巻町長選挙","水巻町","福岡県",0,1,0,2,66,66,1,0,0,1,1,0,0
"2021-10-31","熊谷市議会議員補欠選挙","熊谷市","埼玉県",1,0,1,2,62,62,1,0,1,0,0,0,1
"2021-10-31","熊谷市長選挙","熊谷市","埼玉県",0,1,0,2,62,62,1,0,1,0,0,0,1
"2021-10-31","神戸市長選挙","神戸市","兵庫県",0,1,0,5,67,67,1,0,0,1,1,0,0
"2021-10-31","筑北村議会議員選挙","筑北村","長野県",1,0,0,14,67,46,NA,NA,0.583333333333333,0.666666666666667,0.0833333333333333,0,0.916666666666667
"2021-10-31","筑北村長選挙","筑北村","長野県",0,1,0,2,61,61,1,0,1,0,0,0,1
"2021-10-31","紀北町長選挙","紀北町","三重県",0,1,0,2,67,67,1,0,0,1,0,0,1
"2021-10-31","苅田町長選挙","苅田町","福岡県",0,1,0,1,70,70,1,0,0,1,0,0,1
"2021-10-31","蓬田村長選挙","蓬田村","青森県",0,1,0,1,71,71,1,0,0,1,0,0,1
"2021-10-31","西脇市議会議員選挙","西脇市","兵庫県",1,0,0,17,64,51,NA,NA,0.4375,0.5,0.0625,0.0625,0.875
"2021-10-31","西脇市長選挙","西脇市","兵庫県",0,1,0,1,60,60,1,0,0,0,0,0,1
"2021-10-31","越谷市議会議員補欠選挙","越谷市","埼玉県",1,0,1,7,44,37,2,2,0.75,0.25,0.25,0.25,0
"2021-10-31","越谷市長選挙","越谷市","埼玉県",0,1,0,4,46,46,1,0,1,0,0,0,1
"2021-10-31","辰野町議会議員補欠選挙","辰野町","長野県",1,0,1,5,60.5,53,1,1,1,0.5,0,0,1
"2021-10-31","辰野町長選挙","辰野町","長野県",0,1,0,1,63,63,1,0,0,0,0,0,1
"2021-10-31","酒田市議会議員選挙","酒田市","山形県",1,0,0,30,62,34,NA,NA,0.12,0.28,0.08,0.08,0.84
"2021-10-31","鉾田市長選挙","鉾田市","茨城県",0,1,0,3,65,65,1,0,0,1,0,0,1
"2021-10-31","長和町議会議員選挙","長和町","長野県",1,0,0,11,63,49,NA,NA,0.3,0.4,0,0.1,0.9
"2021-10-31","長和町長選挙","長和町","長野県",0,1,0,2,75,75,1,0,0,1,0,0,1
"2021-10-31","長野市長選挙","長野市","長野県",0,1,0,5,51,51,1,0,1,0,0,0,1
"2021-10-31","雲仙市議会議員選挙","雲仙市","長崎県",1,0,0,20,65,51,19,0,0,0.526315789473684,0.0526315789473684,0.105263157894737,0.842105263157895
"2021-10-31","高岡市議会議員選挙","高岡市","富山県",1,0,0,29,54,26,NA,NA,0.296296296296296,0.148148148148148,0.296296296296296,0.037037037037037,0.592592592592593
"2021-10-31","龍郷町長選挙","龍郷町","鹿児島県",0,1,0,1,69,69,1,0,0,1,0,0,1
"2021-11-07","市貝町長選挙","市貝町","栃木県",0,1,0,1,61,61,1,0,0,0,0,0,1
"2021-11-07","神栖市長選挙","神栖市","茨城県",0,1,0,2,63,63,1,0,0,0,0,0,1
"2021-11-07","葛飾区議会議員選挙","葛飾区","東京都",1,0,0,60,51,30,NA,NA,0.35,0.1,0.5,0.1,0.25
"2021-11-07","葛飾区長選挙","葛飾区","東京都",0,1,0,2,72,72,1,0,0,1,0,0,1
"2021-11-14","いなべ市議会議員選挙","いなべ市","三重県",1,0,0,19,63.5,36,13,5,0.277777777777778,0.444444444444444,0.0555555555555556,0.111111111111111,0.833333333333333
"2021-11-14","一戸町議会議員選挙","一戸町","岩手県",1,0,0,17,69.5,50,12,2,0.214285714285714,0.714285714285714,0,0,1
"2021-11-14","一戸町長選挙","一戸町","岩手県",0,1,0,2,69,69,1,0,1,1,0,0,1
"2021-11-14","三島村長選挙","三島村","鹿児島県",0,1,0,2,63,63,1,0,0,0,0,0,1
"2021-11-14","京丹波町議会議員選挙","京丹波町","京都府",1,0,0,18,67,46,11,2,0.384615384615385,0.692307692307692,0.153846153846154,0.153846153846154,0.692307692307692
"2021-11-14","京丹波町長選挙","京丹波町","京都府",0,1,0,2,72,72,1,0,1,1,0,0,1
"2021-11-14","利島村長選挙","利島村","東京都",0,1,0,2,41,41,1,0,1,0,0,0,1
"2021-11-14","南さつま市議会議員選挙","南さつま市","鹿児島県",1,0,0,20,62,39,NA,NA,0.411764705882353,0.352941176470588,0,0.117647058823529,0.882352941176471
"2021-11-14","南さつま市長選挙","南さつま市","鹿児島県",0,1,0,1,66,66,1,0,0,1,0,0,1
"2021-11-14","呉市長選挙","呉市","広島県",0,1,0,2,71,71,1,0,0,1,0,0,1
"2021-11-14","奄美市議会議員補欠選挙","奄美市","鹿児島県",1,0,1,2,46,45,NA,NA,1,0,0,0,1
"2021-11-14","奄美市長選挙","奄美市","鹿児島県",0,1,0,2,42,42,1,0,1,0,0,0,1
"2021-11-14","妹背牛町長選挙","妹背牛町","北海道",0,1,0,1,64,64,1,0,0,0,0,0,1
"2021-11-14","射水市議会議員選挙","射水市","富山県",1,0,0,23,64,35,22,0,0.363636363636364,0.409090909090909,0.272727272727273,0.0454545454545455,0.636363636363636
"2021-11-14","射水市長選挙","射水市","富山県",0,1,0,1,49,49,1,0,0,0,0,0,1
"2021-11-14","岩美町議会議員補欠選挙","岩美町","鳥取県",1,0,1,2,59,59,1,0,0,0,1,0,0
"2021-11-14","岩美町長選挙","岩美町","鳥取県",0,1,0,2,62,62,1,0,1,0,0,0,1
"2021-11-14","恵庭市長選挙","恵庭市","北海道",0,1,0,1,69,69,1,0,0,1,0,0,1
"2021-11-14","日之影町議会議員補欠選挙","日之影町","宮崎県",1,0,1,2,72,72,0,1,0,1,0,0,1
"2021-11-14","日之影町長選挙","日之影町","宮崎県",0,1,0,2,65,65,1,0,0,1,0,0,1
"2021-11-14","木曽町議会議員選挙","木曽町","長野県",1,0,0,13,65.5,53,9,3,0.166666666666667,0.583333333333333,0.0833333333333333,0.166666666666667,0.75
"2021-11-14","木曽町長選挙","木曽町","長野県",0,1,0,1,70,70,1,0,0,1,0,0,1
"2021-11-14","河津町長選挙","河津町","静岡県",0,1,0,1,71,71,1,0,0,1,0,0,1
"2021-11-14","滑川市議会議員選挙","滑川市","富山県",1,0,0,18,60,39,14,1,0.333333333333333,0.466666666666667,0.533333333333333,0.0666666666666667,0.333333333333333
"2021-11-14","甲州市議会議員選挙","甲州市","山梨県",1,0,0,20,57,41,13,4,0.235294117647059,0.294117647058824,0.0588235294117647,0.0588235294117647,0.882352941176471
"2021-11-14","筑後市長選挙","筑後市","福岡県",0,1,0,2,64,64,1,0,0,0,0,0,1
"2021-11-14","糸満市議会議員選挙","糸満市","沖縄県",1,0,0,31,59,25,19,2,0.333333333333333,0.19047619047619,0.0952380952380952,0.0952380952380952,0.80952380952381
"2021-11-14","西和賀町長選挙","西和賀町","岩手県",0,1,0,2,60,60,1,0,1,0,0,0,1
"2021-11-14","観音寺市議会議員選挙","観音寺市","香川県",1,0,0,23,59.5,41,NA,NA,0.15,0.25,0.65,0.05,0.25
"2021-11-14","観音寺市長選挙","観音寺市","香川県",0,1,0,2,61,61,1,0,1,0,0,0,1
"2021-11-14","都留市長選挙","都留市","山梨県",0,1,0,2,72,72,1,0,0,1,0,0,1
"2021-11-14","阿南市議会議員選挙","阿南市","徳島県",1,0,0,29,64,36,20,6,0.115384615384615,0.461538461538462,0.0769230769230769,0,0.923076923076923
"2021-11-14","霧島市議会議員選挙","霧島市","鹿児島県",1,0,0,37,57,26,22,4,0.346153846153846,0.307692307692308,0.115384615384615,0.0769230769230769,0.807692307692308
"2021-11-14","霧島市長選挙","霧島市","鹿児島県",0,1,0,4,44,44,1,0,0,0,0,0,1
"2021-11-21","みよし市長選挙","みよし市","愛知県",0,1,0,1,43,43,1,0,1,0,0,0,1
"2021-11-21","五條市議会議員選挙","五條市","奈良県",1,0,0,16,65,37,10,2,0.166666666666667,0.5,0.25,0.0833333333333333,0.666666666666667
"2021-11-21","北谷町議会議員補欠選挙","北谷町","沖縄県",1,0,1,2,41,30,2,0,1,0,0,0,1
"2021-11-21","北谷町長選挙","北谷町","沖縄県",0,1,0,3,42,42,1,0,1,0,0,1,0
"2021-11-21","広野町長選挙","広野町","福島県",0,1,0,1,60,60,1,0,0,0,0,0,1
"2021-11-21","御浜町議会議員選挙","御浜町","三重県",1,0,0,10,64.5,47,9,1,0.2,0.5,0,0.1,0.9
"2021-11-21","猿払村長選挙","猿払村","北海道",0,1,0,1,61,61,1,0,0,0,0,0,1
"2021-11-21","産山村長選挙","産山村","熊本県",0,1,0,1,72,72,1,0,0,1,0,0,1
"2021-11-21","真室川町長選挙","真室川町","山形県",0,1,0,1,65,65,1,0,0,1,0,0,1
"2021-11-21","神河町長選挙","神河町","兵庫県",0,1,0,3,62,62,1,0,0,0,0,0,1
"2021-11-21","福島市長選挙","福島市","福島県",0,1,0,2,61,61,1,0,0,0,0,0,1
"2021-11-21","芝山町議会議員補欠選挙","芝山町","千葉県",1,0,1,3,61,61,2,0,1,0,0,0,1
"2021-11-21","芝山町長選挙","芝山町","千葉県",0,1,0,3,53,53,1,0,1,0,0,0,1
"2021-11-21","藍住町長選挙","藍住町","徳島県",0,1,0,2,56,56,1,0,0,0,0,0,1
"2021-11-21","鳥栖市議会議員選挙","鳥栖市","佐賀県",1,0,0,31,56.5,36,17,5,0.227272727272727,0.363636363636364,0.227272727272727,0.0909090909090909,0.545454545454545
"2021-11-21","鳴門市議会議員選挙","鳴門市","徳島県",1,0,0,27,66,41,20,2,0.227272727272727,0.545454545454545,0.0909090909090909,0.0454545454545455,0.863636363636364
"2021-11-21","鳴門市長選挙","鳴門市","徳島県",0,1,0,1,59,59,1,0,0,0,0,0,1
"2021-11-28","上尾市議会議員補欠選挙","上尾市","埼玉県",1,0,1,2,36,36,1,0,1,0,1,0,0
"2021-11-28","上尾市長選挙","上尾市","埼玉県",0,1,0,2,72,72,1,0,0,1,0,0,1
"2021-11-28","二本松市長選挙","二本松市","福島県",0,1,0,1,72,72,1,0,0,1,0,0,1
"2021-11-28","剣淵町議会議員選挙","剣淵町","北海道",1,0,0,9,60,35,8,1,0.444444444444444,0.222222222222222,0,0,1
"2021-11-28","剣淵町長選挙","剣淵町","北海道",0,1,0,2,68,68,1,0,0,1,0,0,1
"2021-11-28","本山町長選挙","本山町","高知県",0,1,0,3,62,62,1,0,1,0,0,0,1
"2021-11-28","松崎町議会議員補欠選挙","松崎町","静岡県",1,0,1,3,68,68,1,0,0,1,0,0,1
"2021-11-28","松崎町長選挙","松崎町","静岡県",0,1,0,2,54,54,1,0,1,0,0,0,1
"2021-11-28","湯沢町議会議員補欠選挙","湯沢町","新潟県",1,0,1,1,38,38,1,0,1,0,0,0,1
"2021-11-28","湯沢町長選挙","湯沢町","新潟県",0,1,0,2,70,70,1,0,0,1,0,0,1
"2021-11-28","酒々井町長選挙","酒々井町","千葉県",0,1,0,1,73,73,1,0,0,1,0,0,1
"2021-11-28","錦江町長選挙","錦江町","鹿児島県",0,1,0,2,56,56,1,0,1,0,0,0,1
"2021-12-05","いすみ市長選挙","いすみ市","千葉県",0,1,0,2,73,73,1,0,0,1,0,0,1
"2021-12-05","名古屋市議会議員補欠選挙（東区選挙区）","名古屋市","愛知県",1,0,1,4,58,58,0,1,1,0,1,0,0
"2021-12-05","大崎町長選挙","大崎町","鹿児島県",0,1,0,1,77,77,1,0,0,1,0,0,1
"2021-12-05","松島町議会議員選挙","松島町","宮城県",1,0,0,18,66,43,12,2,0.285714285714286,0.642857142857143,0.0714285714285714,0.0714285714285714,0.857142857142857
"2021-12-05","柳井市議会議員選挙","柳井市","山口県",1,0,0,18,66.5,38,14,2,0.25,0.625,0.0625,0.0625,0.875
"2021-12-05","梼原町長選挙","梼原町","高知県",0,1,0,2,61,61,1,0,0,0,0,0,1
"2021-12-05","浦河町長選挙","浦河町","北海道",0,1,0,1,70,70,1,0,0,1,0,0,1
"2021-12-05","知名町長選挙","知名町","鹿児島県",0,1,0,1,64,64,1,0,0,0,0,0,1
"2021-12-05","紀の川市議会議員選挙","紀の川市","和歌山県",1,0,0,21,67.5,37,16,4,0.15,0.65,0.15,0.15,0.7
"2021-12-05","紀の川市長選挙","紀の川市","和歌山県",0,1,0,2,79,79,1,0,0,1,0,0,1
"2021-12-05","鰺ヶ沢町長選挙","鰺ヶ沢町","青森県",0,1,0,1,62,62,1,0,0,0,0,0,1
"2021-12-12","太宰府市議会議員選挙","太宰府市","福岡県",1,0,0,25,58.5,45,14,4,0.166666666666667,0.222222222222222,0.111111111111111,0.0555555555555556,0.833333333333333
"2021-12-12","太宰府市長選挙","太宰府市","福岡県",0,1,0,1,46,46,1,0,0,0,0,0,1
"2021-12-12","見附市議会議員補欠選挙","見附市","新潟県",1,0,1,4,36,28,2,0,0.5,0,0,0,1
"2021-12-12","見附市長選挙","見附市","新潟県",0,1,0,2,50,50,1,0,1,0,0,0,1
"2021-12-19","三原村長選挙","三原村","高知県",0,1,0,2,73,73,1,0,0,1,0,0,1
"2021-12-19","富士市長選挙","富士市","静岡県",0,1,0,1,66,66,1,0,0,1,0,0,1
"2021-12-19","旭市議会議員選挙","旭市","千葉県",1,0,0,24,63,32,16,4,0.25,0.4,0.1,0.05,0.85
"2021-12-19","比布町長選挙","比布町","北海道",0,1,0,1,51,51,1,0,0,0,0,0,1
"2021-12-19","相馬市長選挙","相馬市","福島県",0,1,0,1,70,70,1,0,0,1,0,0,1
"2021-12-19","真鶴町長選挙","真鶴町","神奈川県",0,1,0,4,55,55,1,0,0,0,0,0,1
"2021-12-19","竹原市議会議員補欠選挙","竹原市","広島県",1,0,1,1,63,63,1,0,1,0,0,0,1
"2021-12-19","竹原市長選挙","竹原市","広島県",0,1,0,4,61,61,1,0,0,0,0,0,1
"2021-12-19","関川村長選挙","関川村","新潟県",0,1,0,1,66,66,1,0,0,1,0,0,1
"2021-12-19","階上町議会議員補欠選挙","階上町","青森県",1,0,1,4,53,46,2,0,1,0,0,0,1
"2021-12-19","階上町長選挙","階上町","青森県",0,1,0,4,51,51,1,0,1,0,0,0,1
"2021-12-19","麻績村長選挙","麻績村","長野県",0,1,0,2,69,69,1,0,1,1,0,0,1
"2021-12-19","龍ケ崎市長選挙","龍ケ崎市","茨城県",0,1,0,3,46,46,1,0,1,0,0,0,1
"2021-12-26","土庄町議会議員補欠選挙","土庄町","香川県",1,0,1,4,57,42,3,0,1,0.333333333333333,0,0,1
"2021-12-26","土庄町長選挙","土庄町","香川県",0,1,0,5,50,50,1,0,1,0,0,0,1
"2021-12-26","東久留米市長選挙","東久留米市","東京都",0,1,0,3,44,44,1,0,1,0,1,0,0
